command-line param: epsin=11
command-line param: r1=0.18
command-line param: r2=0.18
init-params: initializing eigensolver data
Computing 40 bands with 1.000000e-07 tolerance.
Working in 3 dimensions.
Grid size is 32 x 32 x 32.
Solving for 10 bands at a time.
Creating Maxwell data...
Mesh size is 3.
Lattice vectors:
     (1, 0, 0)
     (0, 1, 0)
     (0, 0, 1)
Cell volume = 1
Reciprocal lattice vectors (/ 2 pi):
     (1, -0, 0)
     (-0, 1, -0)
     (0, -0, 1)
Geometric objects:
     cylinder, center = (0.25,0.25,0.25)
          radius 0.18, height 0.866025, axis (0.57735, 0.57735, 0.57735)
          epsilon = 11, mu = 1
     cylinder, center = (-0.25,-0.25,0.25)
          radius 0.18, height 0.866025, axis (-0.57735, -0.57735, 0.57735)
          epsilon = 11, mu = 1
     cylinder, center = (0.25,-0.25,-0.25)
          radius 0.18, height 0.866025, axis (0.57735, -0.57735, -0.57735)
          epsilon = 11, mu = 1
     cylinder, center = (-0.25,0.25,-0.25)
          radius 0.18, height 0.866025, axis (-0.57735, 0.57735, -0.57735)
          epsilon = 11, mu = 1
Geometric object tree has depth 4 and 63 object nodes (vs. 4 actual objects)
Initializing epsilon function...
Allocating fields...
708 k-points:
     (0,0,0)
     (0.0049505,0,0)
     (0.00990099,0,0)
     (0.0148515,0,0)
     (0.019802,0,0)
     (0.0247525,0,0)
     (0.029703,0,0)
     (0.0346535,0,0)
     (0.039604,0,0)
     (0.0445545,0,0)
     (0.049505,0,0)
     (0.0544554,0,0)
     (0.0594059,0,0)
     (0.0643564,0,0)
     (0.0693069,0,0)
     (0.0742574,0,0)
     (0.0792079,0,0)
     (0.0841584,0,0)
     (0.0891089,0,0)
     (0.0940594,0,0)
     (0.0990099,0,0)
     (0.10396,0,0)
     (0.108911,0,0)
     (0.113861,0,0)
     (0.118812,0,0)
     (0.123762,0,0)
     (0.128713,0,0)
     (0.133663,0,0)
     (0.138614,0,0)
     (0.143564,0,0)
     (0.148515,0,0)
     (0.153465,0,0)
     (0.158416,0,0)
     (0.163366,0,0)
     (0.168317,0,0)
     (0.173267,0,0)
     (0.178218,0,0)
     (0.183168,0,0)
     (0.188119,0,0)
     (0.193069,0,0)
     (0.19802,0,0)
     (0.20297,0,0)
     (0.207921,0,0)
     (0.212871,0,0)
     (0.217822,0,0)
     (0.222772,0,0)
     (0.227723,0,0)
     (0.232673,0,0)
     (0.237624,0,0)
     (0.242574,0,0)
     (0.247525,0,0)
     (0.252475,0,0)
     (0.257426,0,0)
     (0.262376,0,0)
     (0.267327,0,0)
     (0.272277,0,0)
     (0.277228,0,0)
     (0.282178,0,0)
     (0.287129,0,0)
     (0.292079,0,0)
     (0.29703,0,0)
     (0.30198,0,0)
     (0.306931,0,0)
     (0.311881,0,0)
     (0.316832,0,0)
     (0.321782,0,0)
     (0.326733,0,0)
     (0.331683,0,0)
     (0.336634,0,0)
     (0.341584,0,0)
     (0.346535,0,0)
     (0.351485,0,0)
     (0.356436,0,0)
     (0.361386,0,0)
     (0.366337,0,0)
     (0.371287,0,0)
     (0.376238,0,0)
     (0.381188,0,0)
     (0.386139,0,0)
     (0.391089,0,0)
     (0.39604,0,0)
     (0.40099,0,0)
     (0.405941,0,0)
     (0.410891,0,0)
     (0.415842,0,0)
     (0.420792,0,0)
     (0.425743,0,0)
     (0.430693,0,0)
     (0.435644,0,0)
     (0.440594,0,0)
     (0.445545,0,0)
     (0.450495,0,0)
     (0.455446,0,0)
     (0.460396,0,0)
     (0.465347,0,0)
     (0.470297,0,0)
     (0.475248,0,0)
     (0.480198,0,0)
     (0.485149,0,0)
     (0.490099,0,0)
     ... and 608 additional k-points (listing truncated)
Solving for band polarization: .
Initializing fields to random numbers...
elapsed time for initialization: 1 seconds.
epsilon: 1-11, mean 3.95571, harm. mean 1.42351, 38.1165% > 1, 29.5571% "fill"
Outputting lattice-epsilon...
solve_kpoint (0,0,0):
freqs:, k index, k1, k2, k3, kmag/2pi, band 1, band 2, band 3, band 4, band 5, band 6, band 7, band 8, band 9, band 10, band 11, band 12, band 13, band 14, band 15, band 16, band 17, band 18, band 19, band 20, band 21, band 22, band 23, band 24, band 25, band 26, band 27, band 28, band 29, band 30, band 31, band 32, band 33, band 34, band 35, band 36, band 37, band 38, band 39, band 40
Solving for bands 3 to 12...
Finished solving for bands 3 to 12 after 22 iterations.
Solving for bands 13 to 22...
    iteration   26: trace = 4.046105581333765 (0.00154859% change)
Finished solving for bands 13 to 22 after 40 iterations.
Solving for bands 23 to 32...
    iteration   25: trace = 5.098317177688458 (0.00575249% change)
    iteration   50: trace = 5.092101189344412 (0.000316132% change)
Finished solving for bands 23 to 32 after 70 iterations.
Solving for bands 33 to 40...
    iteration   24: trace = 4.910521789797904 (0.0145566% change)
    iteration   49: trace = 4.901437255692842 (0.000216599% change)
Finished solving for bands 33 to 40 after 63 iterations.
Finished k-point with 45.6 mean iterations/band.
freqs:, 1, 0, 0, 0, 0, 0, 0, 0.519189, 0.519225, 0.51924, 0.534554, 0.534557, 0.534614, 0.550877, 0.550879, 0.550903, 0.586664, 0.58667, 0.586695, 0.629541, 0.629599, 0.6296, 0.648126, 0.648238, 0.665356, 0.665378, 0.665428, 0.677287, 0.677368, 0.712655, 0.712706, 0.712709, 0.715616, 0.729971, 0.730002, 0.730004, 0.734774, 0.734762, 0.734789, 0.779524, 0.779581, 0.805561, 0.805592, 0.805597, 0.811983
elapsed time for k point: 31 seconds.
solve_kpoint (0.0049505,0,0):
Solving for bands 1 to 10...
Finished solving for bands 1 to 10 after 10 iterations.
Solving for bands 11 to 20...
Finished solving for bands 11 to 20 after 11 iterations.
Solving for bands 21 to 30...
Finished solving for bands 21 to 30 after 14 iterations.
Solving for bands 31 to 40...
Finished solving for bands 31 to 40 after 17 iterations.
Finished k-point with 13 mean iterations/band.
freqs:, 2, 0.0049505, 0, 0, 0.0049505, 0.00304297, 0.00304302, 0.519186, 0.519212, 0.519224, 0.534467, 0.534469, 0.534617, 0.550948, 0.550949, 0.550913, 0.586651, 0.586689, 0.586707, 0.629543, 0.629611, 0.629612, 0.648127, 0.648217, 0.665355, 0.665377, 0.665445, 0.677288, 0.677366, 0.712655, 0.712707, 0.71271, 0.715596, 0.729987, 0.729999, 0.73, 0.734775, 0.734777, 0.734792, 0.779516, 0.779579, 0.805551, 0.805556, 0.805576, 0.811994
elapsed time for k point: 9 seconds.
solve_kpoint (0.00990099,0,0):
Solving for bands 1 to 10...
Finished solving for bands 1 to 10 after 10 iterations.
Solving for bands 11 to 20...
Finished solving for bands 11 to 20 after 11 iterations.
Solving for bands 21 to 30...
Finished solving for bands 21 to 30 after 15 iterations.
Solving for bands 31 to 40...
    iteration   24: trace = 5.973833200371546 (0.000169494% change)
Finished solving for bands 31 to 40 after 43 iterations.
Finished k-point with 19.75 mean iterations/band.
freqs:, 3, 0.00990099, 0, 0, 0.00990099, 0.00608576, 0.0060858, 0.519144, 0.519165, 0.519217, 0.534209, 0.534212, 0.534628, 0.551152, 0.551155, 0.550928, 0.586645, 0.586717, 0.586737, 0.629549, 0.629647, 0.629649, 0.64813, 0.648155, 0.665353, 0.665372, 0.665495, 0.677292, 0.677358, 0.712653, 0.712711, 0.712714, 0.715535, 0.729986, 0.730037, 0.729988, 0.734755, 0.734821, 0.734824, 0.779492, 0.779571, 0.805432, 0.805437, 0.805616, 0.811847
elapsed time for k point: 13 seconds.
solve_kpoint (0.0148515,0,0):
Solving for bands 1 to 10...
    iteration   30: trace = 2.272325339380052 (0.000354898% change)
    iteration   60: trace = 2.272250845411903 (5.88823e-05% change)
Finished solving for bands 1 to 10 after 80 iterations.
Solving for bands 11 to 20...
Finished solving for bands 11 to 20 after 13 iterations.
Solving for bands 21 to 30...
Finished solving for bands 21 to 30 after 15 iterations.
Solving for bands 31 to 40...
Finished solving for bands 31 to 40 after 17 iterations.
Finished k-point with 31.25 mean iterations/band.
freqs:, 4, 0.0148515, 0, 0, 0.0148515, 0.00912791, 0.00912817, 0.519055, 0.519074, 0.519234, 0.533799, 0.533801, 0.534645, 0.550947, 0.551483, 0.551484, 0.586627, 0.586768, 0.58679, 0.629559, 0.629708, 0.629709, 0.648052, 0.648135, 0.665348, 0.665362, 0.665579, 0.677298, 0.677346, 0.71265, 0.712718, 0.712721, 0.715435, 0.729966, 0.730118, 0.729969, 0.734695, 0.734897, 0.7349, 0.779454, 0.779557, 0.805241, 0.805245, 0.805683, 0.811647
elapsed time for k point: 19 seconds.
solve_kpoint (0.019802,0,0):
Solving for bands 1 to 10...
Finished solving for bands 1 to 10 after 11 iterations.
Solving for bands 11 to 20...
Finished solving for bands 11 to 20 after 12 iterations.
Solving for bands 21 to 30...
Finished solving for bands 21 to 30 after 15 iterations.
Solving for bands 31 to 40...
Finished solving for bands 31 to 40 after 16 iterations.
Finished k-point with 13.5 mean iterations/band.
freqs:, 5, 0.019802, 0, 0, 0.019802, 0.0121701, 0.0121705, 0.518922, 0.518941, 0.519261, 0.533258, 0.533261, 0.53467, 0.55098, 0.551914, 0.551915, 0.586599, 0.586842, 0.586864, 0.629572, 0.629793, 0.629794, 0.647911, 0.648142, 0.66534, 0.665348, 0.665697, 0.677307, 0.677328, 0.712647, 0.712727, 0.71273, 0.715296, 0.72994, 0.730229, 0.729943, 0.734612, 0.735002, 0.735004, 0.7794, 0.779539, 0.804987, 0.804992, 0.805776, 0.811373
elapsed time for k point: 9 seconds.
solve_kpoint (0.0247525,0,0):
Solving for bands 1 to 10...
Finished solving for bands 1 to 10 after 11 iterations.
Solving for bands 11 to 20...
    iteration   26: trace = 3.810478118090568 (8.55826e-06% change)
Finished solving for bands 11 to 20 after 26 iterations.
Solving for bands 21 to 30...
Finished solving for bands 21 to 30 after 15 iterations.
Solving for bands 31 to 40...
Finished solving for bands 31 to 40 after 16 iterations.
Finished k-point with 17 mean iterations/band.
freqs:, 6, 0.0247525, 0, 0, 0.0247525, 0.0152118, 0.0152122, 0.518743, 0.518761, 0.519296, 0.532614, 0.532617, 0.534701, 0.551023, 0.552426, 0.552427, 0.586563, 0.586938, 0.58696, 0.629589, 0.629902, 0.629903, 0.647734, 0.648151, 0.665306, 0.665329, 0.665871, 0.677305, 0.677319, 0.712642, 0.712737, 0.71274, 0.715121, 0.729908, 0.730368, 0.729913, 0.734505, 0.735134, 0.735137, 0.779331, 0.779515, 0.804682, 0.804686, 0.805896, 0.811031
elapsed time for k point: 11 seconds.
solve_kpoint (0.029703,0,0):
Solving for bands 1 to 10...
Finished solving for bands 1 to 10 after 11 iterations.
Solving for bands 11 to 20...
Finished solving for bands 11 to 20 after 11 iterations.
Solving for bands 21 to 30...
Finished solving for bands 21 to 30 after 16 iterations.
Solving for bands 31 to 40...
Finished solving for bands 31 to 40 after 15 iterations.
Finished k-point with 13.25 mean iterations/band.
freqs:, 7, 0.029703, 0, 0, 0.029703, 0.0182529, 0.0182534, 0.518511, 0.518527, 0.51934, 0.531895, 0.531898, 0.53474, 0.551074, 0.552998, 0.553, 0.586518, 0.587054, 0.587076, 0.62961, 0.630035, 0.630036, 0.647521, 0.648162, 0.665283, 0.665306, 0.66606, 0.677278, 0.677333, 0.712636, 0.71275, 0.712753, 0.714913, 0.729873, 0.730532, 0.729881, 0.734375, 0.735294, 0.735296, 0.779249, 0.779485, 0.804335, 0.804339, 0.80604, 0.810628
elapsed time for k point: 9 seconds.
solve_kpoint (0.0346535,0,0):
Solving for bands 1 to 10...
Finished solving for bands 1 to 10 after 11 iterations.
Solving for bands 11 to 20...
Finished solving for bands 11 to 20 after 11 iterations.
Solving for bands 21 to 30...
    iteration   25: trace = 4.905211182397188 (0.000336696% change)
    iteration   51: trace = 4.904415169313115 (0.000509365% change)
    iteration   76: trace = 4.904035938351948 (0.000587376% change)
Finished solving for bands 21 to 30 after 88 iterations.
Solving for bands 31 to 40...
Finished solving for bands 31 to 40 after 19 iterations.
Finished k-point with 32.25 mean iterations/band.
freqs:, 8, 0.0346535, 0, 0, 0.0346535, 0.0212934, 0.021294, 0.518217, 0.518233, 0.519391, 0.531127, 0.531131, 0.534786, 0.551134, 0.553612, 0.553615, 0.586464, 0.587192, 0.587213, 0.629635, 0.630191, 0.630193, 0.647275, 0.648176, 0.665257, 0.665279, 0.666278, 0.677245, 0.677349, 0.712629, 0.712763, 0.712766, 0.714673, 0.729835, 0.729842, 0.730723, 0.734221, 0.735479, 0.735481, 0.779154, 0.779451, 0.803953, 0.803957, 0.80621, 0.810171
elapsed time for k point: 21 seconds.
solve_kpoint (0.039604,0,0):
Solving for bands 1 to 10...
Finished solving for bands 1 to 10 after 10 iterations.
Solving for bands 11 to 20...
Finished solving for bands 11 to 20 after 11 iterations.
Solving for bands 21 to 30...
Finished solving for bands 21 to 30 after 13 iterations.
Solving for bands 31 to 40...
Finished solving for bands 31 to 40 after 15 iterations.
Finished k-point with 12.25 mean iterations/band.
freqs:, 9, 0.039604, 0, 0, 0.039604, 0.0243331, 0.0243338, 0.517852, 0.517866, 0.51945, 0.530335, 0.53034, 0.534839, 0.551203, 0.554253, 0.554258, 0.586403, 0.587349, 0.58737, 0.629664, 0.630371, 0.630373, 0.646999, 0.648191, 0.665228, 0.66525, 0.666522, 0.677207, 0.677368, 0.712622, 0.712777, 0.712779, 0.714404, 0.729797, 0.729803, 0.730934, 0.734044, 0.735688, 0.735691, 0.779047, 0.779411, 0.803544, 0.803547, 0.806403, 0.809666
elapsed time for k point: 8 seconds.
solve_kpoint (0.0445545,0,0):
Solving for bands 1 to 10...
Finished solving for bands 1 to 10 after 10 iterations.
Solving for bands 11 to 20...
Finished solving for bands 11 to 20 after 11 iterations.
Solving for bands 21 to 30...
Finished solving for bands 21 to 30 after 13 iterations.
Solving for bands 31 to 40...
Finished solving for bands 31 to 40 after 15 iterations.
Finished k-point with 12.25 mean iterations/band.
freqs:, 10, 0.0445545, 0, 0, 0.0445545, 0.0273719, 0.0273727, 0.517404, 0.517416, 0.519517, 0.529545, 0.529551, 0.534898, 0.551282, 0.554908, 0.554915, 0.586333, 0.587526, 0.587547, 0.629697, 0.630574, 0.630576, 0.646695, 0.648208, 0.665196, 0.665217, 0.66679, 0.677164, 0.677389, 0.712613, 0.71279, 0.712793, 0.71411, 0.729759, 0.729764, 0.731164, 0.733845, 0.735922, 0.735924, 0.778929, 0.779366, 0.803112, 0.803115, 0.806619, 0.80912
elapsed time for k point: 8 seconds.
solve_kpoint (0.049505,0,0):
Solving for bands 1 to 10...
Finished solving for bands 1 to 10 after 10 iterations.
Solving for bands 11 to 20...
Finished solving for bands 11 to 20 after 11 iterations.
Solving for bands 21 to 30...
Finished solving for bands 21 to 30 after 13 iterations.
Solving for bands 31 to 40...
Finished solving for bands 31 to 40 after 14 iterations.
Finished k-point with 12 mean iterations/band.
freqs:, 11, 0.049505, 0, 0, 0.049505, 0.0304097, 0.0304106, 0.516861, 0.516871, 0.519592, 0.528778, 0.528785, 0.534965, 0.55137, 0.555569, 0.555577, 0.586254, 0.587722, 0.587743, 0.629733, 0.630799, 0.630801, 0.646366, 0.648227, 0.665161, 0.665182, 0.66708, 0.677115, 0.677413, 0.712603, 0.712803, 0.712806, 0.713791, 0.729722, 0.729725, 0.731409, 0.733623, 0.736178, 0.73618, 0.778801, 0.779316, 0.802661, 0.802664, 0.806857, 0.808539
elapsed time for k point: 8 seconds.
solve_kpoint (0.0544554,0,0):
Solving for bands 1 to 10...
Finished solving for bands 1 to 10 after 10 iterations.
Solving for bands 11 to 20...
Finished solving for bands 11 to 20 after 11 iterations.
Solving for bands 21 to 30...
Finished solving for bands 21 to 30 after 13 iterations.
Solving for bands 31 to 40...
Finished solving for bands 31 to 40 after 13 iterations.
Finished k-point with 11.75 mean iterations/band.
freqs:, 12, 0.0544554, 0, 0, 0.0544554, 0.0334465, 0.0334474, 0.516213, 0.516221, 0.519675, 0.528053, 0.528062, 0.535039, 0.551467, 0.556228, 0.556236, 0.586168, 0.587937, 0.587957, 0.629774, 0.631047, 0.631049, 0.646013, 0.648248, 0.665124, 0.665145, 0.667389, 0.677061, 0.67744, 0.712592, 0.712814, 0.712817, 0.71345, 0.729687, 0.72969, 0.731667, 0.733378, 0.736456, 0.736458, 0.778664, 0.779261, 0.802195, 0.802198, 0.807116, 0.80793
elapsed time for k point: 8 seconds.
solve_kpoint (0.0594059,0,0):
Solving for bands 1 to 10...
Finished solving for bands 1 to 10 after 10 iterations.
Solving for bands 11 to 20...
Finished solving for bands 11 to 20 after 10 iterations.
Solving for bands 21 to 30...
Finished solving for bands 21 to 30 after 12 iterations.
Solving for bands 31 to 40...
Finished solving for bands 31 to 40 after 13 iterations.
Finished k-point with 11.25 mean iterations/band.
freqs:, 13, 0.0594059, 0, 0, 0.0594059, 0.036482, 0.036483, 0.515451, 0.515458, 0.519765, 0.527386, 0.527397, 0.53512, 0.551574, 0.556877, 0.556887, 0.586074, 0.588169, 0.588189, 0.629818, 0.631316, 0.631319, 0.645639, 0.64827, 0.665085, 0.665106, 0.667716, 0.677001, 0.677468, 0.712581, 0.712823, 0.712826, 0.713091, 0.729656, 0.729658, 0.731935, 0.733112, 0.736756, 0.736758, 0.77852, 0.779201, 0.801717, 0.801719, 0.807296, 0.807396
elapsed time for k point: 7 seconds.
solve_kpoint (0.0643564,0,0):
Solving for bands 1 to 10...
Finished solving for bands 1 to 10 after 10 iterations.
Solving for bands 11 to 20...
Finished solving for bands 11 to 20 after 10 iterations.
Solving for bands 21 to 30...
Finished solving for bands 21 to 30 after 12 iterations.
Solving for bands 31 to 40...
Finished solving for bands 31 to 40 after 13 iterations.
Finished k-point with 11.25 mean iterations/band.
freqs:, 14, 0.0643564, 0, 0, 0.0643564, 0.0395161, 0.0395172, 0.514572, 0.514578, 0.519864, 0.526786, 0.526798, 0.535207, 0.551689, 0.557514, 0.557525, 0.585971, 0.588419, 0.588438, 0.629866, 0.631607, 0.631609, 0.645246, 0.648295, 0.665046, 0.665066, 0.668058, 0.676935, 0.677499, 0.712569, 0.712714, 0.712829, 0.712832, 0.729629, 0.729631, 0.732211, 0.732825, 0.737077, 0.737078, 0.77837, 0.779136, 0.801227, 0.80123, 0.806645, 0.807694
elapsed time for k point: 8 seconds.
solve_kpoint (0.0693069,0,0):
Solving for bands 1 to 10...
Finished solving for bands 1 to 10 after 10 iterations.
Solving for bands 11 to 20...
Finished solving for bands 11 to 20 after 10 iterations.
Solving for bands 21 to 30...
Finished solving for bands 21 to 30 after 12 iterations.
Solving for bands 31 to 40...
Finished solving for bands 31 to 40 after 12 iterations.
Finished k-point with 11 mean iterations/band.
freqs:, 15, 0.0693069, 0, 0, 0.0693069, 0.0425488, 0.04255, 0.513577, 0.513582, 0.51997, 0.526256, 0.52627, 0.535302, 0.551814, 0.558135, 0.558147, 0.58586, 0.588685, 0.588703, 0.629919, 0.631918, 0.631921, 0.644835, 0.648321, 0.665005, 0.665025, 0.668413, 0.676863, 0.677532, 0.712322, 0.712556, 0.712831, 0.712834, 0.729607, 0.729608, 0.732493, 0.732516, 0.737419, 0.73742, 0.778215, 0.779067, 0.800729, 0.800732, 0.805979, 0.808011
elapsed time for k point: 7 seconds.
solve_kpoint (0.0742574,0,0):
Solving for bands 1 to 10...
Finished solving for bands 1 to 10 after 10 iterations.
Solving for bands 11 to 20...
Finished solving for bands 11 to 20 after 10 iterations.
Solving for bands 21 to 30...
Finished solving for bands 21 to 30 after 12 iterations.
Solving for bands 31 to 40...
Finished solving for bands 31 to 40 after 12 iterations.
Finished k-point with 11 mean iterations/band.
freqs:, 16, 0.0742574, 0, 0, 0.0742574, 0.04558, 0.0455813, 0.512471, 0.512475, 0.520083, 0.525795, 0.525811, 0.535403, 0.551947, 0.558736, 0.558749, 0.585741, 0.588966, 0.588983, 0.629975, 0.632249, 0.632252, 0.644409, 0.64835, 0.664965, 0.664985, 0.668781, 0.676785, 0.677568, 0.711916, 0.712542, 0.712829, 0.712832, 0.72959, 0.72959, 0.732187, 0.732778, 0.737781, 0.737783, 0.778056, 0.778993, 0.800223, 0.800226, 0.805302, 0.808345
elapsed time for k point: 7 seconds.
solve_kpoint (0.0792079,0,0):
Solving for bands 1 to 10...
Finished solving for bands 1 to 10 after 10 iterations.
Solving for bands 11 to 20...
Finished solving for bands 11 to 20 after 10 iterations.
Solving for bands 21 to 30...
Finished solving for bands 21 to 30 after 11 iterations.
Solving for bands 31 to 40...
Finished solving for bands 31 to 40 after 10 iterations.
Finished k-point with 10.25 mean iterations/band.
freqs:, 17, 0.0792079, 0, 0, 0.0792079, 0.0486094, 0.0486108, 0.511262, 0.511267, 0.520205, 0.525399, 0.525416, 0.535512, 0.552089, 0.559317, 0.559331, 0.585614, 0.589261, 0.589278, 0.630034, 0.6326, 0.632603, 0.64397, 0.64838, 0.664926, 0.664945, 0.669158, 0.676701, 0.677605, 0.711498, 0.712527, 0.712822, 0.712824, 0.729578, 0.729579, 0.731838, 0.733065, 0.738164, 0.738166, 0.777896, 0.778914, 0.799711, 0.799713, 0.804617, 0.808696
elapsed time for k point: 7 seconds.
solve_kpoint (0.0841584,0,0):
Solving for bands 1 to 10...
Finished solving for bands 1 to 10 after 10 iterations.
Solving for bands 11 to 20...
Finished solving for bands 11 to 20 after 10 iterations.
Solving for bands 21 to 30...
Finished solving for bands 21 to 30 after 11 iterations.
Solving for bands 31 to 40...
Finished solving for bands 31 to 40 after 11 iterations.
Finished k-point with 10.5 mean iterations/band.
freqs:, 18, 0.0841584, 0, 0, 0.0841584, 0.051637, 0.0516385, 0.509961, 0.509967, 0.520334, 0.525059, 0.525077, 0.535627, 0.552239, 0.559875, 0.55989, 0.585479, 0.589569, 0.589586, 0.630098, 0.632969, 0.632972, 0.643518, 0.648411, 0.664888, 0.664907, 0.669545, 0.67661, 0.677645, 0.71107, 0.712512, 0.712809, 0.712811, 0.729571, 0.729572, 0.731469, 0.733353, 0.738568, 0.73857, 0.777734, 0.778831, 0.799193, 0.799195, 0.803927, 0.809061
elapsed time for k point: 7 seconds.
solve_kpoint (0.0891089,0,0):
Solving for bands 1 to 10...
Finished solving for bands 1 to 10 after 10 iterations.
Solving for bands 11 to 20...
Finished solving for bands 11 to 20 after 10 iterations.
Solving for bands 21 to 30...
Finished solving for bands 21 to 30 after 11 iterations.
Solving for bands 31 to 40...
Finished solving for bands 31 to 40 after 9 iterations.
Finished k-point with 10 mean iterations/band.
freqs:, 19, 0.0891089, 0, 0, 0.0891089, 0.0546627, 0.0546643, 0.508578, 0.508584, 0.520471, 0.524768, 0.524787, 0.535749, 0.552398, 0.56041, 0.560426, 0.585335, 0.58989, 0.589906, 0.630166, 0.633355, 0.633359, 0.643054, 0.648445, 0.664852, 0.66487, 0.669939, 0.676512, 0.677687, 0.710632, 0.712497, 0.712789, 0.712792, 0.72957, 0.729572, 0.731081, 0.733639, 0.738993, 0.738994, 0.777573, 0.778744, 0.798671, 0.798673, 0.803235, 0.809441
elapsed time for k point: 6 seconds.
solve_kpoint (0.0940594,0,0):
Solving for bands 1 to 10...
Finished solving for bands 1 to 10 after 10 iterations.
Solving for bands 11 to 20...
Finished solving for bands 11 to 20 after 9 iterations.
Solving for bands 21 to 30...
Finished solving for bands 21 to 30 after 10 iterations.
Solving for bands 31 to 40...
Finished solving for bands 31 to 40 after 10 iterations.
Finished k-point with 9.75 mean iterations/band.
freqs:, 20, 0.0940594, 0, 0, 0.0940594, 0.0576864, 0.057688, 0.507122, 0.50713, 0.520616, 0.524518, 0.524538, 0.535878, 0.552566, 0.560922, 0.560939, 0.585184, 0.590222, 0.590238, 0.630238, 0.633759, 0.633763, 0.642582, 0.64848, 0.664818, 0.664836, 0.67034, 0.676408, 0.677731, 0.710185, 0.712481, 0.712763, 0.712766, 0.729575, 0.729576, 0.730675, 0.733922, 0.739438, 0.73944, 0.777413, 0.778653, 0.798145, 0.798147, 0.802543, 0.809835
elapsed time for k point: 7 seconds.
solve_kpoint (0.0990099,0,0):
Solving for bands 1 to 10...
Finished solving for bands 1 to 10 after 10 iterations.
Solving for bands 11 to 20...
Finished solving for bands 11 to 20 after 9 iterations.
Solving for bands 21 to 30...
Finished solving for bands 21 to 30 after 10 iterations.
Solving for bands 31 to 40...
Finished solving for bands 31 to 40 after 8 iterations.
Finished k-point with 9.25 mean iterations/band.
freqs:, 21, 0.0990099, 0, 0, 0.0990099, 0.0607079, 0.0607096, 0.505603, 0.505612, 0.520768, 0.524303, 0.524323, 0.536014, 0.552741, 0.561409, 0.561427, 0.585025, 0.590564, 0.590579, 0.630313, 0.634178, 0.634182, 0.6421, 0.648516, 0.664788, 0.664805, 0.670746, 0.676296, 0.677777, 0.709732, 0.712464, 0.71273, 0.712733, 0.729585, 0.729586, 0.730251, 0.7342, 0.739904, 0.739906, 0.777256, 0.778558, 0.797615, 0.797618, 0.801852, 0.810241
elapsed time for k point: 6 seconds.
solve_kpoint (0.10396,0,0):
Solving for bands 1 to 10...
Finished solving for bands 1 to 10 after 10 iterations.
Solving for bands 11 to 20...
Finished solving for bands 11 to 20 after 9 iterations.
Solving for bands 21 to 30...
Finished solving for bands 21 to 30 after 9 iterations.
Solving for bands 31 to 40...
Finished solving for bands 31 to 40 after 9 iterations.
Finished k-point with 9.25 mean iterations/band.
freqs:, 22, 0.10396, 0, 0, 0.10396, 0.063727, 0.0637288, 0.504029, 0.504037, 0.520927, 0.524116, 0.524137, 0.536157, 0.552925, 0.561874, 0.561893, 0.584857, 0.590914, 0.590929, 0.630393, 0.634612, 0.634617, 0.641611, 0.648554, 0.664762, 0.664779, 0.671157, 0.676177, 0.677825, 0.709272, 0.712447, 0.712689, 0.712692, 0.7296, 0.729602, 0.729811, 0.734473, 0.740391, 0.740393, 0.777103, 0.778459, 0.797084, 0.797086, 0.801164, 0.81066
elapsed time for k point: 6 seconds.
solve_kpoint (0.108911,0,0):
Solving for bands 1 to 10...
Finished solving for bands 1 to 10 after 10 iterations.
Solving for bands 11 to 20...
Finished solving for bands 11 to 20 after 9 iterations.
Solving for bands 21 to 30...
Finished solving for bands 21 to 30 after 9 iterations.
Solving for bands 31 to 40...
Finished solving for bands 31 to 40 after 8 iterations.
Finished k-point with 9 mean iterations/band.
freqs:, 23, 0.108911, 0, 0, 0.108911, 0.0667437, 0.0667456, 0.502404, 0.502413, 0.521095, 0.523953, 0.523974, 0.536306, 0.553117, 0.562314, 0.562334, 0.584682, 0.591273, 0.591287, 0.630477, 0.635061, 0.635065, 0.641115, 0.648593, 0.664741, 0.664757, 0.671573, 0.67605, 0.677875, 0.708806, 0.71243, 0.71264, 0.712643, 0.729619, 0.729622, 0.729354, 0.734739, 0.740899, 0.740901, 0.776956, 0.778357, 0.79655, 0.796552, 0.80048, 0.811089
elapsed time for k point: 6 seconds.
solve_kpoint (0.113861,0,0):
Solving for bands 1 to 10...
Finished solving for bands 1 to 10 after 10 iterations.
Solving for bands 11 to 20...
Finished solving for bands 11 to 20 after 10 iterations.
Solving for bands 21 to 30...
Finished solving for bands 21 to 30 after 9 iterations.
Solving for bands 31 to 40...
Finished solving for bands 31 to 40 after 8 iterations.
Finished k-point with 9.25 mean iterations/band.
freqs:, 24, 0.113861, 0, 0, 0.113861, 0.0697579, 0.0697598, 0.500735, 0.500745, 0.521269, 0.52381, 0.523831, 0.536462, 0.553317, 0.562732, 0.562753, 0.584499, 0.591638, 0.591651, 0.630564, 0.635521, 0.635526, 0.640613, 0.648634, 0.664725, 0.664741, 0.671991, 0.675915, 0.677926, 0.708336, 0.712413, 0.712583, 0.712586, 0.729643, 0.729646, 0.728881, 0.734998, 0.741428, 0.74143, 0.776816, 0.77825, 0.796015, 0.796017, 0.799802, 0.811529
elapsed time for k point: 6 seconds.
solve_kpoint (0.118812,0,0):
Solving for bands 1 to 10...
Finished solving for bands 1 to 10 after 10 iterations.
Solving for bands 11 to 20...
Finished solving for bands 11 to 20 after 10 iterations.
Solving for bands 21 to 30...
Finished solving for bands 21 to 30 after 9 iterations.
Solving for bands 31 to 40...
Finished solving for bands 31 to 40 after 8 iterations.
Finished k-point with 9.25 mean iterations/band.
freqs:, 25, 0.118812, 0, 0, 0.118812, 0.0727693, 0.0727714, 0.499026, 0.499037, 0.521452, 0.523683, 0.523705, 0.536625, 0.553524, 0.563128, 0.56315, 0.584308, 0.592008, 0.592021, 0.630656, 0.635994, 0.635999, 0.640106, 0.648676, 0.664715, 0.664731, 0.672412, 0.675772, 0.67798, 0.707861, 0.712396, 0.712518, 0.712521, 0.729671, 0.729674, 0.728394, 0.735247, 0.741978, 0.74198, 0.776683, 0.778141, 0.795479, 0.795481, 0.79913, 0.811979
elapsed time for k point: 6 seconds.
solve_kpoint (0.123762,0,0):
Solving for bands 1 to 10...
Finished solving for bands 1 to 10 after 9 iterations.
Solving for bands 11 to 20...
Finished solving for bands 11 to 20 after 10 iterations.
Solving for bands 21 to 30...
Finished solving for bands 21 to 30 after 9 iterations.
Solving for bands 31 to 40...
Finished solving for bands 31 to 40 after 8 iterations.
Finished k-point with 9 mean iterations/band.
freqs:, 26, 0.123762, 0, 0, 0.123762, 0.0757779, 0.07578, 0.497282, 0.497293, 0.521641, 0.52357, 0.523592, 0.536794, 0.553739, 0.563502, 0.563525, 0.584109, 0.592382, 0.592395, 0.630751, 0.636477, 0.636482, 0.639595, 0.64872, 0.664713, 0.664728, 0.672834, 0.675621, 0.678035, 0.707383, 0.712378, 0.712444, 0.712447, 0.729703, 0.729705, 0.727892, 0.735485, 0.742549, 0.742551, 0.776559, 0.778028, 0.794943, 0.794945, 0.798465, 0.812438
elapsed time for k point: 6 seconds.
solve_kpoint (0.128713,0,0):
Solving for bands 1 to 10...
Finished solving for bands 1 to 10 after 9 iterations.
Solving for bands 11 to 20...
Finished solving for bands 11 to 20 after 10 iterations.
Solving for bands 21 to 30...
Finished solving for bands 21 to 30 after 9 iterations.
Solving for bands 31 to 40...
Finished solving for bands 31 to 40 after 8 iterations.
Finished k-point with 9 mean iterations/band.
freqs:, 27, 0.128713, 0, 0, 0.128713, 0.0787835, 0.0787857, 0.495504, 0.495516, 0.521838, 0.523469, 0.52349, 0.53697, 0.553961, 0.563855, 0.563879, 0.583903, 0.59276, 0.592773, 0.630851, 0.636969, 0.636975, 0.639081, 0.648764, 0.664719, 0.664732, 0.673258, 0.675461, 0.678091, 0.706902, 0.712359, 0.712364, 0.712366, 0.729737, 0.72974, 0.727378, 0.735713, 0.743141, 0.743142, 0.776444, 0.777912, 0.794408, 0.79441, 0.797809, 0.812905
elapsed time for k point: 6 seconds.
solve_kpoint (0.133663,0,0):
Solving for bands 1 to 10...
Finished solving for bands 1 to 10 after 9 iterations.
Solving for bands 11 to 20...
Finished solving for bands 11 to 20 after 10 iterations.
Solving for bands 21 to 30...
Finished solving for bands 21 to 30 after 9 iterations.
Solving for bands 31 to 40...
Finished solving for bands 31 to 40 after 8 iterations.
Finished k-point with 9 mean iterations/band.
freqs:, 28, 0.133663, 0, 0, 0.133663, 0.081786, 0.0817883, 0.493697, 0.493709, 0.522042, 0.523377, 0.523398, 0.537152, 0.554191, 0.564189, 0.564213, 0.583689, 0.593141, 0.593153, 0.630954, 0.637469, 0.637475, 0.638563, 0.64881, 0.664733, 0.664746, 0.673683, 0.675291, 0.678149, 0.706418, 0.712272, 0.712274, 0.712344, 0.729773, 0.729776, 0.726852, 0.735929, 0.743753, 0.743755, 0.776341, 0.777794, 0.793873, 0.793875, 0.797161, 0.81338
elapsed time for k point: 6 seconds.
solve_kpoint (0.138614,0,0):
Solving for bands 1 to 10...
Finished solving for bands 1 to 10 after 9 iterations.
Solving for bands 11 to 20...
Finished solving for bands 11 to 20 after 10 iterations.
Solving for bands 21 to 30...
Finished solving for bands 21 to 30 after 9 iterations.
Solving for bands 31 to 40...
Finished solving for bands 31 to 40 after 8 iterations.
Finished k-point with 9 mean iterations/band.
freqs:, 29, 0.138614, 0, 0, 0.138614, 0.0847852, 0.0847876, 0.491862, 0.491874, 0.522254, 0.523294, 0.523315, 0.537341, 0.554427, 0.564503, 0.564528, 0.583467, 0.593523, 0.593534, 0.631061, 0.637975, 0.637982, 0.638046, 0.648857, 0.664756, 0.664769, 0.674109, 0.675112, 0.678209, 0.705933, 0.712173, 0.712176, 0.712327, 0.729812, 0.729814, 0.726314, 0.736132, 0.744386, 0.744388, 0.77625, 0.777673, 0.793339, 0.793341, 0.796522, 0.813863
elapsed time for k point: 6 seconds.
solve_kpoint (0.143564,0,0):
Solving for bands 1 to 10...
Finished solving for bands 1 to 10 after 9 iterations.
Solving for bands 11 to 20...
Finished solving for bands 11 to 20 after 10 iterations.
Solving for bands 21 to 30...
Finished solving for bands 21 to 30 after 8 iterations.
Solving for bands 31 to 40...
Finished solving for bands 31 to 40 after 7 iterations.
Finished k-point with 8.5 mean iterations/band.
freqs:, 30, 0.143564, 0, 0, 0.143564, 0.087781, 0.0877835, 0.490001, 0.490013, 0.522472, 0.523218, 0.523239, 0.537537, 0.554671, 0.564798, 0.564824, 0.583237, 0.593905, 0.593916, 0.631173, 0.637522, 0.638489, 0.638496, 0.648904, 0.66479, 0.664802, 0.674534, 0.674923, 0.67827, 0.705446, 0.712067, 0.712069, 0.712311, 0.729851, 0.729854, 0.725766, 0.73632, 0.745039, 0.745041, 0.776171, 0.777549, 0.792808, 0.79281, 0.795892, 0.814352
elapsed time for k point: 6 seconds.
solve_kpoint (0.148515,0,0):
Solving for bands 1 to 10...
Finished solving for bands 1 to 10 after 9 iterations.
Solving for bands 11 to 20...
Finished solving for bands 11 to 20 after 10 iterations.
Solving for bands 21 to 30...
Finished solving for bands 21 to 30 after 9 iterations.
Solving for bands 31 to 40...
Finished solving for bands 31 to 40 after 7 iterations.
Finished k-point with 8.75 mean iterations/band.
freqs:, 31, 0.148515, 0, 0, 0.148515, 0.0907733, 0.0907758, 0.488116, 0.488128, 0.522698, 0.523148, 0.523169, 0.537739, 0.554921, 0.565076, 0.565103, 0.583, 0.594287, 0.594299, 0.631288, 0.637, 0.639006, 0.639013, 0.648953, 0.664834, 0.664845, 0.674724, 0.67496, 0.678332, 0.704958, 0.711952, 0.711955, 0.712295, 0.729891, 0.729894, 0.725208, 0.736495, 0.745711, 0.745714, 0.776106, 0.777423, 0.792278, 0.792281, 0.795273, 0.814848
elapsed time for k point: 6 seconds.
solve_kpoint (0.153465,0,0):
Solving for bands 1 to 10...
Finished solving for bands 1 to 10 after 9 iterations.
Solving for bands 11 to 20...
Finished solving for bands 11 to 20 after 10 iterations.
Solving for bands 21 to 30...
Finished solving for bands 21 to 30 after 9 iterations.
Solving for bands 31 to 40...
Finished solving for bands 31 to 40 after 7 iterations.
Finished k-point with 8.75 mean iterations/band.
freqs:, 32, 0.153465, 0, 0, 0.153465, 0.0937617, 0.0937643, 0.486208, 0.486221, 0.522931, 0.523084, 0.523104, 0.537947, 0.555177, 0.565338, 0.565365, 0.582755, 0.594669, 0.59468, 0.631407, 0.636477, 0.639526, 0.639533, 0.649002, 0.664891, 0.664901, 0.674514, 0.675385, 0.678395, 0.704469, 0.71183, 0.711833, 0.712279, 0.72993, 0.729933, 0.724643, 0.736655, 0.746404, 0.746406, 0.776056, 0.777294, 0.791752, 0.791754, 0.794663, 0.815349
elapsed time for k point: 5 seconds.
solve_kpoint (0.158416,0,0):
Solving for bands 1 to 10...
Finished solving for bands 1 to 10 after 9 iterations.
Solving for bands 11 to 20...
Finished solving for bands 11 to 20 after 10 iterations.
Solving for bands 21 to 30...
    iteration   25: trace = 4.895260337305614 (0.000160968% change)
    iteration   51: trace = 4.894964653367962 (0.000342061% change)
    iteration   77: trace = 4.887129817598382 (0.00173431% change)
Finished solving for bands 21 to 30 after 96 iterations.
Solving for bands 31 to 40...
Finished solving for bands 31 to 40 after 10 iterations.
Finished k-point with 31.25 mean iterations/band.
freqs:, 33, 0.158416, 0, 0, 0.158416, 0.0967463, 0.096749, 0.48428, 0.484293, 0.523023, 0.523044, 0.523172, 0.538162, 0.555439, 0.565583, 0.565611, 0.582503, 0.595048, 0.595059, 0.631531, 0.635955, 0.640047, 0.640055, 0.649052, 0.664959, 0.664969, 0.674293, 0.675809, 0.678459, 0.70398, 0.711701, 0.711704, 0.712265, 0.724067, 0.729971, 0.729973, 0.736798, 0.747114, 0.747117, 0.77602, 0.777164, 0.79123, 0.791232, 0.794063, 0.815856
elapsed time for k point: 21 seconds.
solve_kpoint (0.163366,0,0):
Solving for bands 1 to 10...
Finished solving for bands 1 to 10 after 9 iterations.
Solving for bands 11 to 20...
Finished solving for bands 11 to 20 after 10 iterations.
Solving for bands 21 to 30...
Finished solving for bands 21 to 30 after 9 iterations.
Solving for bands 31 to 40...
Finished solving for bands 31 to 40 after 7 iterations.
Finished k-point with 8.75 mean iterations/band.
freqs:, 34, 0.163366, 0, 0, 0.163366, 0.0997269, 0.0997296, 0.482331, 0.482345, 0.522968, 0.522989, 0.523419, 0.538383, 0.555707, 0.565813, 0.565842, 0.582243, 0.595426, 0.595437, 0.631658, 0.635433, 0.640569, 0.640577, 0.649103, 0.665041, 0.66505, 0.674061, 0.676232, 0.678524, 0.70349, 0.711566, 0.711568, 0.712251, 0.723487, 0.730009, 0.730011, 0.736926, 0.747844, 0.747846, 0.776001, 0.777032, 0.790711, 0.790714, 0.793473, 0.816368
elapsed time for k point: 5 seconds.
solve_kpoint (0.168317,0,0):
Solving for bands 1 to 10...
Finished solving for bands 1 to 10 after 9 iterations.
Solving for bands 11 to 20...
Finished solving for bands 11 to 20 after 10 iterations.
Solving for bands 21 to 30...
Finished solving for bands 21 to 30 after 10 iterations.
Solving for bands 31 to 40...
Finished solving for bands 31 to 40 after 7 iterations.
Finished k-point with 9 mean iterations/band.
freqs:, 35, 0.168317, 0, 0, 0.168317, 0.102703, 0.102706, 0.480364, 0.480378, 0.522916, 0.522937, 0.523673, 0.53861, 0.555981, 0.566029, 0.566058, 0.581976, 0.595801, 0.595811, 0.631789, 0.634912, 0.64109, 0.641098, 0.649154, 0.665136, 0.665144, 0.673818, 0.676653, 0.678591, 0.703002, 0.711423, 0.711425, 0.712238, 0.722901, 0.730046, 0.730047, 0.737036, 0.74859, 0.748593, 0.775998, 0.776898, 0.790198, 0.7902, 0.792894, 0.816884
elapsed time for k point: 6 seconds.
solve_kpoint (0.173267,0,0):
Solving for bands 1 to 10...
Finished solving for bands 1 to 10 after 9 iterations.
Solving for bands 11 to 20...
Finished solving for bands 11 to 20 after 10 iterations.
Solving for bands 21 to 30...
Finished solving for bands 21 to 30 after 10 iterations.
Solving for bands 31 to 40...
Finished solving for bands 31 to 40 after 7 iterations.
Finished k-point with 9 mean iterations/band.
freqs:, 36, 0.173267, 0, 0, 0.173267, 0.105675, 0.105678, 0.478379, 0.478393, 0.522868, 0.522889, 0.523934, 0.538843, 0.55626, 0.566231, 0.566261, 0.581702, 0.596172, 0.596182, 0.631924, 0.634393, 0.641609, 0.641618, 0.649206, 0.665246, 0.665253, 0.673562, 0.677073, 0.678657, 0.702513, 0.711275, 0.711277, 0.712226, 0.722311, 0.73008, 0.730082, 0.73713, 0.749354, 0.749357, 0.776012, 0.776763, 0.78969, 0.789692, 0.792325, 0.817405
elapsed time for k point: 6 seconds.
solve_kpoint (0.178218,0,0):
Solving for bands 1 to 10...
Finished solving for bands 1 to 10 after 9 iterations.
Solving for bands 11 to 20...
Finished solving for bands 11 to 20 after 10 iterations.
Solving for bands 21 to 30...
Finished solving for bands 21 to 30 after 10 iterations.
Solving for bands 31 to 40...
Finished solving for bands 31 to 40 after 7 iterations.
Finished k-point with 9 mean iterations/band.
freqs:, 37, 0.178218, 0, 0, 0.178218, 0.108642, 0.108645, 0.476377, 0.476391, 0.522823, 0.522844, 0.524202, 0.539083, 0.556544, 0.56642, 0.56645, 0.581421, 0.596539, 0.59655, 0.632063, 0.633875, 0.642125, 0.642134, 0.649258, 0.66537, 0.665377, 0.673294, 0.677491, 0.678725, 0.702026, 0.711121, 0.711123, 0.712216, 0.721717, 0.730112, 0.730114, 0.737206, 0.750134, 0.750136, 0.776044, 0.776626, 0.789188, 0.789191, 0.791766, 0.81793
elapsed time for k point: 6 seconds.
solve_kpoint (0.183168,0,0):
Solving for bands 1 to 10...
Finished solving for bands 1 to 10 after 9 iterations.
Solving for bands 11 to 20...
Finished solving for bands 11 to 20 after 10 iterations.
Solving for bands 21 to 30...
Finished solving for bands 21 to 30 after 10 iterations.
Solving for bands 31 to 40...
Finished solving for bands 31 to 40 after 7 iterations.
Finished k-point with 9 mean iterations/band.
freqs:, 38, 0.183168, 0, 0, 0.183168, 0.111605, 0.111608, 0.474359, 0.474373, 0.522781, 0.522801, 0.524476, 0.539328, 0.556833, 0.566597, 0.566628, 0.581132, 0.596903, 0.596913, 0.632206, 0.633361, 0.642636, 0.642646, 0.64931, 0.66551, 0.665516, 0.673013, 0.677907, 0.678793, 0.70154, 0.710961, 0.710963, 0.712207, 0.721121, 0.73014, 0.730142, 0.737264, 0.750928, 0.750931, 0.776094, 0.776488, 0.788694, 0.788697, 0.791218, 0.818458
elapsed time for k point: 6 seconds.
solve_kpoint (0.188119,0,0):
Solving for bands 1 to 10...
Finished solving for bands 1 to 10 after 9 iterations.
Solving for bands 11 to 20...
Finished solving for bands 11 to 20 after 11 iterations.
Solving for bands 21 to 30...
Finished solving for bands 21 to 30 after 10 iterations.
Solving for bands 31 to 40...
Finished solving for bands 31 to 40 after 7 iterations.
Finished k-point with 9.25 mean iterations/band.
freqs:, 39, 0.188119, 0, 0, 0.188119, 0.114562, 0.114565, 0.472326, 0.47234, 0.522742, 0.522762, 0.524757, 0.53958, 0.557126, 0.566762, 0.566794, 0.580836, 0.597261, 0.597272, 0.632352, 0.63285, 0.643142, 0.643152, 0.649362, 0.665666, 0.665671, 0.672718, 0.678321, 0.678862, 0.701056, 0.710797, 0.710799, 0.712199, 0.720523, 0.730165, 0.730167, 0.737304, 0.751737, 0.75174, 0.776161, 0.77635, 0.788208, 0.788211, 0.79068, 0.818989
elapsed time for k point: 6 seconds.
solve_kpoint (0.193069,0,0):
Solving for bands 1 to 10...
Finished solving for bands 1 to 10 after 9 iterations.
Solving for bands 11 to 20...
Finished solving for bands 11 to 20 after 11 iterations.
Solving for bands 21 to 30...
Finished solving for bands 21 to 30 after 9 iterations.
Solving for bands 31 to 40...
Finished solving for bands 31 to 40 after 7 iterations.
Finished k-point with 9 mean iterations/band.
freqs:, 40, 0.193069, 0, 0, 0.193069, 0.117515, 0.117518, 0.470278, 0.470293, 0.522705, 0.522724, 0.525045, 0.539838, 0.557423, 0.566916, 0.566948, 0.580534, 0.597615, 0.597626, 0.632342, 0.632503, 0.643643, 0.643653, 0.649414, 0.665837, 0.665842, 0.67241, 0.678732, 0.678931, 0.700573, 0.710629, 0.71063, 0.712193, 0.719924, 0.730186, 0.730188, 0.737327, 0.752558, 0.752561, 0.77621, 0.776248, 0.787731, 0.787734, 0.790152, 0.819524
elapsed time for k point: 6 seconds.
solve_kpoint (0.19802,0,0):
Solving for bands 1 to 10...
Finished solving for bands 1 to 10 after 9 iterations.
Solving for bands 11 to 20...
Finished solving for bands 11 to 20 after 11 iterations.
Solving for bands 21 to 30...
Finished solving for bands 21 to 30 after 10 iterations.
Solving for bands 31 to 40...
Finished solving for bands 31 to 40 after 7 iterations.
Finished k-point with 9.25 mean iterations/band.
freqs:, 41, 0.19802, 0, 0, 0.19802, 0.120462, 0.120465, 0.468217, 0.468231, 0.52267, 0.52269, 0.52534, 0.540101, 0.557723, 0.56706, 0.567092, 0.580224, 0.597964, 0.597974, 0.631838, 0.632657, 0.644136, 0.644146, 0.649466, 0.666025, 0.666029, 0.672088, 0.679, 0.679141, 0.700092, 0.710456, 0.710458, 0.712189, 0.719326, 0.730202, 0.730204, 0.737331, 0.753391, 0.753394, 0.77607, 0.776352, 0.787264, 0.787267, 0.789634, 0.820061
elapsed time for k point: 7 seconds.
solve_kpoint (0.20297,0,0):
Solving for bands 1 to 10...
Finished solving for bands 1 to 10 after 9 iterations.
Solving for bands 11 to 20...
Finished solving for bands 11 to 20 after 11 iterations.
Solving for bands 21 to 30...
Finished solving for bands 21 to 30 after 9 iterations.
Solving for bands 31 to 40...
Finished solving for bands 31 to 40 after 7 iterations.
Finished k-point with 9 mean iterations/band.
freqs:, 42, 0.20297, 0, 0, 0.20297, 0.123403, 0.123406, 0.466142, 0.466156, 0.522637, 0.522657, 0.525641, 0.54037, 0.558027, 0.567193, 0.567226, 0.579907, 0.598307, 0.598317, 0.63134, 0.632816, 0.644621, 0.644632, 0.649517, 0.66623, 0.666233, 0.671752, 0.67907, 0.679547, 0.699614, 0.71028, 0.710282, 0.712187, 0.71873, 0.730213, 0.730216, 0.737318, 0.754234, 0.754237, 0.77593, 0.776475, 0.786809, 0.786812, 0.789126, 0.8206
elapsed time for k point: 5 seconds.
solve_kpoint (0.207921,0,0):
Solving for bands 1 to 10...
Finished solving for bands 1 to 10 after 9 iterations.
Solving for bands 11 to 20...
Finished solving for bands 11 to 20 after 11 iterations.
Solving for bands 21 to 30...
Finished solving for bands 21 to 30 after 9 iterations.
Solving for bands 31 to 40...
Finished solving for bands 31 to 40 after 7 iterations.
Finished k-point with 9 mean iterations/band.
freqs:, 43, 0.207921, 0, 0, 0.207921, 0.126338, 0.126342, 0.464055, 0.464069, 0.522607, 0.522626, 0.525949, 0.540645, 0.558334, 0.567317, 0.567351, 0.579584, 0.598644, 0.598655, 0.630846, 0.632978, 0.645098, 0.64511, 0.649568, 0.666451, 0.666453, 0.671401, 0.67914, 0.679951, 0.699138, 0.710102, 0.710103, 0.712187, 0.718136, 0.73022, 0.730222, 0.737286, 0.755085, 0.755089, 0.77579, 0.776617, 0.786367, 0.78637, 0.788628, 0.821141
elapsed time for k point: 6 seconds.
solve_kpoint (0.212871,0,0):
Solving for bands 1 to 10...
Finished solving for bands 1 to 10 after 9 iterations.
Solving for bands 11 to 20...
Finished solving for bands 11 to 20 after 11 iterations.
Solving for bands 21 to 30...
Finished solving for bands 21 to 30 after 8 iterations.
Solving for bands 31 to 40...
Finished solving for bands 31 to 40 after 7 iterations.
Finished k-point with 8.75 mean iterations/band.
freqs:, 44, 0.212871, 0, 0, 0.212871, 0.129268, 0.129271, 0.461956, 0.46197, 0.522578, 0.522597, 0.526263, 0.540926, 0.558644, 0.567432, 0.567466, 0.579254, 0.598975, 0.598986, 0.630358, 0.633143, 0.645567, 0.645578, 0.649619, 0.666688, 0.666689, 0.671035, 0.679209, 0.680352, 0.698665, 0.709921, 0.709922, 0.712189, 0.717545, 0.73022, 0.730222, 0.737237, 0.755943, 0.755946, 0.775649, 0.776777, 0.785939, 0.785943, 0.788139, 0.821685
elapsed time for k point: 6 seconds.
solve_kpoint (0.217822,0,0):
Solving for bands 1 to 10...
Finished solving for bands 1 to 10 after 9 iterations.
Solving for bands 11 to 20...
Finished solving for bands 11 to 20 after 11 iterations.
Solving for bands 21 to 30...
Finished solving for bands 21 to 30 after 9 iterations.
Solving for bands 31 to 40...
Finished solving for bands 31 to 40 after 7 iterations.
Finished k-point with 9 mean iterations/band.
freqs:, 45, 0.217822, 0, 0, 0.217822, 0.132191, 0.132194, 0.459845, 0.45986, 0.522552, 0.52257, 0.526583, 0.541212, 0.558955, 0.567539, 0.567573, 0.578918, 0.5993, 0.599312, 0.629877, 0.633313, 0.646026, 0.646037, 0.649669, 0.666941, 0.666942, 0.670654, 0.679279, 0.680749, 0.698195, 0.709738, 0.709739, 0.712194, 0.716958, 0.730215, 0.730217, 0.737171, 0.756805, 0.756808, 0.775509, 0.776955, 0.785528, 0.785532, 0.78766, 0.82223
elapsed time for k point: 6 seconds.
solve_kpoint (0.222772,0,0):
Solving for bands 1 to 10...
Finished solving for bands 1 to 10 after 8 iterations.
Solving for bands 11 to 20...
Finished solving for bands 11 to 20 after 11 iterations.
Solving for bands 21 to 30...
Finished solving for bands 21 to 30 after 8 iterations.
Solving for bands 31 to 40...
Finished solving for bands 31 to 40 after 7 iterations.
Finished k-point with 8.5 mean iterations/band.
freqs:, 46, 0.222772, 0, 0, 0.222772, 0.135107, 0.135111, 0.457724, 0.457738, 0.522527, 0.522545, 0.52691, 0.541504, 0.559268, 0.567637, 0.567672, 0.578575, 0.599619, 0.599631, 0.629402, 0.633486, 0.646475, 0.646487, 0.649718, 0.667209, 0.66721, 0.670257, 0.679348, 0.681144, 0.697728, 0.709553, 0.709554, 0.712201, 0.716376, 0.730203, 0.730206, 0.737087, 0.757668, 0.757672, 0.775369, 0.777152, 0.785136, 0.785139, 0.78719, 0.822776
elapsed time for k point: 6 seconds.
solve_kpoint (0.227723,0,0):
Solving for bands 1 to 10...
Finished solving for bands 1 to 10 after 9 iterations.
Solving for bands 11 to 20...
Finished solving for bands 11 to 20 after 11 iterations.
Solving for bands 21 to 30...
Finished solving for bands 21 to 30 after 9 iterations.
Solving for bands 31 to 40...
Finished solving for bands 31 to 40 after 7 iterations.
Finished k-point with 9 mean iterations/band.
freqs:, 47, 0.227723, 0, 0, 0.227723, 0.138017, 0.138021, 0.455592, 0.455607, 0.522503, 0.522522, 0.527242, 0.541801, 0.559582, 0.567728, 0.567763, 0.578225, 0.599932, 0.599943, 0.628935, 0.633662, 0.646915, 0.646927, 0.649766, 0.667493, 0.667493, 0.669845, 0.679417, 0.681536, 0.697264, 0.709368, 0.709369, 0.712211, 0.7158, 0.730185, 0.730188, 0.736987, 0.758531, 0.758535, 0.775229, 0.777366, 0.784764, 0.784768, 0.78673, 0.823323
elapsed time for k point: 6 seconds.
solve_kpoint (0.232673,0,0):
Solving for bands 1 to 10...
Finished solving for bands 1 to 10 after 8 iterations.
Solving for bands 11 to 20...
Finished solving for bands 11 to 20 after 11 iterations.
Solving for bands 21 to 30...
Finished solving for bands 21 to 30 after 8 iterations.
Solving for bands 31 to 40...
Finished solving for bands 31 to 40 after 7 iterations.
Finished k-point with 8.5 mean iterations/band.
freqs:, 48, 0.232673, 0, 0, 0.232673, 0.140919, 0.140923, 0.453451, 0.453466, 0.522482, 0.5225, 0.527581, 0.542104, 0.559897, 0.567811, 0.567847, 0.57787, 0.600237, 0.60025, 0.628476, 0.633842, 0.647345, 0.647357, 0.649813, 0.667792, 0.667791, 0.669416, 0.679485, 0.681924, 0.696804, 0.709183, 0.709183, 0.712224, 0.715231, 0.73016, 0.730163, 0.736871, 0.75939, 0.759394, 0.775091, 0.777597, 0.784417, 0.784421, 0.786278, 0.823872
elapsed time for k point: 6 seconds.
solve_kpoint (0.237624,0,0):
Solving for bands 1 to 10...
Finished solving for bands 1 to 10 after 8 iterations.
Solving for bands 11 to 20...
Finished solving for bands 11 to 20 after 11 iterations.
Solving for bands 21 to 30...
Finished solving for bands 21 to 30 after 8 iterations.
Solving for bands 31 to 40...
Finished solving for bands 31 to 40 after 7 iterations.
Finished k-point with 8.5 mean iterations/band.
freqs:, 49, 0.237624, 0, 0, 0.237624, 0.143814, 0.143818, 0.4513, 0.451316, 0.522462, 0.52248, 0.527926, 0.542412, 0.560212, 0.567888, 0.567924, 0.577507, 0.600537, 0.600549, 0.628025, 0.634026, 0.647765, 0.647778, 0.649859, 0.668104, 0.668102, 0.668972, 0.679553, 0.682309, 0.696348, 0.708997, 0.708998, 0.71224, 0.714669, 0.730128, 0.73013, 0.736739, 0.760241, 0.760245, 0.774953, 0.777846, 0.784096, 0.7841, 0.785836, 0.824421
elapsed time for k point: 5 seconds.
solve_kpoint (0.242574,0,0):
Solving for bands 1 to 10...
Finished solving for bands 1 to 10 after 8 iterations.
Solving for bands 11 to 20...
Finished solving for bands 11 to 20 after 11 iterations.
Solving for bands 21 to 30...
Finished solving for bands 21 to 30 after 8 iterations.
Solving for bands 31 to 40...
Finished solving for bands 31 to 40 after 7 iterations.
Finished k-point with 8.5 mean iterations/band.
freqs:, 50, 0.242574, 0, 0, 0.242574, 0.146702, 0.146705, 0.449142, 0.449157, 0.522443, 0.522461, 0.528277, 0.542725, 0.560527, 0.567958, 0.567994, 0.577139, 0.600829, 0.600842, 0.627584, 0.634213, 0.648176, 0.648189, 0.649903, 0.668429, 0.668427, 0.668511, 0.67962, 0.68269, 0.695896, 0.708813, 0.708814, 0.712259, 0.714115, 0.730088, 0.730091, 0.736592, 0.761081, 0.761085, 0.774816, 0.778112, 0.783807, 0.783811, 0.785402, 0.82497
elapsed time for k point: 6 seconds.
solve_kpoint (0.247525,0,0):
Solving for bands 1 to 10...
Finished solving for bands 1 to 10 after 8 iterations.
Solving for bands 11 to 20...
Finished solving for bands 11 to 20 after 11 iterations.
Solving for bands 21 to 30...
Finished solving for bands 21 to 30 after 8 iterations.
Solving for bands 31 to 40...
Finished solving for bands 31 to 40 after 7 iterations.
Finished k-point with 8.5 mean iterations/band.
freqs:, 51, 0.247525, 0, 0, 0.247525, 0.149581, 0.149585, 0.446975, 0.44699, 0.522426, 0.522444, 0.528633, 0.543043, 0.56084, 0.568021, 0.568058, 0.576765, 0.601115, 0.601128, 0.627152, 0.634404, 0.648578, 0.648591, 0.649945, 0.668766, 0.668033, 0.668763, 0.679686, 0.683068, 0.695448, 0.70863, 0.70863, 0.712281, 0.71357, 0.730041, 0.730044, 0.736429, 0.761904, 0.761908, 0.77468, 0.778393, 0.783553, 0.783557, 0.784976, 0.82552
elapsed time for k point: 6 seconds.
solve_kpoint (0.252475,0,0):
Solving for bands 1 to 10...
Finished solving for bands 1 to 10 after 8 iterations.
Solving for bands 11 to 20...
Finished solving for bands 11 to 20 after 11 iterations.
Solving for bands 21 to 30...
Finished solving for bands 21 to 30 after 8 iterations.
Solving for bands 31 to 40...
Finished solving for bands 31 to 40 after 7 iterations.
Finished k-point with 8.5 mean iterations/band.
freqs:, 52, 0.252475, 0, 0, 0.252475, 0.152451, 0.152455, 0.4448, 0.444815, 0.522411, 0.522428, 0.528996, 0.543367, 0.561152, 0.568078, 0.568115, 0.576385, 0.601393, 0.601406, 0.626731, 0.634598, 0.648971, 0.648984, 0.649986, 0.669113, 0.66754, 0.669111, 0.679752, 0.683443, 0.695005, 0.708449, 0.708449, 0.712307, 0.713033, 0.729986, 0.729989, 0.736253, 0.762705, 0.762709, 0.774546, 0.77869, 0.783339, 0.783343, 0.78456, 0.82607
elapsed time for k point: 5 seconds.
solve_kpoint (0.257426,0,0):
Solving for bands 1 to 10...
Finished solving for bands 1 to 10 after 8 iterations.
Solving for bands 11 to 20...
Finished solving for bands 11 to 20 after 11 iterations.
Solving for bands 21 to 30...
Finished solving for bands 21 to 30 after 8 iterations.
Solving for bands 31 to 40...
Finished solving for bands 31 to 40 after 7 iterations.
Finished k-point with 8.5 mean iterations/band.
freqs:, 53, 0.257426, 0, 0, 0.257426, 0.155313, 0.155317, 0.442619, 0.442634, 0.522396, 0.522413, 0.529364, 0.543695, 0.561462, 0.56813, 0.568167, 0.575999, 0.601665, 0.601678, 0.626321, 0.634795, 0.649356, 0.649368, 0.650025, 0.66947, 0.667029, 0.669467, 0.679816, 0.683814, 0.694567, 0.708271, 0.708271, 0.712337, 0.712507, 0.729923, 0.729926, 0.736063, 0.763478, 0.763482, 0.774413, 0.779003, 0.783171, 0.783175, 0.784151, 0.82662
elapsed time for k point: 6 seconds.
solve_kpoint (0.262376,0,0):
Solving for bands 1 to 10...
Finished solving for bands 1 to 10 after 8 iterations.
Solving for bands 11 to 20...
Finished solving for bands 11 to 20 after 11 iterations.
Solving for bands 21 to 30...
Finished solving for bands 21 to 30 after 8 iterations.
Solving for bands 31 to 40...
Finished solving for bands 31 to 40 after 7 iterations.
Finished k-point with 8.5 mean iterations/band.
freqs:, 54, 0.262376, 0, 0, 0.262376, 0.158166, 0.15817, 0.440431, 0.440446, 0.522384, 0.5224, 0.529738, 0.544028, 0.561769, 0.568177, 0.568214, 0.575607, 0.601929, 0.601943, 0.625923, 0.634996, 0.649733, 0.649745, 0.650062, 0.669836, 0.666503, 0.669833, 0.67988, 0.684181, 0.694133, 0.708095, 0.708096, 0.71199, 0.71237, 0.729851, 0.729855, 0.73586, 0.764216, 0.76422, 0.774281, 0.77933, 0.783056, 0.78306, 0.78375, 0.82717
elapsed time for k point: 6 seconds.
solve_kpoint (0.267327,0,0):
Solving for bands 1 to 10...
Finished solving for bands 1 to 10 after 8 iterations.
Solving for bands 11 to 20...
Finished solving for bands 11 to 20 after 11 iterations.
Solving for bands 21 to 30...
Finished solving for bands 21 to 30 after 8 iterations.
Solving for bands 31 to 40...
Finished solving for bands 31 to 40 after 7 iterations.
Finished k-point with 8.5 mean iterations/band.
freqs:, 55, 0.267327, 0, 0, 0.267327, 0.161009, 0.161013, 0.438237, 0.438253, 0.522372, 0.522389, 0.530117, 0.544366, 0.562073, 0.568218, 0.568256, 0.57521, 0.602187, 0.602201, 0.625537, 0.6352, 0.650093, 0.650105, 0.650114, 0.670209, 0.66596, 0.670205, 0.679942, 0.684544, 0.693705, 0.707924, 0.707924, 0.711484, 0.712408, 0.729771, 0.729775, 0.735645, 0.764913, 0.764917, 0.774152, 0.779672, 0.782999, 0.783004, 0.783358, 0.82772
elapsed time for k point: 5 seconds.
solve_kpoint (0.272277,0,0):
Solving for bands 1 to 10...
Finished solving for bands 1 to 10 after 8 iterations.
Solving for bands 11 to 20...
Finished solving for bands 11 to 20 after 11 iterations.
Solving for bands 21 to 30...
Finished solving for bands 21 to 30 after 8 iterations.
Solving for bands 31 to 40...
Finished solving for bands 31 to 40 after 7 iterations.
Finished k-point with 8.5 mean iterations/band.
freqs:, 56, 0.272277, 0, 0, 0.272277, 0.163842, 0.163846, 0.436038, 0.436054, 0.522362, 0.522378, 0.530502, 0.544708, 0.562373, 0.568254, 0.568292, 0.574807, 0.602437, 0.602452, 0.625164, 0.635407, 0.650128, 0.650465, 0.650477, 0.670587, 0.665401, 0.670583, 0.680004, 0.684904, 0.693281, 0.707758, 0.707758, 0.710989, 0.71245, 0.729683, 0.729686, 0.735417, 0.765561, 0.765564, 0.774025, 0.780027, 0.782972, 0.783009, 0.783013, 0.828269
elapsed time for k point: 6 seconds.
solve_kpoint (0.277228,0,0):
Solving for bands 1 to 10...
Finished solving for bands 1 to 10 after 8 iterations.
Solving for bands 11 to 20...
Finished solving for bands 11 to 20 after 11 iterations.
Solving for bands 21 to 30...
Finished solving for bands 21 to 30 after 8 iterations.
Solving for bands 31 to 40...
Finished solving for bands 31 to 40 after 7 iterations.
Finished k-point with 8.5 mean iterations/band.
freqs:, 57, 0.277228, 0, 0, 0.277228, 0.166664, 0.166669, 0.433835, 0.433851, 0.522353, 0.522369, 0.530892, 0.545055, 0.562668, 0.568286, 0.568325, 0.574399, 0.602681, 0.602696, 0.624806, 0.635617, 0.650158, 0.650821, 0.650833, 0.670969, 0.664826, 0.670965, 0.680064, 0.68526, 0.692864, 0.707596, 0.707596, 0.710506, 0.712496, 0.729585, 0.729589, 0.735179, 0.766152, 0.766155, 0.7739, 0.780395, 0.782596, 0.783091, 0.783095, 0.828817
elapsed time for k point: 6 seconds.
solve_kpoint (0.282178,0,0):
Solving for bands 1 to 10...
Finished solving for bands 1 to 10 after 8 iterations.
Solving for bands 11 to 20...
Finished solving for bands 11 to 20 after 12 iterations.
Solving for bands 21 to 30...
Finished solving for bands 21 to 30 after 8 iterations.
Solving for bands 31 to 40...
Finished solving for bands 31 to 40 after 7 iterations.
Finished k-point with 8.75 mean iterations/band.
freqs:, 58, 0.282178, 0, 0, 0.282178, 0.169476, 0.16948, 0.431628, 0.431643, 0.522345, 0.522361, 0.531287, 0.545406, 0.562958, 0.568313, 0.568352, 0.573986, 0.602917, 0.602932, 0.624461, 0.635829, 0.650184, 0.651172, 0.651183, 0.671353, 0.664237, 0.67135, 0.680122, 0.685613, 0.692452, 0.707441, 0.707441, 0.710033, 0.712546, 0.729479, 0.729482, 0.73493, 0.76668, 0.766683, 0.773777, 0.780776, 0.782226, 0.783252, 0.783257, 0.829365
elapsed time for k point: 5 seconds.
solve_kpoint (0.287129,0,0):
Solving for bands 1 to 10...
Finished solving for bands 1 to 10 after 8 iterations.
Solving for bands 11 to 20...
    iteration   26: trace = 3.896193592068427 (0.000429107% change)
    iteration   53: trace = 3.895361824566951 (0.00113124% change)
    iteration   80: trace = 3.885892803350702 (0.000654264% change)
Finished solving for bands 11 to 20 after 93 iterations.
Solving for bands 21 to 30...
Finished solving for bands 21 to 30 after 11 iterations.
Solving for bands 31 to 40...
Finished solving for bands 31 to 40 after 7 iterations.
Finished k-point with 29.75 mean iterations/band.
freqs:, 59, 0.287129, 0, 0, 0.287129, 0.172276, 0.17228, 0.429417, 0.429433, 0.522338, 0.522354, 0.531688, 0.545762, 0.563241, 0.568337, 0.568376, 0.573567, 0.603146, 0.603162, 0.624133, 0.636045, 0.650208, 0.651517, 0.651529, 0.663629, 0.671736, 0.671741, 0.680179, 0.685961, 0.692046, 0.707292, 0.707293, 0.709572, 0.712601, 0.729363, 0.729367, 0.734671, 0.76714, 0.767143, 0.773656, 0.781169, 0.781864, 0.783497, 0.783501, 0.829911
elapsed time for k point: 19 seconds.
solve_kpoint (0.292079,0,0):
Solving for bands 1 to 10...
Finished solving for bands 1 to 10 after 8 iterations.
Solving for bands 11 to 20...
Finished solving for bands 11 to 20 after 11 iterations.
Solving for bands 21 to 30...
Finished solving for bands 21 to 30 after 8 iterations.
Solving for bands 31 to 40...
Finished solving for bands 31 to 40 after 8 iterations.
Finished k-point with 8.75 mean iterations/band.
freqs:, 60, 0.292079, 0, 0, 0.292079, 0.175063, 0.175068, 0.427204, 0.42722, 0.522333, 0.522348, 0.532094, 0.546121, 0.563518, 0.568356, 0.568396, 0.573143, 0.603368, 0.603384, 0.62382, 0.636264, 0.650228, 0.651858, 0.651869, 0.663008, 0.672122, 0.672127, 0.680235, 0.686305, 0.691646, 0.707151, 0.707152, 0.709123, 0.712661, 0.729238, 0.729242, 0.734402, 0.767529, 0.767531, 0.773538, 0.781509, 0.781574, 0.783828, 0.783831, 0.830456
elapsed time for k point: 6 seconds.
solve_kpoint (0.29703,0,0):
Solving for bands 1 to 10...
Finished solving for bands 1 to 10 after 8 iterations.
Solving for bands 11 to 20...
Finished solving for bands 11 to 20 after 11 iterations.
Solving for bands 21 to 30...
Finished solving for bands 21 to 30 after 8 iterations.
Solving for bands 31 to 40...
Finished solving for bands 31 to 40 after 8 iterations.
Finished k-point with 8.75 mean iterations/band.
freqs:, 61, 0.29703, 0, 0, 0.29703, 0.177838, 0.177843, 0.424989, 0.425005, 0.522328, 0.522343, 0.532504, 0.546485, 0.563787, 0.568372, 0.568412, 0.572714, 0.603583, 0.6036, 0.623524, 0.636485, 0.650245, 0.652195, 0.652206, 0.662371, 0.672506, 0.672512, 0.680289, 0.686646, 0.691253, 0.707018, 0.707019, 0.708685, 0.712726, 0.729103, 0.729107, 0.734125, 0.767845, 0.767848, 0.773423, 0.781162, 0.781989, 0.784245, 0.784248, 0.831
elapsed time for k point: 6 seconds.
solve_kpoint (0.30198,0,0):
Solving for bands 1 to 10...
Finished solving for bands 1 to 10 after 8 iterations.
Solving for bands 11 to 20...
Finished solving for bands 11 to 20 after 11 iterations.
Solving for bands 21 to 30...
Finished solving for bands 21 to 30 after 8 iterations.
Solving for bands 31 to 40...
Finished solving for bands 31 to 40 after 8 iterations.
Finished k-point with 8.75 mean iterations/band.
freqs:, 62, 0.30198, 0, 0, 0.30198, 0.1806, 0.180604, 0.422772, 0.422788, 0.522325, 0.522339, 0.53292, 0.546853, 0.564048, 0.568384, 0.568424, 0.572281, 0.603791, 0.603808, 0.623246, 0.636709, 0.650258, 0.652528, 0.652539, 0.661721, 0.672888, 0.672893, 0.680342, 0.686983, 0.690866, 0.706894, 0.706895, 0.708259, 0.712796, 0.72896, 0.728964, 0.733839, 0.768092, 0.768093, 0.773311, 0.780821, 0.782416, 0.784746, 0.784749, 0.831542
elapsed time for k point: 6 seconds.
solve_kpoint (0.306931,0,0):
Solving for bands 1 to 10...
Finished solving for bands 1 to 10 after 8 iterations.
Solving for bands 11 to 20...
Finished solving for bands 11 to 20 after 11 iterations.
Solving for bands 21 to 30...
Finished solving for bands 21 to 30 after 8 iterations.
Solving for bands 31 to 40...
Finished solving for bands 31 to 40 after 9 iterations.
Finished k-point with 9 mean iterations/band.
freqs:, 63, 0.306931, 0, 0, 0.306931, 0.183348, 0.183352, 0.420556, 0.420572, 0.522322, 0.522337, 0.53334, 0.547224, 0.5643, 0.568393, 0.568434, 0.571843, 0.603992, 0.604009, 0.622986, 0.636936, 0.650267, 0.652859, 0.652869, 0.661057, 0.673264, 0.67327, 0.680393, 0.687315, 0.690486, 0.70678, 0.706781, 0.707844, 0.712871, 0.728806, 0.72881, 0.733546, 0.768271, 0.768272, 0.773202, 0.780488, 0.782852, 0.785326, 0.785329, 0.832082
elapsed time for k point: 6 seconds.
solve_kpoint (0.311881,0,0):
Solving for bands 1 to 10...
Finished solving for bands 1 to 10 after 8 iterations.
Solving for bands 11 to 20...
Finished solving for bands 11 to 20 after 11 iterations.
Solving for bands 21 to 30...
Finished solving for bands 21 to 30 after 8 iterations.
Solving for bands 31 to 40...
    iteration   24: trace = 5.99760593776976 (0.000279037% change)
    iteration   48: trace = 5.997014536409514 (0.000488414% change)
    iteration   72: trace = 5.988014827785487 (0.0261883% change)
Finished solving for bands 31 to 40 after 91 iterations.
Finished k-point with 29.5 mean iterations/band.
freqs:, 64, 0.311881, 0, 0, 0.311881, 0.18608, 0.186085, 0.41834, 0.418356, 0.522321, 0.522335, 0.533766, 0.547599, 0.564542, 0.568399, 0.56844, 0.5714, 0.604187, 0.604204, 0.622746, 0.637165, 0.650273, 0.653186, 0.653196, 0.66038, 0.673635, 0.67364, 0.680442, 0.687644, 0.690113, 0.706677, 0.706678, 0.707441, 0.712952, 0.728643, 0.728648, 0.733246, 0.768389, 0.76839, 0.773096, 0.780161, 0.783298, 0.78598, 0.785982, 0.825298
elapsed time for k point: 20 seconds.
solve_kpoint (0.316832,0,0):
Solving for bands 1 to 10...
Finished solving for bands 1 to 10 after 8 iterations.
Solving for bands 11 to 20...
Finished solving for bands 11 to 20 after 11 iterations.
Solving for bands 21 to 30...
Finished solving for bands 21 to 30 after 8 iterations.
Solving for bands 31 to 40...
Finished solving for bands 31 to 40 after 8 iterations.
Finished k-point with 8.75 mean iterations/band.
freqs:, 65, 0.316832, 0, 0, 0.316832, 0.188797, 0.188802, 0.416125, 0.416141, 0.52232, 0.522334, 0.534195, 0.547978, 0.564774, 0.568403, 0.568443, 0.570952, 0.604374, 0.604391, 0.622525, 0.637397, 0.650274, 0.653511, 0.653521, 0.659689, 0.673998, 0.674003, 0.68049, 0.687969, 0.689746, 0.706585, 0.706586, 0.707049, 0.713037, 0.728471, 0.728475, 0.732939, 0.768453, 0.768454, 0.772993, 0.779841, 0.783753, 0.7867, 0.786702, 0.825347
elapsed time for k point: 6 seconds.
solve_kpoint (0.321782,0,0):
Solving for bands 1 to 10...
Finished solving for bands 1 to 10 after 8 iterations.
Solving for bands 11 to 20...
Finished solving for bands 11 to 20 after 10 iterations.
Solving for bands 21 to 30...
Finished solving for bands 21 to 30 after 8 iterations.
Solving for bands 31 to 40...
Finished solving for bands 31 to 40 after 8 iterations.
Finished k-point with 8.5 mean iterations/band.
freqs:, 66, 0.321782, 0, 0, 0.321782, 0.191498, 0.191502, 0.413912, 0.413928, 0.52232, 0.522334, 0.53463, 0.548359, 0.564994, 0.568403, 0.568444, 0.5705, 0.604554, 0.604572, 0.622325, 0.63763, 0.650271, 0.653834, 0.653844, 0.658987, 0.674352, 0.674358, 0.680536, 0.68829, 0.689387, 0.706505, 0.706507, 0.706668, 0.713129, 0.728288, 0.728293, 0.732626, 0.76847, 0.76847, 0.772894, 0.779528, 0.784216, 0.787478, 0.78748, 0.825394
elapsed time for k point: 5 seconds.
solve_kpoint (0.326733,0,0):
Solving for bands 1 to 10...
Finished solving for bands 1 to 10 after 8 iterations.
Solving for bands 11 to 20...
Finished solving for bands 11 to 20 after 11 iterations.
Solving for bands 21 to 30...
Finished solving for bands 21 to 30 after 8 iterations.
Solving for bands 31 to 40...
Finished solving for bands 31 to 40 after 8 iterations.
Finished k-point with 8.75 mean iterations/band.
freqs:, 67, 0.326733, 0, 0, 0.326733, 0.194181, 0.194186, 0.411703, 0.411719, 0.522321, 0.522334, 0.535068, 0.548744, 0.565203, 0.568401, 0.568443, 0.570044, 0.604728, 0.604746, 0.622146, 0.637866, 0.650263, 0.654155, 0.654164, 0.658273, 0.674696, 0.674702, 0.68058, 0.688607, 0.689036, 0.706299, 0.706439, 0.70644, 0.713226, 0.728096, 0.728101, 0.732307, 0.768445, 0.768446, 0.772798, 0.779222, 0.784688, 0.788306, 0.788308, 0.825438
elapsed time for k point: 6 seconds.
solve_kpoint (0.331683,0,0):
Solving for bands 1 to 10...
Finished solving for bands 1 to 10 after 8 iterations.
Solving for bands 11 to 20...
Finished solving for bands 11 to 20 after 10 iterations.
Solving for bands 21 to 30...
Finished solving for bands 21 to 30 after 8 iterations.
Solving for bands 31 to 40...
Finished solving for bands 31 to 40 after 8 iterations.
Finished k-point with 8.5 mean iterations/band.
freqs:, 68, 0.331683, 0, 0, 0.331683, 0.196846, 0.19685, 0.409499, 0.409515, 0.522323, 0.522336, 0.535511, 0.549132, 0.565398, 0.568397, 0.568439, 0.569584, 0.604895, 0.604914, 0.621989, 0.638104, 0.650251, 0.654474, 0.654483, 0.657548, 0.675029, 0.675035, 0.680623, 0.688692, 0.688919, 0.705939, 0.706386, 0.706387, 0.713329, 0.727895, 0.7279, 0.731983, 0.768387, 0.768388, 0.772706, 0.778922, 0.785168, 0.789177, 0.789178, 0.825481
elapsed time for k point: 6 seconds.
solve_kpoint (0.336634,0,0):
Solving for bands 1 to 10...
Finished solving for bands 1 to 10 after 8 iterations.
Solving for bands 11 to 20...
Finished solving for bands 11 to 20 after 10 iterations.
Solving for bands 21 to 30...
Finished solving for bands 21 to 30 after 8 iterations.
Solving for bands 31 to 40...
Finished solving for bands 31 to 40 after 8 iterations.
Finished k-point with 8.5 mean iterations/band.
freqs:, 69, 0.336634, 0, 0, 0.336634, 0.199491, 0.199496, 0.407299, 0.407316, 0.522325, 0.522338, 0.535959, 0.549523, 0.565581, 0.568391, 0.568433, 0.56912, 0.605056, 0.605075, 0.621855, 0.638344, 0.650234, 0.654792, 0.654801, 0.656813, 0.675349, 0.675355, 0.680664, 0.688356, 0.689228, 0.705591, 0.706347, 0.706349, 0.713437, 0.727684, 0.727689, 0.731654, 0.768301, 0.768302, 0.772618, 0.778629, 0.785655, 0.790084, 0.790085, 0.825521
elapsed time for k point: 6 seconds.
solve_kpoint (0.341584,0,0):
Solving for bands 1 to 10...
Finished solving for bands 1 to 10 after 8 iterations.
Solving for bands 11 to 20...
Finished solving for bands 11 to 20 after 9 iterations.
Solving for bands 21 to 30...
Finished solving for bands 21 to 30 after 8 iterations.
Solving for bands 31 to 40...
Finished solving for bands 31 to 40 after 9 iterations.
Finished k-point with 8.5 mean iterations/band.
freqs:, 70, 0.341584, 0, 0, 0.341584, 0.202116, 0.20212, 0.405107, 0.405124, 0.522328, 0.522341, 0.53641, 0.549917, 0.565749, 0.568383, 0.568425, 0.568652, 0.60521, 0.605229, 0.621744, 0.638586, 0.650212, 0.655108, 0.655117, 0.656068, 0.675656, 0.675662, 0.680704, 0.688027, 0.689533, 0.705252, 0.706324, 0.706326, 0.713552, 0.727464, 0.727469, 0.731321, 0.768192, 0.768194, 0.772534, 0.778343, 0.78615, 0.79102, 0.791021, 0.82556
elapsed time for k point: 5 seconds.
solve_kpoint (0.346535,0,0):
Solving for bands 1 to 10...
Finished solving for bands 1 to 10 after 8 iterations.
Solving for bands 11 to 20...
Finished solving for bands 11 to 20 after 9 iterations.
Solving for bands 21 to 30...
Finished solving for bands 21 to 30 after 8 iterations.
Solving for bands 31 to 40...
Finished solving for bands 31 to 40 after 9 iterations.
Finished k-point with 8.5 mean iterations/band.
freqs:, 71, 0.346535, 0, 0, 0.346535, 0.204718, 0.204722, 0.402923, 0.40294, 0.522332, 0.522344, 0.536866, 0.550313, 0.565903, 0.568373, 0.56818, 0.568416, 0.605358, 0.605377, 0.621658, 0.638829, 0.650184, 0.655314, 0.655423, 0.655431, 0.675948, 0.675954, 0.680742, 0.687707, 0.689834, 0.704923, 0.706316, 0.706318, 0.713673, 0.727234, 0.727239, 0.730985, 0.768066, 0.768068, 0.772454, 0.778063, 0.786651, 0.791979, 0.791981, 0.825597
elapsed time for k point: 6 seconds.
solve_kpoint (0.351485,0,0):
Solving for bands 1 to 10...
Finished solving for bands 1 to 10 after 8 iterations.
Solving for bands 11 to 20...
Finished solving for bands 11 to 20 after 9 iterations.
Solving for bands 21 to 30...
Finished solving for bands 21 to 30 after 8 iterations.
Solving for bands 31 to 40...
Finished solving for bands 31 to 40 after 9 iterations.
Finished k-point with 8.5 mean iterations/band.
freqs:, 72, 0.351485, 0, 0, 0.351485, 0.207297, 0.207301, 0.400749, 0.400765, 0.522336, 0.522348, 0.537325, 0.550711, 0.566041, 0.568362, 0.567705, 0.568405, 0.6055, 0.605519, 0.621596, 0.639074, 0.650152, 0.654552, 0.655736, 0.655744, 0.676225, 0.676231, 0.680778, 0.687395, 0.690131, 0.704603, 0.706325, 0.706327, 0.713799, 0.726995, 0.727, 0.730645, 0.767925, 0.767928, 0.772378, 0.777789, 0.787158, 0.792958, 0.792959, 0.825634
elapsed time for k point: 6 seconds.
solve_kpoint (0.356436,0,0):
Solving for bands 1 to 10...
Finished solving for bands 1 to 10 after 8 iterations.
Solving for bands 11 to 20...
Finished solving for bands 11 to 20 after 9 iterations.
Solving for bands 21 to 30...
Finished solving for bands 21 to 30 after 8 iterations.
Solving for bands 31 to 40...
Finished solving for bands 31 to 40 after 9 iterations.
Finished k-point with 8.5 mean iterations/band.
freqs:, 73, 0.356436, 0, 0, 0.356436, 0.209851, 0.209855, 0.398586, 0.398602, 0.522341, 0.522353, 0.537788, 0.551111, 0.566164, 0.568349, 0.567226, 0.568392, 0.605635, 0.605655, 0.621558, 0.63932, 0.650113, 0.653783, 0.656048, 0.656055, 0.676486, 0.676492, 0.680813, 0.687091, 0.690425, 0.704292, 0.706351, 0.706353, 0.713932, 0.726747, 0.726752, 0.730302, 0.767774, 0.767777, 0.772306, 0.777521, 0.787671, 0.793949, 0.793951, 0.825669
elapsed time for k point: 5 seconds.
solve_kpoint (0.361386,0,0):
Solving for bands 1 to 10...
Finished solving for bands 1 to 10 after 8 iterations.
Solving for bands 11 to 20...
Finished solving for bands 11 to 20 after 9 iterations.
Solving for bands 21 to 30...
Finished solving for bands 21 to 30 after 8 iterations.
Solving for bands 31 to 40...
Finished solving for bands 31 to 40 after 9 iterations.
Finished k-point with 8.5 mean iterations/band.
freqs:, 74, 0.361386, 0, 0, 0.361386, 0.212378, 0.212382, 0.396436, 0.396452, 0.522346, 0.522358, 0.538255, 0.551514, 0.566271, 0.568335, 0.566743, 0.568379, 0.605764, 0.605784, 0.621547, 0.639568, 0.650069, 0.653006, 0.656357, 0.656364, 0.676729, 0.676736, 0.680847, 0.686796, 0.690714, 0.70399, 0.706393, 0.706396, 0.714071, 0.72649, 0.726496, 0.729956, 0.767616, 0.767619, 0.772238, 0.77726, 0.788191, 0.794951, 0.794952, 0.825704
elapsed time for k point: 6 seconds.
solve_kpoint (0.366337,0,0):
Solving for bands 1 to 10...
Finished solving for bands 1 to 10 after 8 iterations.
Solving for bands 11 to 20...
Finished solving for bands 11 to 20 after 8 iterations.
Solving for bands 21 to 30...
Finished solving for bands 21 to 30 after 8 iterations.
Solving for bands 31 to 40...
Finished solving for bands 31 to 40 after 10 iterations.
Finished k-point with 8.5 mean iterations/band.
freqs:, 75, 0.366337, 0, 0, 0.366337, 0.214877, 0.214881, 0.394301, 0.394317, 0.522352, 0.522363, 0.538726, 0.551918, 0.56636, 0.56832, 0.566258, 0.568364, 0.605888, 0.605908, 0.621561, 0.639817, 0.65002, 0.652224, 0.656665, 0.656671, 0.676956, 0.676962, 0.680879, 0.686509, 0.690999, 0.703696, 0.706453, 0.706456, 0.714216, 0.726225, 0.72623, 0.729609, 0.767453, 0.767456, 0.772175, 0.777005, 0.788715, 0.795957, 0.795959, 0.825737
elapsed time for k point: 6 seconds.
solve_kpoint (0.371287,0,0):
Solving for bands 1 to 10...
Finished solving for bands 1 to 10 after 8 iterations.
Solving for bands 11 to 20...
Finished solving for bands 11 to 20 after 8 iterations.
Solving for bands 21 to 30...
Finished solving for bands 21 to 30 after 8 iterations.
Solving for bands 31 to 40...
Finished solving for bands 31 to 40 after 10 iterations.
Finished k-point with 8.5 mean iterations/band.
freqs:, 76, 0.371287, 0, 0, 0.371287, 0.217345, 0.217349, 0.392182, 0.392199, 0.522357, 0.522369, 0.5392, 0.552323, 0.566433, 0.568304, 0.565769, 0.568348, 0.606005, 0.606026, 0.621602, 0.640067, 0.649964, 0.651436, 0.65697, 0.656976, 0.677165, 0.677171, 0.680911, 0.68623, 0.691281, 0.70341, 0.706531, 0.706534, 0.714368, 0.725951, 0.725957, 0.729259, 0.767286, 0.76729, 0.772117, 0.776757, 0.789245, 0.796966, 0.796968, 0.82577
elapsed time for k point: 5 seconds.
solve_kpoint (0.376238,0,0):
Solving for bands 1 to 10...
Finished solving for bands 1 to 10 after 8 iterations.
Solving for bands 11 to 20...
Finished solving for bands 11 to 20 after 8 iterations.
Solving for bands 21 to 30...
Finished solving for bands 21 to 30 after 8 iterations.
Solving for bands 31 to 40...
    iteration   24: trace = 6.012778217474981 (0.000289952% change)
    iteration   48: trace = 6.012220901767937 (0.000594412% change)
    iteration   72: trace = 6.003878292115443 (0.0169213% change)
Finished solving for bands 31 to 40 after 85 iterations.
Finished k-point with 27.25 mean iterations/band.
freqs:, 77, 0.376238, 0, 0, 0.376238, 0.219781, 0.219785, 0.390083, 0.3901, 0.522364, 0.522375, 0.539677, 0.55273, 0.566488, 0.568288, 0.565277, 0.568332, 0.606117, 0.606138, 0.621669, 0.640317, 0.649902, 0.650644, 0.657272, 0.657278, 0.677356, 0.677362, 0.680941, 0.685961, 0.691559, 0.703132, 0.706627, 0.706629, 0.714526, 0.72567, 0.725675, 0.728908, 0.767119, 0.767123, 0.772063, 0.776514, 0.789779, 0.797973, 0.797976, 0.819139
elapsed time for k point: 19 seconds.
solve_kpoint (0.381188,0,0):
Solving for bands 1 to 10...
Finished solving for bands 1 to 10 after 8 iterations.
Solving for bands 11 to 20...
Finished solving for bands 11 to 20 after 8 iterations.
Solving for bands 21 to 30...
Finished solving for bands 21 to 30 after 8 iterations.
Solving for bands 31 to 40...
Finished solving for bands 31 to 40 after 10 iterations.
Finished k-point with 8.5 mean iterations/band.
freqs:, 78, 0.381188, 0, 0, 0.381188, 0.222181, 0.222186, 0.388006, 0.388023, 0.52237, 0.522381, 0.540158, 0.553138, 0.566525, 0.56827, 0.564783, 0.568315, 0.606224, 0.606245, 0.621764, 0.640569, 0.649834, 0.649849, 0.657571, 0.657577, 0.677529, 0.677535, 0.68097, 0.6857, 0.691833, 0.70286, 0.70674, 0.706742, 0.71469, 0.72538, 0.725386, 0.728555, 0.766952, 0.766956, 0.772014, 0.776278, 0.790318, 0.798975, 0.798978, 0.81854
elapsed time for k point: 5 seconds.
solve_kpoint (0.386139,0,0):
Solving for bands 1 to 10...
Finished solving for bands 1 to 10 after 8 iterations.
Solving for bands 11 to 20...
Finished solving for bands 11 to 20 after 8 iterations.
Solving for bands 21 to 30...
Finished solving for bands 21 to 30 after 8 iterations.
Solving for bands 31 to 40...
Finished solving for bands 31 to 40 after 10 iterations.
Finished k-point with 8.5 mean iterations/band.
freqs:, 79, 0.386139, 0, 0, 0.386139, 0.224544, 0.224549, 0.385952, 0.385969, 0.522377, 0.522388, 0.540642, 0.553546, 0.566545, 0.568253, 0.564286, 0.568297, 0.606325, 0.606346, 0.621885, 0.640821, 0.649049, 0.649761, 0.657867, 0.657873, 0.677684, 0.677691, 0.680999, 0.685447, 0.692104, 0.702595, 0.70687, 0.706873, 0.714861, 0.725084, 0.72509, 0.728202, 0.766786, 0.76679, 0.77197, 0.776048, 0.790862, 0.79997, 0.799973, 0.81794
elapsed time for k point: 6 seconds.
solve_kpoint (0.391089,0,0):
Solving for bands 1 to 10...
Finished solving for bands 1 to 10 after 8 iterations.
Solving for bands 11 to 20...
Finished solving for bands 11 to 20 after 8 iterations.
Solving for bands 21 to 30...
Finished solving for bands 21 to 30 after 8 iterations.
Solving for bands 31 to 40...
Finished solving for bands 31 to 40 after 10 iterations.
Finished k-point with 8.5 mean iterations/band.
freqs:, 80, 0.391089, 0, 0, 0.391089, 0.226867, 0.226871, 0.383926, 0.383943, 0.522384, 0.522394, 0.541129, 0.553955, 0.566546, 0.568235, 0.563786, 0.56828, 0.60642, 0.606442, 0.622033, 0.641073, 0.648248, 0.64968, 0.658159, 0.658164, 0.677822, 0.677828, 0.681027, 0.685204, 0.69237, 0.702336, 0.707017, 0.70702, 0.715037, 0.724781, 0.724787, 0.727848, 0.766623, 0.766628, 0.771931, 0.775824, 0.79141, 0.800953, 0.800956, 0.81734
elapsed time for k point: 6 seconds.
solve_kpoint (0.39604,0,0):
Solving for bands 1 to 10...
Finished solving for bands 1 to 10 after 8 iterations.
Solving for bands 11 to 20...
Finished solving for bands 11 to 20 after 8 iterations.
Solving for bands 21 to 30...
Finished solving for bands 21 to 30 after 8 iterations.
Solving for bands 31 to 40...
Finished solving for bands 31 to 40 after 10 iterations.
Finished k-point with 8.5 mean iterations/band.
freqs:, 81, 0.39604, 0, 0, 0.39604, 0.229145, 0.22915, 0.38193, 0.381947, 0.522391, 0.522401, 0.541619, 0.554365, 0.566529, 0.568216, 0.563283, 0.568262, 0.606511, 0.606532, 0.622209, 0.641326, 0.647445, 0.649594, 0.658446, 0.658451, 0.677943, 0.677949, 0.681054, 0.684969, 0.692633, 0.702083, 0.707181, 0.707184, 0.715221, 0.724472, 0.724478, 0.727494, 0.766464, 0.766468, 0.771897, 0.775607, 0.791961, 0.801922, 0.801925, 0.81674
elapsed time for k point: 6 seconds.
solve_kpoint (0.40099,0,0):
Solving for bands 1 to 10...
Finished solving for bands 1 to 10 after 8 iterations.
Solving for bands 11 to 20...
Finished solving for bands 11 to 20 after 8 iterations.
Solving for bands 21 to 30...
Finished solving for bands 21 to 30 after 8 iterations.
Solving for bands 31 to 40...
Finished solving for bands 31 to 40 after 10 iterations.
Finished k-point with 8.5 mean iterations/band.
freqs:, 82, 0.40099, 0, 0, 0.40099, 0.231377, 0.231381, 0.379968, 0.379985, 0.522398, 0.522408, 0.542112, 0.554774, 0.566494, 0.568198, 0.562779, 0.568244, 0.606596, 0.606617, 0.622411, 0.641579, 0.646641, 0.649501, 0.658728, 0.658733, 0.678047, 0.678053, 0.681082, 0.684743, 0.692893, 0.701836, 0.707361, 0.707364, 0.71541, 0.724157, 0.724163, 0.72714, 0.766309, 0.766314, 0.771868, 0.775395, 0.792516, 0.802874, 0.802877, 0.81614
elapsed time for k point: 5 seconds.
solve_kpoint (0.405941,0,0):
Solving for bands 1 to 10...
Finished solving for bands 1 to 10 after 8 iterations.
Solving for bands 11 to 20...
Finished solving for bands 11 to 20 after 8 iterations.
Solving for bands 21 to 30...
Finished solving for bands 21 to 30 after 8 iterations.
Solving for bands 31 to 40...
Finished solving for bands 31 to 40 after 11 iterations.
Finished k-point with 8.75 mean iterations/band.
freqs:, 83, 0.405941, 0, 0, 0.405941, 0.233558, 0.233562, 0.378044, 0.378061, 0.522405, 0.522415, 0.542607, 0.555183, 0.566441, 0.568179, 0.562272, 0.568226, 0.606676, 0.606698, 0.62264, 0.641831, 0.645837, 0.649401, 0.659005, 0.659009, 0.678135, 0.678141, 0.681109, 0.684526, 0.693149, 0.701593, 0.707555, 0.707559, 0.715606, 0.723837, 0.723843, 0.726786, 0.766159, 0.766164, 0.771844, 0.77519, 0.793075, 0.803805, 0.803809, 0.815539
elapsed time for k point: 6 seconds.
solve_kpoint (0.410891,0,0):
Solving for bands 1 to 10...
    iteration   30: trace = 2.18692038856434 (0.000425699% change)
    iteration   60: trace = 2.186570587770341 (0.000560154% change)
    iteration   90: trace = 2.179970798813248 (0.000118519% change)
Finished solving for bands 1 to 10 after 100 iterations.
Solving for bands 11 to 20...
Finished solving for bands 11 to 20 after 12 iterations.
Solving for bands 21 to 30...
Finished solving for bands 21 to 30 after 8 iterations.
Solving for bands 31 to 40...
Finished solving for bands 31 to 40 after 11 iterations.
Finished k-point with 32.75 mean iterations/band.
freqs:, 84, 0.410891, 0, 0, 0.410891, 0.235683, 0.235687, 0.376161, 0.376178, 0.522412, 0.522422, 0.543105, 0.555592, 0.561762, 0.566371, 0.568159, 0.56821, 0.606752, 0.606773, 0.622897, 0.642084, 0.645034, 0.649295, 0.659275, 0.659279, 0.678208, 0.678214, 0.681136, 0.684318, 0.693402, 0.701355, 0.707764, 0.707767, 0.715808, 0.723513, 0.72352, 0.726433, 0.766015, 0.76602, 0.771825, 0.77499, 0.793637, 0.804714, 0.804718, 0.814938
elapsed time for k point: 19 seconds.
solve_kpoint (0.415842,0,0):
Solving for bands 1 to 10...
Finished solving for bands 1 to 10 after 8 iterations.
Solving for bands 11 to 20...
Finished solving for bands 11 to 20 after 9 iterations.
Solving for bands 21 to 30...
Finished solving for bands 21 to 30 after 8 iterations.
Solving for bands 31 to 40...
Finished solving for bands 31 to 40 after 11 iterations.
Finished k-point with 9 mean iterations/band.
freqs:, 85, 0.415842, 0, 0, 0.415842, 0.23775, 0.237753, 0.374324, 0.374342, 0.522418, 0.522428, 0.543606, 0.555999, 0.561251, 0.566282, 0.568141, 0.568193, 0.606822, 0.606844, 0.623179, 0.642336, 0.644232, 0.649183, 0.659537, 0.659541, 0.678266, 0.678272, 0.681163, 0.684118, 0.693652, 0.701122, 0.707986, 0.707989, 0.716016, 0.723186, 0.723192, 0.726081, 0.765877, 0.765882, 0.771811, 0.774797, 0.794201, 0.805595, 0.8056, 0.814337
elapsed time for k point: 6 seconds.
solve_kpoint (0.420792,0,0):
Solving for bands 1 to 10...
Finished solving for bands 1 to 10 after 8 iterations.
Solving for bands 11 to 20...
Finished solving for bands 11 to 20 after 9 iterations.
Solving for bands 21 to 30...
Finished solving for bands 21 to 30 after 9 iterations.
Solving for bands 31 to 40...
Finished solving for bands 31 to 40 after 11 iterations.
Finished k-point with 9.25 mean iterations/band.
freqs:, 86, 0.420792, 0, 0, 0.420792, 0.239751, 0.239755, 0.372539, 0.372556, 0.522425, 0.522435, 0.544109, 0.556405, 0.560738, 0.566176, 0.568124, 0.568176, 0.606888, 0.60691, 0.623488, 0.642587, 0.643433, 0.649064, 0.659792, 0.659796, 0.678312, 0.678318, 0.681191, 0.683927, 0.693898, 0.700892, 0.708219, 0.708222, 0.716231, 0.722856, 0.722863, 0.725729, 0.765745, 0.76575, 0.771803, 0.77461, 0.794769, 0.806448, 0.806452, 0.813736
elapsed time for k point: 6 seconds.
solve_kpoint (0.425743,0,0):
Solving for bands 1 to 10...
Finished solving for bands 1 to 10 after 7 iterations.
Solving for bands 11 to 20...
Finished solving for bands 11 to 20 after 9 iterations.
Solving for bands 21 to 30...
Finished solving for bands 21 to 30 after 9 iterations.
Solving for bands 31 to 40...
Finished solving for bands 31 to 40 after 11 iterations.
Finished k-point with 9 mean iterations/band.
freqs:, 87, 0.425743, 0, 0, 0.425743, 0.241684, 0.241687, 0.37081, 0.370827, 0.522432, 0.522441, 0.544614, 0.55681, 0.560223, 0.566052, 0.568107, 0.568159, 0.60695, 0.606972, 0.623822, 0.642636, 0.642837, 0.648938, 0.660037, 0.660041, 0.678345, 0.678351, 0.68122, 0.683744, 0.694141, 0.700666, 0.708462, 0.708465, 0.716451, 0.722525, 0.722531, 0.725379, 0.76562, 0.765626, 0.771801, 0.774429, 0.79534, 0.807267, 0.807272, 0.813134
elapsed time for k point: 7 seconds.
solve_kpoint (0.430693,0,0):
Solving for bands 1 to 10...
Finished solving for bands 1 to 10 after 7 iterations.
Solving for bands 11 to 20...
Finished solving for bands 11 to 20 after 9 iterations.
Solving for bands 21 to 30...
Finished solving for bands 21 to 30 after 10 iterations.
Solving for bands 31 to 40...
Finished solving for bands 31 to 40 after 12 iterations.
Finished k-point with 9.5 mean iterations/band.
freqs:, 88, 0.430693, 0, 0, 0.430693, 0.24354, 0.243544, 0.369143, 0.369161, 0.522438, 0.522447, 0.545122, 0.557213, 0.559707, 0.565912, 0.568091, 0.568143, 0.607007, 0.607029, 0.624182, 0.641844, 0.643087, 0.648807, 0.660273, 0.660277, 0.678368, 0.678374, 0.68125, 0.68357, 0.694381, 0.700443, 0.708714, 0.708717, 0.716678, 0.722194, 0.722201, 0.725031, 0.765503, 0.765508, 0.771804, 0.774254, 0.795913, 0.808051, 0.808056, 0.812533
elapsed time for k point: 6 seconds.
solve_kpoint (0.435644,0,0):
Solving for bands 1 to 10...
Finished solving for bands 1 to 10 after 7 iterations.
Solving for bands 11 to 20...
Finished solving for bands 11 to 20 after 11 iterations.
Solving for bands 21 to 30...
Finished solving for bands 21 to 30 after 10 iterations.
Solving for bands 31 to 40...
Finished solving for bands 31 to 40 after 12 iterations.
Finished k-point with 10 mean iterations/band.
freqs:, 89, 0.435644, 0, 0, 0.435644, 0.245316, 0.245319, 0.367544, 0.367562, 0.522444, 0.522453, 0.545631, 0.557614, 0.559189, 0.565755, 0.568076, 0.568128, 0.607059, 0.607082, 0.624567, 0.641055, 0.643335, 0.648669, 0.660499, 0.660502, 0.678382, 0.678388, 0.68128, 0.683404, 0.694618, 0.700223, 0.708972, 0.708975, 0.71691, 0.721864, 0.721871, 0.724684, 0.765392, 0.765398, 0.771812, 0.774085, 0.796488, 0.808796, 0.808802, 0.811932
elapsed time for k point: 7 seconds.
solve_kpoint (0.440594,0,0):
Solving for bands 1 to 10...
Finished solving for bands 1 to 10 after 7 iterations.
Solving for bands 11 to 20...
Finished solving for bands 11 to 20 after 10 iterations.
Solving for bands 21 to 30...
Finished solving for bands 21 to 30 after 12 iterations.
Solving for bands 31 to 40...
Finished solving for bands 31 to 40 after 12 iterations.
Finished k-point with 10.25 mean iterations/band.
freqs:, 90, 0.440594, 0, 0, 0.440594, 0.247003, 0.247006, 0.366021, 0.366039, 0.52245, 0.522459, 0.546142, 0.558012, 0.55867, 0.565582, 0.568061, 0.568113, 0.607108, 0.60713, 0.624976, 0.640272, 0.643582, 0.648525, 0.660712, 0.660716, 0.678387, 0.678393, 0.681313, 0.683246, 0.694852, 0.700005, 0.709235, 0.709238, 0.717149, 0.721538, 0.721545, 0.72434, 0.765289, 0.765295, 0.771826, 0.773923, 0.797066, 0.809499, 0.809505, 0.81133
elapsed time for k point: 7 seconds.
solve_kpoint (0.445545,0,0):
Solving for bands 1 to 10...
Finished solving for bands 1 to 10 after 7 iterations.
Solving for bands 11 to 20...
Finished solving for bands 11 to 20 after 11 iterations.
Solving for bands 21 to 30...
Finished solving for bands 21 to 30 after 12 iterations.
Solving for bands 31 to 40...
Finished solving for bands 31 to 40 after 12 iterations.
Finished k-point with 10.5 mean iterations/band.
freqs:, 91, 0.445545, 0, 0, 0.445545, 0.248595, 0.248598, 0.364579, 0.364597, 0.522455, 0.522464, 0.546655, 0.558149, 0.558407, 0.565393, 0.568047, 0.568099, 0.607152, 0.607174, 0.625408, 0.639494, 0.643827, 0.648374, 0.660914, 0.660917, 0.678385, 0.678391, 0.681347, 0.683096, 0.695084, 0.69979, 0.7095, 0.709502, 0.717393, 0.721216, 0.721223, 0.723997, 0.765194, 0.7652, 0.771846, 0.773766, 0.797646, 0.810158, 0.810163, 0.810729
elapsed time for k point: 7 seconds.
solve_kpoint (0.450495,0,0):
Solving for bands 1 to 10...
Finished solving for bands 1 to 10 after 7 iterations.
Solving for bands 11 to 20...
Finished solving for bands 11 to 20 after 11 iterations.
Solving for bands 21 to 30...
Finished solving for bands 21 to 30 after 12 iterations.
Solving for bands 31 to 40...
Finished solving for bands 31 to 40 after 12 iterations.
Finished k-point with 10.5 mean iterations/band.
freqs:, 92, 0.450495, 0, 0, 0.450495, 0.250085, 0.250088, 0.363227, 0.363245, 0.52246, 0.522469, 0.54717, 0.557628, 0.558798, 0.56519, 0.568034, 0.568087, 0.607192, 0.607215, 0.625864, 0.638724, 0.64407, 0.648218, 0.661101, 0.661104, 0.678378, 0.678384, 0.681383, 0.682954, 0.695313, 0.699577, 0.709764, 0.709766, 0.717643, 0.720902, 0.720909, 0.723657, 0.765107, 0.765113, 0.771871, 0.773615, 0.798228, 0.810128, 0.810769, 0.810774
elapsed time for k point: 7 seconds.
solve_kpoint (0.455446,0,0):
Solving for bands 1 to 10...
Finished solving for bands 1 to 10 after 7 iterations.
Solving for bands 11 to 20...
Finished solving for bands 11 to 20 after 11 iterations.
Solving for bands 21 to 30...
Finished solving for bands 21 to 30 after 12 iterations.
Solving for bands 31 to 40...
Finished solving for bands 31 to 40 after 12 iterations.
Finished k-point with 10.5 mean iterations/band.
freqs:, 93, 0.455446, 0, 0, 0.455446, 0.251464, 0.251467, 0.361971, 0.36199, 0.522465, 0.522474, 0.547687, 0.557106, 0.559186, 0.564972, 0.568022, 0.568075, 0.607228, 0.607251, 0.626342, 0.637961, 0.644311, 0.648056, 0.661275, 0.661278, 0.678367, 0.678372, 0.681421, 0.68282, 0.695539, 0.699365, 0.710024, 0.710027, 0.717898, 0.720597, 0.720605, 0.72332, 0.765028, 0.765034, 0.771902, 0.773471, 0.798812, 0.809527, 0.811329, 0.811335
elapsed time for k point: 7 seconds.
solve_kpoint (0.460396,0,0):
Solving for bands 1 to 10...
Finished solving for bands 1 to 10 after 7 iterations.
Solving for bands 11 to 20...
Finished solving for bands 11 to 20 after 12 iterations.
Solving for bands 21 to 30...
Finished solving for bands 21 to 30 after 14 iterations.
Solving for bands 31 to 40...
Finished solving for bands 31 to 40 after 12 iterations.
Finished k-point with 11.25 mean iterations/band.
freqs:, 94, 0.460396, 0, 0, 0.460396, 0.252727, 0.252729, 0.36082, 0.360839, 0.522469, 0.522478, 0.548204, 0.556582, 0.55957, 0.56474, 0.568012, 0.568064, 0.60726, 0.607283, 0.626842, 0.637205, 0.64455, 0.647888, 0.661433, 0.661436, 0.678353, 0.678358, 0.681462, 0.682693, 0.695763, 0.699154, 0.710277, 0.710279, 0.71816, 0.720306, 0.720314, 0.722985, 0.764957, 0.764963, 0.771939, 0.773332, 0.799397, 0.808926, 0.811837, 0.811843
elapsed time for k point: 7 seconds.
solve_kpoint (0.465347,0,0):
Solving for bands 1 to 10...
Finished solving for bands 1 to 10 after 7 iterations.
Solving for bands 11 to 20...
Finished solving for bands 11 to 20 after 12 iterations.
Solving for bands 21 to 30...
Finished solving for bands 21 to 30 after 14 iterations.
Solving for bands 31 to 40...
Finished solving for bands 31 to 40 after 12 iterations.
Finished k-point with 11.25 mean iterations/band.
freqs:, 95, 0.465347, 0, 0, 0.465347, 0.253863, 0.253866, 0.359781, 0.3598, 0.522473, 0.522482, 0.548724, 0.556058, 0.559949, 0.564494, 0.568002, 0.568055, 0.607288, 0.607311, 0.627363, 0.636459, 0.644786, 0.647714, 0.661575, 0.661578, 0.678337, 0.678342, 0.681505, 0.682573, 0.695985, 0.698945, 0.710519, 0.710521, 0.718426, 0.720032, 0.72004, 0.722654, 0.764894, 0.7649, 0.771982, 0.7732, 0.799984, 0.808326, 0.812289, 0.812296
elapsed time for k point: 8 seconds.
solve_kpoint (0.470297,0,0):
Solving for bands 1 to 10...
Finished solving for bands 1 to 10 after 7 iterations.
Solving for bands 11 to 20...
Finished solving for bands 11 to 20 after 12 iterations.
Solving for bands 21 to 30...
Finished solving for bands 21 to 30 after 14 iterations.
Solving for bands 31 to 40...
Finished solving for bands 31 to 40 after 12 iterations.
Finished k-point with 11.25 mean iterations/band.
freqs:, 96, 0.470297, 0, 0, 0.470297, 0.254867, 0.25487, 0.358862, 0.358881, 0.522477, 0.522485, 0.549244, 0.555534, 0.560322, 0.564236, 0.567994, 0.568046, 0.607312, 0.607335, 0.627905, 0.635723, 0.64502, 0.647535, 0.6617, 0.661703, 0.678321, 0.678326, 0.681552, 0.68246, 0.696204, 0.698736, 0.710745, 0.710747, 0.718698, 0.719778, 0.719787, 0.722325, 0.76484, 0.764846, 0.77203, 0.773074, 0.800573, 0.807726, 0.812685, 0.812692
elapsed time for k point: 7 seconds.
solve_kpoint (0.475248,0,0):
Solving for bands 1 to 10...
Finished solving for bands 1 to 10 after 7 iterations.
Solving for bands 11 to 20...
Finished solving for bands 11 to 20 after 12 iterations.
Solving for bands 21 to 30...
Finished solving for bands 21 to 30 after 15 iterations.
Solving for bands 31 to 40...
Finished solving for bands 31 to 40 after 12 iterations.
Finished k-point with 11.5 mean iterations/band.
freqs:, 97, 0.475248, 0, 0, 0.475248, 0.255731, 0.255733, 0.35807, 0.358089, 0.52248, 0.522488, 0.549765, 0.555009, 0.56069, 0.563965, 0.567986, 0.568039, 0.607333, 0.607356, 0.628465, 0.634997, 0.645251, 0.64735, 0.661807, 0.66181, 0.678305, 0.67831, 0.681602, 0.682354, 0.696422, 0.698528, 0.71095, 0.710951, 0.718975, 0.71955, 0.719559, 0.722001, 0.764794, 0.7648, 0.772084, 0.772953, 0.801163, 0.807126, 0.813023, 0.813029
elapsed time for k point: 8 seconds.
solve_kpoint (0.480198,0,0):
Solving for bands 1 to 10...
Finished solving for bands 1 to 10 after 7 iterations.
Solving for bands 11 to 20...
Finished solving for bands 11 to 20 after 12 iterations.
Solving for bands 21 to 30...
Finished solving for bands 21 to 30 after 15 iterations.
Solving for bands 31 to 40...
Finished solving for bands 31 to 40 after 12 iterations.
Finished k-point with 11.5 mean iterations/band.
freqs:, 98, 0.480198, 0, 0, 0.480198, 0.256448, 0.25645, 0.357412, 0.357431, 0.522482, 0.522491, 0.550288, 0.554484, 0.561052, 0.563682, 0.56798, 0.568033, 0.607349, 0.607372, 0.629045, 0.634282, 0.645478, 0.64716, 0.661896, 0.661899, 0.67829, 0.678296, 0.681656, 0.682254, 0.696638, 0.69832, 0.711129, 0.71113, 0.719257, 0.719353, 0.719362, 0.721679, 0.764756, 0.764762, 0.772145, 0.772839, 0.801754, 0.806527, 0.813301, 0.813307
elapsed time for k point: 7 seconds.
solve_kpoint (0.485149,0,0):
Solving for bands 1 to 10...
Finished solving for bands 1 to 10 after 7 iterations.
Solving for bands 11 to 20...
Finished solving for bands 11 to 20 after 12 iterations.
Solving for bands 21 to 30...
Finished solving for bands 21 to 30 after 16 iterations.
Solving for bands 31 to 40...
Finished solving for bands 31 to 40 after 12 iterations.
Finished k-point with 11.75 mean iterations/band.
freqs:, 99, 0.485149, 0, 0, 0.485149, 0.257012, 0.257015, 0.356894, 0.356913, 0.522484, 0.522493, 0.550811, 0.553959, 0.561408, 0.563389, 0.567976, 0.568029, 0.607362, 0.607385, 0.629643, 0.633579, 0.645703, 0.646966, 0.661966, 0.661968, 0.678279, 0.678284, 0.681713, 0.68216, 0.696852, 0.698113, 0.711276, 0.711276, 0.719192, 0.719544, 0.719202, 0.721362, 0.764726, 0.764733, 0.772211, 0.772731, 0.802347, 0.805929, 0.813518, 0.813524
elapsed time for k point: 8 seconds.
solve_kpoint (0.490099,0,0):
Solving for bands 1 to 10...
Finished solving for bands 1 to 10 after 7 iterations.
Solving for bands 11 to 20...
Finished solving for bands 11 to 20 after 12 iterations.
Solving for bands 21 to 30...
Finished solving for bands 21 to 30 after 16 iterations.
Solving for bands 31 to 40...
Finished solving for bands 31 to 40 after 12 iterations.
Finished k-point with 11.75 mean iterations/band.
freqs:, 100, 0.490099, 0, 0, 0.490099, 0.257419, 0.257421, 0.356519, 0.356539, 0.522485, 0.522494, 0.551334, 0.553433, 0.561756, 0.563085, 0.567972, 0.568025, 0.607372, 0.607395, 0.630258, 0.632888, 0.645923, 0.646766, 0.662016, 0.662018, 0.678269, 0.678275, 0.681775, 0.682073, 0.697065, 0.697904, 0.711385, 0.711386, 0.719073, 0.719836, 0.719083, 0.721048, 0.764705, 0.764712, 0.772283, 0.772629, 0.80294, 0.805331, 0.813673, 0.81368
elapsed time for k point: 8 seconds.
solve_kpoint (0.49505,0,0):
Solving for bands 1 to 10...
Finished solving for bands 1 to 10 after 7 iterations.
Solving for bands 11 to 20...
Finished solving for bands 11 to 20 after 12 iterations.
Solving for bands 21 to 30...
Finished solving for bands 21 to 30 after 16 iterations.
Solving for bands 31 to 40...
Finished solving for bands 31 to 40 after 12 iterations.
Finished k-point with 11.75 mean iterations/band.
freqs:, 101, 0.49505, 0, 0, 0.49505, 0.257665, 0.257667, 0.356293, 0.356313, 0.522486, 0.522495, 0.551859, 0.552908, 0.562096, 0.562771, 0.56797, 0.568023, 0.607377, 0.6074, 0.63089, 0.632212, 0.64614, 0.646562, 0.662046, 0.662049, 0.678264, 0.678269, 0.681842, 0.681991, 0.697277, 0.697696, 0.711453, 0.711453, 0.719, 0.720133, 0.719009, 0.720738, 0.764693, 0.764699, 0.772361, 0.772533, 0.803535, 0.804733, 0.813766, 0.813773
elapsed time for k point: 8 seconds.
solve_kpoint (0.5,0,0):
Solving for bands 1 to 10...
Finished solving for bands 1 to 10 after 7 iterations.
Solving for bands 11 to 20...
Finished solving for bands 11 to 20 after 12 iterations.
Solving for bands 21 to 30...
Finished solving for bands 21 to 30 after 16 iterations.
Solving for bands 31 to 40...
Finished solving for bands 31 to 40 after 12 iterations.
Finished k-point with 11.75 mean iterations/band.
freqs:, 102, 0.5, 0, 0, 0.5, 0.257747, 0.257749, 0.356218, 0.356237, 0.522487, 0.522495, 0.552382, 0.552384, 0.562429, 0.562447, 0.56797, 0.568023, 0.607379, 0.607402, 0.631535, 0.631552, 0.646346, 0.64636, 0.662057, 0.662059, 0.678262, 0.678267, 0.681911, 0.681916, 0.697481, 0.697493, 0.711476, 0.711476, 0.718975, 0.720434, 0.718985, 0.720433, 0.764689, 0.764695, 0.772442, 0.772446, 0.804129, 0.804139, 0.813797, 0.813804
elapsed time for k point: 8 seconds.
solve_kpoint (0.5,0.0049505,0):
Solving for bands 1 to 10...
Finished solving for bands 1 to 10 after 20 iterations.
Solving for bands 11 to 20...
Finished solving for bands 11 to 20 after 10 iterations.
Solving for bands 21 to 30...
    iteration   25: trace = 4.870902656550778 (0.00194399% change)
    iteration   50: trace = 4.870136709888261 (0.001117% change)
    iteration   75: trace = 4.86946229972222 (0.000216252% change)
Finished solving for bands 21 to 30 after 99 iterations.
Solving for bands 31 to 40...
Finished solving for bands 31 to 40 after 10 iterations.
Finished k-point with 34.75 mean iterations/band.
freqs:, 103, 0.5, 0.0049505, 0, 0.500025, 0.257758, 0.25776, 0.356228, 0.356247, 0.522475, 0.522484, 0.552379, 0.55238, 0.562332, 0.562342, 0.568066, 0.568117, 0.607362, 0.607385, 0.631552, 0.631569, 0.64635, 0.646364, 0.662053, 0.662055, 0.678244, 0.67825, 0.681923, 0.681928, 0.697432, 0.697443, 0.711531, 0.711532, 0.71896, 0.718975, 0.720457, 0.720465, 0.764689, 0.764696, 0.772445, 0.77245, 0.804128, 0.804138, 0.813796, 0.813803
elapsed time for k point: 22 seconds.
solve_kpoint (0.5,0.00990099,0):
Solving for bands 1 to 10...
Finished solving for bands 1 to 10 after 19 iterations.
Solving for bands 11 to 20...
Finished solving for bands 11 to 20 after 10 iterations.
Solving for bands 21 to 30...
    iteration   25: trace = 4.869217625039656 (1.12235e-05% change)
Finished solving for bands 21 to 30 after 26 iterations.
Solving for bands 31 to 40...
Finished solving for bands 31 to 40 after 10 iterations.
Finished k-point with 16.25 mean iterations/band.
freqs:, 104, 0.5, 0.00990099, 0, 0.500098, 0.257793, 0.257795, 0.356257, 0.356276, 0.52244, 0.522449, 0.552366, 0.552368, 0.562052, 0.562058, 0.568333, 0.568383, 0.607311, 0.607334, 0.631604, 0.631622, 0.646362, 0.646377, 0.662041, 0.662043, 0.678192, 0.678197, 0.681958, 0.681963, 0.697287, 0.697297, 0.711693, 0.711695, 0.718927, 0.718941, 0.720535, 0.720544, 0.764691, 0.764697, 0.772455, 0.77246, 0.804126, 0.804136, 0.813791, 0.813798
elapsed time for k point: 10 seconds.
solve_kpoint (0.5,0.0148515,0):
Solving for bands 1 to 10...
Finished solving for bands 1 to 10 after 16 iterations.
Solving for bands 11 to 20...
Finished solving for bands 11 to 20 after 10 iterations.
Solving for bands 21 to 30...
    iteration   25: trace = 4.869099195034782 (1.46008e-05% change)
Finished solving for bands 21 to 30 after 26 iterations.
Solving for bands 31 to 40...
Finished solving for bands 31 to 40 after 10 iterations.
Finished k-point with 15.5 mean iterations/band.
freqs:, 105, 0.5, 0.0148515, 0, 0.500221, 0.257851, 0.257853, 0.356305, 0.356324, 0.522383, 0.522391, 0.552342, 0.552345, 0.56163, 0.561642, 0.568729, 0.568778, 0.607227, 0.60725, 0.631689, 0.631707, 0.646382, 0.646397, 0.662021, 0.662023, 0.678108, 0.678112, 0.682013, 0.682019, 0.697054, 0.697063, 0.711952, 0.711955, 0.718882, 0.718896, 0.720658, 0.720667, 0.764693, 0.7647, 0.772471, 0.772476, 0.804122, 0.804132, 0.813782, 0.813789
elapsed time for k point: 10 seconds.
solve_kpoint (0.5,0.019802,0):
Solving for bands 1 to 10...
Finished solving for bands 1 to 10 after 15 iterations.
Solving for bands 11 to 20...
Finished solving for bands 11 to 20 after 10 iterations.
Solving for bands 21 to 30...
Finished solving for bands 21 to 30 after 17 iterations.
Solving for bands 31 to 40...
Finished solving for bands 31 to 40 after 10 iterations.
Finished k-point with 13 mean iterations/band.
freqs:, 106, 0.5, 0.019802, 0, 0.500392, 0.257932, 0.257934, 0.356373, 0.356392, 0.522302, 0.52231, 0.552305, 0.552309, 0.561117, 0.561134, 0.569211, 0.56926, 0.607111, 0.607135, 0.631805, 0.631823, 0.646412, 0.646427, 0.661993, 0.661996, 0.677994, 0.677998, 0.682087, 0.682093, 0.696742, 0.69675, 0.712297, 0.7123, 0.718838, 0.718852, 0.720814, 0.720824, 0.764696, 0.764703, 0.772494, 0.772499, 0.804117, 0.804127, 0.81377, 0.813778
elapsed time for k point: 9 seconds.
solve_kpoint (0.5,0.0247525,0):
Solving for bands 1 to 10...
Finished solving for bands 1 to 10 after 15 iterations.
Solving for bands 11 to 20...
Finished solving for bands 11 to 20 after 10 iterations.
Solving for bands 21 to 30...
    iteration   25: trace = 4.868845557321838 (9.56524e-06% change)
Finished solving for bands 21 to 30 after 25 iterations.
Solving for bands 31 to 40...
Finished solving for bands 31 to 40 after 10 iterations.
Finished k-point with 15 mean iterations/band.
freqs:, 107, 0.5, 0.0247525, 0, 0.500612, 0.258036, 0.258038, 0.35646, 0.356479, 0.522198, 0.522207, 0.552249, 0.552255, 0.56055, 0.560571, 0.569747, 0.569796, 0.606965, 0.606989, 0.631949, 0.631968, 0.646452, 0.646467, 0.661957, 0.66196, 0.677855, 0.677859, 0.682174, 0.68218, 0.696363, 0.696371, 0.712709, 0.712713, 0.718799, 0.718813, 0.721006, 0.721017, 0.764701, 0.764708, 0.772523, 0.772529, 0.80411, 0.804121, 0.813754, 0.813763
elapsed time for k point: 9 seconds.
solve_kpoint (0.5,0.029703,0):
Solving for bands 1 to 10...
Finished solving for bands 1 to 10 after 14 iterations.
Solving for bands 11 to 20...
Finished solving for bands 11 to 20 after 10 iterations.
Solving for bands 21 to 30...
Finished solving for bands 21 to 30 after 15 iterations.
Solving for bands 31 to 40...
Finished solving for bands 31 to 40 after 9 iterations.
Finished k-point with 12 mean iterations/band.
freqs:, 108, 0.5, 0.029703, 0, 0.500881, 0.258163, 0.258165, 0.356567, 0.356586, 0.522072, 0.52208, 0.552167, 0.552175, 0.559956, 0.559981, 0.570317, 0.570366, 0.606791, 0.606815, 0.632119, 0.632139, 0.646503, 0.646519, 0.661913, 0.661915, 0.677694, 0.677698, 0.682271, 0.682278, 0.69593, 0.695937, 0.713171, 0.713176, 0.718783, 0.718797, 0.721221, 0.721232, 0.764706, 0.764714, 0.772558, 0.772565, 0.804102, 0.804113, 0.813735, 0.813744
elapsed time for k point: 8 seconds.
solve_kpoint (0.5,0.0346535,0):
Solving for bands 1 to 10...
Finished solving for bands 1 to 10 after 14 iterations.
Solving for bands 11 to 20...
Finished solving for bands 11 to 20 after 10 iterations.
Solving for bands 21 to 30...
Finished solving for bands 21 to 30 after 15 iterations.
Solving for bands 31 to 40...
Finished solving for bands 31 to 40 after 10 iterations.
Finished k-point with 12.25 mean iterations/band.
freqs:, 109, 0.5, 0.0346535, 0, 0.501199, 0.258313, 0.258315, 0.356693, 0.356712, 0.521922, 0.521931, 0.552051, 0.55206, 0.559361, 0.559387, 0.570907, 0.570956, 0.606592, 0.606615, 0.632311, 0.632331, 0.646567, 0.646583, 0.66186, 0.661862, 0.677515, 0.677519, 0.682375, 0.682382, 0.695454, 0.695461, 0.713662, 0.713666, 0.718798, 0.718812, 0.721462, 0.721473, 0.764713, 0.764721, 0.7726, 0.772607, 0.804093, 0.804103, 0.813713, 0.813722
elapsed time for k point: 8 seconds.
solve_kpoint (0.5,0.039604,0):
Solving for bands 1 to 10...
Finished solving for bands 1 to 10 after 14 iterations.
Solving for bands 11 to 20...
Finished solving for bands 11 to 20 after 11 iterations.
Solving for bands 21 to 30...
Finished solving for bands 21 to 30 after 15 iterations.
Solving for bands 31 to 40...
Finished solving for bands 31 to 40 after 9 iterations.
Finished k-point with 12.25 mean iterations/band.
freqs:, 110, 0.5, 0.039604, 0, 0.501566, 0.258485, 0.258488, 0.356838, 0.356857, 0.521751, 0.52176, 0.551887, 0.551897, 0.558783, 0.558811, 0.571508, 0.571557, 0.606369, 0.606392, 0.63252, 0.63254, 0.646644, 0.646661, 0.661798, 0.661801, 0.677321, 0.677325, 0.682482, 0.68249, 0.694945, 0.694952, 0.714157, 0.714161, 0.718857, 0.718871, 0.721729, 0.72174, 0.764721, 0.764729, 0.772648, 0.772656, 0.804082, 0.804093, 0.813687, 0.813696
elapsed time for k point: 8 seconds.
solve_kpoint (0.5,0.0445545,0):
Solving for bands 1 to 10...
Finished solving for bands 1 to 10 after 13 iterations.
Solving for bands 11 to 20...
Finished solving for bands 11 to 20 after 11 iterations.
Solving for bands 21 to 30...
Finished solving for bands 21 to 30 after 15 iterations.
Solving for bands 31 to 40...
Finished solving for bands 31 to 40 after 10 iterations.
Finished k-point with 12.25 mean iterations/band.
freqs:, 111, 0.5, 0.0445545, 0, 0.501981, 0.258681, 0.258683, 0.357002, 0.357021, 0.521557, 0.521566, 0.551662, 0.551673, 0.558245, 0.558273, 0.572114, 0.572163, 0.606126, 0.606149, 0.632742, 0.632762, 0.646738, 0.646755, 0.661727, 0.661729, 0.677114, 0.677118, 0.682591, 0.682599, 0.694412, 0.694418, 0.714632, 0.714636, 0.718975, 0.71899, 0.722023, 0.722035, 0.764731, 0.764738, 0.772702, 0.77271, 0.80407, 0.804081, 0.813657, 0.813667
elapsed time for k point: 8 seconds.
solve_kpoint (0.5,0.049505,0):
Solving for bands 1 to 10...
Finished solving for bands 1 to 10 after 13 iterations.
Solving for bands 11 to 20...
Finished solving for bands 11 to 20 after 11 iterations.
Solving for bands 21 to 30...
Finished solving for bands 21 to 30 after 15 iterations.
Solving for bands 31 to 40...
Finished solving for bands 31 to 40 after 9 iterations.
Finished k-point with 12 mean iterations/band.
freqs:, 112, 0.5, 0.049505, 0, 0.502445, 0.258899, 0.258902, 0.357185, 0.357204, 0.521341, 0.52135, 0.55136, 0.551373, 0.557764, 0.557793, 0.572721, 0.572771, 0.605864, 0.605886, 0.632972, 0.632993, 0.64685, 0.646867, 0.661646, 0.661649, 0.676897, 0.676901, 0.682698, 0.682707, 0.693861, 0.693866, 0.71506, 0.715063, 0.719167, 0.719182, 0.72235, 0.722362, 0.764741, 0.764749, 0.772762, 0.772771, 0.804058, 0.804069, 0.813624, 0.813634
elapsed time for k point: 8 seconds.
solve_kpoint (0.5,0.0544554,0):
Solving for bands 1 to 10...
Finished solving for bands 1 to 10 after 12 iterations.
Solving for bands 11 to 20...
Finished solving for bands 11 to 20 after 11 iterations.
Solving for bands 21 to 30...
Finished solving for bands 21 to 30 after 16 iterations.
Solving for bands 31 to 40...
Finished solving for bands 31 to 40 after 10 iterations.
Finished k-point with 12.25 mean iterations/band.
freqs:, 113, 0.5, 0.0544554, 0, 0.502957, 0.259139, 0.259142, 0.357388, 0.357406, 0.521103, 0.521112, 0.550968, 0.550981, 0.557358, 0.557386, 0.573328, 0.573377, 0.605587, 0.605609, 0.633205, 0.633226, 0.646982, 0.646999, 0.661556, 0.661559, 0.676671, 0.676676, 0.682802, 0.682811, 0.693299, 0.693304, 0.71542, 0.715423, 0.719442, 0.719458, 0.722715, 0.722727, 0.764753, 0.764762, 0.772827, 0.772837, 0.804044, 0.804055, 0.813587, 0.813598
elapsed time for k point: 8 seconds.
solve_kpoint (0.5,0.0594059,0):
Solving for bands 1 to 10...
Finished solving for bands 1 to 10 after 12 iterations.
Solving for bands 11 to 20...
Finished solving for bands 11 to 20 after 11 iterations.
Solving for bands 21 to 30...
Finished solving for bands 21 to 30 after 24 iterations.
Solving for bands 31 to 40...
Finished solving for bands 31 to 40 after 9 iterations.
Finished k-point with 14 mean iterations/band.
freqs:, 114, 0.5, 0.0594059, 0, 0.503517, 0.259402, 0.259406, 0.357609, 0.357627, 0.520843, 0.520852, 0.550478, 0.550493, 0.557035, 0.557062, 0.573931, 0.57398, 0.605296, 0.605318, 0.633438, 0.633459, 0.647135, 0.647153, 0.661456, 0.661459, 0.676438, 0.676443, 0.682901, 0.682911, 0.692731, 0.692736, 0.715701, 0.715704, 0.719793, 0.719809, 0.723131, 0.723143, 0.764767, 0.764776, 0.772899, 0.772909, 0.804029, 0.80404, 0.813546, 0.813558
elapsed time for k point: 9 seconds.
solve_kpoint (0.5,0.0643564,0):
Solving for bands 1 to 10...
Finished solving for bands 1 to 10 after 11 iterations.
Solving for bands 11 to 20...
Finished solving for bands 11 to 20 after 11 iterations.
Solving for bands 21 to 30...
    iteration   25: trace = 4.868122899368406 (7.48944e-06% change)
Finished solving for bands 21 to 30 after 25 iterations.
Solving for bands 31 to 40...
Finished solving for bands 31 to 40 after 9 iterations.
Finished k-point with 14 mean iterations/band.
freqs:, 115, 0.5, 0.0643564, 0, 0.504125, 0.259688, 0.259691, 0.357848, 0.357867, 0.520562, 0.520571, 0.54989, 0.549907, 0.556797, 0.556824, 0.574531, 0.57458, 0.604994, 0.605016, 0.633665, 0.633687, 0.647312, 0.64733, 0.661346, 0.661349, 0.676199, 0.676204, 0.682994, 0.683004, 0.692161, 0.692166, 0.715909, 0.715912, 0.720205, 0.720221, 0.723604, 0.723616, 0.764783, 0.764791, 0.772976, 0.772986, 0.804013, 0.804024, 0.813502, 0.813514
elapsed time for k point: 9 seconds.
solve_kpoint (0.5,0.0693069,0):
Solving for bands 1 to 10...
Finished solving for bands 1 to 10 after 10 iterations.
Solving for bands 11 to 20...
Finished solving for bands 11 to 20 after 12 iterations.
Solving for bands 21 to 30...
    iteration   25: trace = 4.867827388005186 (7.28574e-06% change)
Finished solving for bands 21 to 30 after 25 iterations.
Solving for bands 31 to 40...
Finished solving for bands 31 to 40 after 9 iterations.
Finished k-point with 14 mean iterations/band.
freqs:, 116, 0.5, 0.0693069, 0, 0.504781, 0.259995, 0.259999, 0.358107, 0.358125, 0.520259, 0.520269, 0.549212, 0.54923, 0.556637, 0.556663, 0.575125, 0.575174, 0.604684, 0.604705, 0.633883, 0.633905, 0.647513, 0.647532, 0.661225, 0.661228, 0.675955, 0.67596, 0.68308, 0.68309, 0.691594, 0.691599, 0.716056, 0.716059, 0.720649, 0.720665, 0.724147, 0.724158, 0.7648, 0.764809, 0.773058, 0.773069, 0.803997, 0.804008, 0.813454, 0.813466
elapsed time for k point: 9 seconds.
solve_kpoint (0.5,0.0742574,0):
Solving for bands 1 to 10...
Finished solving for bands 1 to 10 after 10 iterations.
Solving for bands 11 to 20...
Finished solving for bands 11 to 20 after 12 iterations.
Solving for bands 21 to 30...
Finished solving for bands 21 to 30 after 24 iterations.
Solving for bands 31 to 40...
Finished solving for bands 31 to 40 after 9 iterations.
Finished k-point with 13.75 mean iterations/band.
freqs:, 117, 0.5, 0.0742574, 0, 0.505484, 0.260324, 0.260328, 0.358384, 0.358402, 0.519935, 0.519945, 0.548455, 0.548474, 0.556546, 0.556572, 0.575715, 0.575764, 0.604367, 0.604387, 0.634087, 0.634109, 0.647741, 0.64776, 0.661094, 0.661097, 0.675707, 0.675712, 0.683156, 0.683168, 0.691032, 0.691037, 0.716157, 0.71616, 0.721099, 0.721115, 0.724768, 0.724779, 0.764819, 0.764828, 0.773146, 0.773157, 0.80398, 0.803991, 0.813402, 0.813415
elapsed time for k point: 9 seconds.
solve_kpoint (0.5,0.0792079,0):
Solving for bands 1 to 10...
Finished solving for bands 1 to 10 after 10 iterations.
Solving for bands 11 to 20...
Finished solving for bands 11 to 20 after 12 iterations.
Solving for bands 21 to 30...
Finished solving for bands 21 to 30 after 24 iterations.
Solving for bands 31 to 40...
Finished solving for bands 31 to 40 after 9 iterations.
Finished k-point with 13.75 mean iterations/band.
freqs:, 118, 0.5, 0.0792079, 0, 0.506235, 0.260675, 0.260679, 0.358679, 0.358697, 0.519591, 0.5196, 0.547631, 0.547651, 0.556512, 0.556537, 0.576299, 0.576348, 0.604045, 0.604065, 0.634275, 0.634298, 0.647995, 0.648014, 0.660953, 0.660956, 0.675454, 0.67546, 0.683223, 0.683235, 0.690479, 0.690484, 0.716228, 0.716231, 0.721535, 0.721551, 0.725468, 0.72548, 0.76484, 0.764849, 0.773239, 0.773251, 0.803962, 0.803973, 0.813347, 0.813361
elapsed time for k point: 9 seconds.
solve_kpoint (0.5,0.0841584,0):
Solving for bands 1 to 10...
Finished solving for bands 1 to 10 after 9 iterations.
Solving for bands 11 to 20...
Finished solving for bands 11 to 20 after 12 iterations.
Solving for bands 21 to 30...
Finished solving for bands 21 to 30 after 23 iterations.
Solving for bands 31 to 40...
Finished solving for bands 31 to 40 after 9 iterations.
Finished k-point with 13.25 mean iterations/band.
freqs:, 119, 0.5, 0.0841584, 0, 0.507033, 0.261048, 0.261052, 0.358992, 0.35901, 0.519225, 0.519235, 0.546751, 0.546772, 0.556524, 0.55655, 0.576877, 0.576926, 0.603719, 0.603739, 0.634444, 0.634467, 0.648276, 0.648296, 0.660802, 0.660804, 0.675198, 0.675204, 0.683279, 0.683291, 0.689938, 0.689943, 0.716278, 0.716282, 0.721948, 0.721964, 0.726246, 0.726257, 0.764863, 0.764873, 0.773337, 0.773349, 0.803944, 0.803955, 0.813288, 0.813302
elapsed time for k point: 9 seconds.
solve_kpoint (0.5,0.0891089,0):
Solving for bands 1 to 10...
Finished solving for bands 1 to 10 after 9 iterations.
Solving for bands 11 to 20...
Finished solving for bands 11 to 20 after 12 iterations.
Solving for bands 21 to 30...
Finished solving for bands 21 to 30 after 22 iterations.
Solving for bands 31 to 40...
Finished solving for bands 31 to 40 after 9 iterations.
Finished k-point with 13 mean iterations/band.
freqs:, 120, 0.5, 0.0891089, 0, 0.507878, 0.261442, 0.261446, 0.359324, 0.359342, 0.518839, 0.518849, 0.545824, 0.545846, 0.556574, 0.5566, 0.57745, 0.577498, 0.603392, 0.603411, 0.634593, 0.634615, 0.648584, 0.648603, 0.66064, 0.660643, 0.674939, 0.674945, 0.683321, 0.683335, 0.689412, 0.689417, 0.716317, 0.71632, 0.722335, 0.722351, 0.727092, 0.727104, 0.764888, 0.764898, 0.77344, 0.773453, 0.803926, 0.803937, 0.813226, 0.81324
elapsed time for k point: 9 seconds.
solve_kpoint (0.5,0.0940594,0):
Solving for bands 1 to 10...
Finished solving for bands 1 to 10 after 9 iterations.
Solving for bands 11 to 20...
Finished solving for bands 11 to 20 after 12 iterations.
Solving for bands 21 to 30...
Finished solving for bands 21 to 30 after 21 iterations.
Solving for bands 31 to 40...
Finished solving for bands 31 to 40 after 9 iterations.
Finished k-point with 12.75 mean iterations/band.
freqs:, 121, 0.5, 0.0940594, 0, 0.50877, 0.261857, 0.261862, 0.359673, 0.359691, 0.518433, 0.518443, 0.544859, 0.544881, 0.556654, 0.55668, 0.578016, 0.578065, 0.603065, 0.603083, 0.634719, 0.634742, 0.648917, 0.648936, 0.66047, 0.660472, 0.674676, 0.674683, 0.68335, 0.683364, 0.688903, 0.688909, 0.716348, 0.716351, 0.722699, 0.722716, 0.727998, 0.72801, 0.764915, 0.764925, 0.773547, 0.773561, 0.803907, 0.803919, 0.81316, 0.813175
elapsed time for k point: 8 seconds.
solve_kpoint (0.5,0.0990099,0):
Solving for bands 1 to 10...
Finished solving for bands 1 to 10 after 9 iterations.
Solving for bands 11 to 20...
Finished solving for bands 11 to 20 after 12 iterations.
Solving for bands 21 to 30...
Finished solving for bands 21 to 30 after 16 iterations.
Solving for bands 31 to 40...
Finished solving for bands 31 to 40 after 9 iterations.
Finished k-point with 11.5 mean iterations/band.
freqs:, 122, 0.5, 0.0990099, 0, 0.509709, 0.262293, 0.262298, 0.36004, 0.360058, 0.518007, 0.518016, 0.543861, 0.543883, 0.556759, 0.556786, 0.578578, 0.578626, 0.602738, 0.602756, 0.634823, 0.634846, 0.649273, 0.649293, 0.66029, 0.660293, 0.67441, 0.674417, 0.683364, 0.683378, 0.688416, 0.688422, 0.716377, 0.71638, 0.723044, 0.723061, 0.728954, 0.728966, 0.764945, 0.764955, 0.773659, 0.773674, 0.803889, 0.8039, 0.81309, 0.813105
elapsed time for k point: 8 seconds.
solve_kpoint (0.5,0.10396,0):
Solving for bands 1 to 10...
Finished solving for bands 1 to 10 after 9 iterations.
Solving for bands 11 to 20...
Finished solving for bands 11 to 20 after 12 iterations.
Solving for bands 21 to 30...
Finished solving for bands 21 to 30 after 16 iterations.
Solving for bands 31 to 40...
Finished solving for bands 31 to 40 after 9 iterations.
Finished k-point with 11.5 mean iterations/band.
freqs:, 123, 0.5, 0.10396, 0, 0.510693, 0.26275, 0.262755, 0.360425, 0.360443, 0.51756, 0.517569, 0.542834, 0.542857, 0.556886, 0.556913, 0.579134, 0.579182, 0.602413, 0.602431, 0.634904, 0.634927, 0.64965, 0.64967, 0.660103, 0.660106, 0.67414, 0.674147, 0.683359, 0.683375, 0.687954, 0.687959, 0.716405, 0.716408, 0.723373, 0.723391, 0.729954, 0.729965, 0.764976, 0.764987, 0.773776, 0.773791, 0.803871, 0.803882, 0.813017, 0.813033
elapsed time for k point: 7 seconds.
solve_kpoint (0.5,0.108911,0):
Solving for bands 1 to 10...
Finished solving for bands 1 to 10 after 8 iterations.
Solving for bands 11 to 20...
Finished solving for bands 11 to 20 after 12 iterations.
Solving for bands 21 to 30...
Finished solving for bands 21 to 30 after 15 iterations.
Solving for bands 31 to 40...
Finished solving for bands 31 to 40 after 9 iterations.
Finished k-point with 11 mean iterations/band.
freqs:, 124, 0.5, 0.108911, 0, 0.511724, 0.263228, 0.263233, 0.360827, 0.360844, 0.517093, 0.517103, 0.541783, 0.541806, 0.55703, 0.557058, 0.579684, 0.579732, 0.602091, 0.602108, 0.634963, 0.634986, 0.650044, 0.650064, 0.659911, 0.659913, 0.673866, 0.673874, 0.683334, 0.683351, 0.687519, 0.687525, 0.716435, 0.716438, 0.72369, 0.723708, 0.730988, 0.731, 0.765011, 0.765022, 0.773898, 0.773913, 0.803853, 0.803864, 0.812941, 0.812957
elapsed time for k point: 8 seconds.
solve_kpoint (0.5,0.113861,0):
Solving for bands 1 to 10...
Finished solving for bands 1 to 10 after 8 iterations.
Solving for bands 11 to 20...
Finished solving for bands 11 to 20 after 12 iterations.
Solving for bands 21 to 30...
Finished solving for bands 21 to 30 after 14 iterations.
Solving for bands 31 to 40...
Finished solving for bands 31 to 40 after 9 iterations.
Finished k-point with 10.75 mean iterations/band.
freqs:, 125, 0.5, 0.113861, 0, 0.512801, 0.263725, 0.26373, 0.361246, 0.361263, 0.516607, 0.516616, 0.540711, 0.540734, 0.557189, 0.557217, 0.58023, 0.580278, 0.601772, 0.60179, 0.635001, 0.635023, 0.650451, 0.650471, 0.659714, 0.659717, 0.673587, 0.673596, 0.683286, 0.683304, 0.687117, 0.687123, 0.716468, 0.716472, 0.723998, 0.724016, 0.732054, 0.732066, 0.765047, 0.765059, 0.774024, 0.774039, 0.803835, 0.803846, 0.812861, 0.812878
elapsed time for k point: 7 seconds.
solve_kpoint (0.5,0.118812,0):
Solving for bands 1 to 10...
Finished solving for bands 1 to 10 after 8 iterations.
Solving for bands 11 to 20...
Finished solving for bands 11 to 20 after 12 iterations.
Solving for bands 21 to 30...
Finished solving for bands 21 to 30 after 14 iterations.
Solving for bands 31 to 40...
Finished solving for bands 31 to 40 after 9 iterations.
Finished k-point with 10.75 mean iterations/band.
freqs:, 126, 0.5, 0.118812, 0, 0.513922, 0.264243, 0.264248, 0.361682, 0.361699, 0.5161, 0.516109, 0.53962, 0.539643, 0.55736, 0.55739, 0.58077, 0.580818, 0.601458, 0.601475, 0.635018, 0.635041, 0.650867, 0.650886, 0.659516, 0.659519, 0.673304, 0.673312, 0.683213, 0.683232, 0.686752, 0.686758, 0.716506, 0.716509, 0.724297, 0.724315, 0.733145, 0.733157, 0.765087, 0.765098, 0.774154, 0.77417, 0.803818, 0.803829, 0.812778, 0.812795
elapsed time for k point: 7 seconds.
solve_kpoint (0.5,0.123762,0):
Solving for bands 1 to 10...
Finished solving for bands 1 to 10 after 8 iterations.
Solving for bands 11 to 20...
Finished solving for bands 11 to 20 after 11 iterations.
Solving for bands 21 to 30...
Finished solving for bands 21 to 30 after 14 iterations.
Solving for bands 31 to 40...
Finished solving for bands 31 to 40 after 9 iterations.
Finished k-point with 10.5 mean iterations/band.
freqs:, 127, 0.5, 0.123762, 0, 0.515089, 0.26478, 0.264785, 0.362135, 0.362152, 0.515574, 0.515583, 0.538513, 0.538535, 0.557543, 0.557573, 0.581306, 0.581354, 0.601149, 0.601165, 0.635017, 0.635039, 0.651284, 0.651303, 0.659321, 0.659323, 0.673015, 0.673024, 0.683112, 0.683132, 0.686427, 0.686433, 0.716548, 0.716551, 0.72459, 0.724609, 0.73426, 0.734272, 0.765128, 0.76514, 0.774289, 0.774305, 0.803801, 0.803813, 0.812692, 0.81271
elapsed time for k point: 7 seconds.
solve_kpoint (0.5,0.128713,0):
Solving for bands 1 to 10...
Finished solving for bands 1 to 10 after 8 iterations.
Solving for bands 11 to 20...
Finished solving for bands 11 to 20 after 11 iterations.
Solving for bands 21 to 30...
Finished solving for bands 21 to 30 after 13 iterations.
Solving for bands 31 to 40...
Finished solving for bands 31 to 40 after 9 iterations.
Finished k-point with 10.25 mean iterations/band.
freqs:, 128, 0.5, 0.128713, 0, 0.516301, 0.265336, 0.265342, 0.362604, 0.362621, 0.515028, 0.515036, 0.537391, 0.537413, 0.557736, 0.557767, 0.581838, 0.581885, 0.600845, 0.600861, 0.634998, 0.63502, 0.651695, 0.651715, 0.659133, 0.659135, 0.67272, 0.672729, 0.682983, 0.683004, 0.686144, 0.68615, 0.716595, 0.716598, 0.724878, 0.724897, 0.735395, 0.735407, 0.765173, 0.765185, 0.774428, 0.774445, 0.803786, 0.803797, 0.812603, 0.812621
elapsed time for k point: 6 seconds.
solve_kpoint (0.5,0.133663,0):
Solving for bands 1 to 10...
Finished solving for bands 1 to 10 after 8 iterations.
Solving for bands 11 to 20...
Finished solving for bands 11 to 20 after 11 iterations.
Solving for bands 21 to 30...
Finished solving for bands 21 to 30 after 12 iterations.
Solving for bands 31 to 40...
Finished solving for bands 31 to 40 after 9 iterations.
Finished k-point with 10 mean iterations/band.
freqs:, 129, 0.5, 0.133663, 0, 0.517558, 0.265912, 0.265918, 0.363089, 0.363106, 0.514462, 0.51447, 0.536256, 0.536278, 0.557938, 0.557969, 0.582365, 0.582412, 0.600546, 0.600563, 0.634963, 0.634986, 0.652092, 0.652111, 0.65896, 0.658962, 0.672418, 0.672427, 0.682827, 0.682848, 0.685904, 0.68591, 0.716648, 0.71665, 0.725162, 0.725181, 0.736548, 0.73656, 0.76522, 0.765232, 0.774572, 0.774589, 0.803771, 0.803782, 0.812512, 0.81253
elapsed time for k point: 7 seconds.
solve_kpoint (0.5,0.138614,0):
Solving for bands 1 to 10...
Finished solving for bands 1 to 10 after 8 iterations.
Solving for bands 11 to 20...
Finished solving for bands 11 to 20 after 11 iterations.
Solving for bands 21 to 30...
Finished solving for bands 21 to 30 after 12 iterations.
Solving for bands 31 to 40...
Finished solving for bands 31 to 40 after 9 iterations.
Finished k-point with 10 mean iterations/band.
freqs:, 130, 0.5, 0.138614, 0, 0.518858, 0.266506, 0.266512, 0.363591, 0.363608, 0.513877, 0.513884, 0.53511, 0.535132, 0.558147, 0.55818, 0.582888, 0.582935, 0.600255, 0.600271, 0.634915, 0.634937, 0.652462, 0.652481, 0.65881, 0.658812, 0.672108, 0.672118, 0.682647, 0.682668, 0.685704, 0.68571, 0.716706, 0.716709, 0.725441, 0.725461, 0.737717, 0.737729, 0.765269, 0.765282, 0.77472, 0.774738, 0.803757, 0.803768, 0.812417, 0.812436
elapsed time for k point: 7 seconds.
solve_kpoint (0.5,0.143564,0):
Solving for bands 1 to 10...
Finished solving for bands 1 to 10 after 8 iterations.
Solving for bands 11 to 20...
Finished solving for bands 11 to 20 after 11 iterations.
Solving for bands 21 to 30...
Finished solving for bands 21 to 30 after 12 iterations.
Solving for bands 31 to 40...
Finished solving for bands 31 to 40 after 9 iterations.
Finished k-point with 10 mean iterations/band.
freqs:, 131, 0.5, 0.143564, 0, 0.520203, 0.267119, 0.267125, 0.364108, 0.364125, 0.513271, 0.513279, 0.533955, 0.533976, 0.558364, 0.558397, 0.583407, 0.583454, 0.599969, 0.599985, 0.634854, 0.634876, 0.652792, 0.652811, 0.658694, 0.658697, 0.671791, 0.671801, 0.682448, 0.682469, 0.685541, 0.685547, 0.71677, 0.716772, 0.725717, 0.725738, 0.7389, 0.738912, 0.765321, 0.765334, 0.774873, 0.774891, 0.803745, 0.803756, 0.81232, 0.81234
elapsed time for k point: 6 seconds.
solve_kpoint (0.5,0.148515,0):
Solving for bands 1 to 10...
Finished solving for bands 1 to 10 after 8 iterations.
Solving for bands 11 to 20...
Finished solving for bands 11 to 20 after 11 iterations.
Solving for bands 21 to 30...
Finished solving for bands 21 to 30 after 12 iterations.
Solving for bands 31 to 40...
Finished solving for bands 31 to 40 after 9 iterations.
Finished k-point with 10 mean iterations/band.
freqs:, 132, 0.5, 0.148515, 0, 0.521591, 0.267749, 0.267756, 0.36464, 0.364657, 0.512645, 0.512653, 0.532791, 0.532811, 0.558586, 0.55862, 0.583923, 0.58397, 0.59969, 0.599706, 0.634782, 0.634804, 0.653067, 0.653086, 0.658626, 0.658629, 0.671466, 0.671476, 0.682237, 0.682258, 0.68541, 0.685415, 0.716839, 0.716842, 0.72599, 0.726011, 0.740095, 0.740108, 0.765376, 0.76539, 0.77503, 0.775049, 0.803733, 0.803745, 0.812221, 0.812241
elapsed time for k point: 7 seconds.
solve_kpoint (0.5,0.153465,0):
Solving for bands 1 to 10...
Finished solving for bands 1 to 10 after 8 iterations.
Solving for bands 11 to 20...
Finished solving for bands 11 to 20 after 11 iterations.
Solving for bands 21 to 30...
Finished solving for bands 21 to 30 after 10 iterations.
Solving for bands 31 to 40...
Finished solving for bands 31 to 40 after 9 iterations.
Finished k-point with 9.5 mean iterations/band.
freqs:, 133, 0.5, 0.153465, 0, 0.523022, 0.268398, 0.268405, 0.365188, 0.365205, 0.512, 0.512007, 0.53162, 0.53164, 0.558815, 0.558849, 0.584436, 0.584482, 0.599419, 0.599435, 0.634701, 0.634723, 0.653271, 0.65329, 0.658618, 0.658622, 0.671132, 0.671143, 0.68202, 0.682041, 0.685305, 0.685309, 0.716914, 0.716917, 0.72626, 0.726281, 0.741302, 0.741315, 0.765434, 0.765448, 0.775192, 0.775211, 0.803724, 0.803735, 0.81212, 0.81214
elapsed time for k point: 6 seconds.
solve_kpoint (0.5,0.158416,0):
Solving for bands 1 to 10...
Finished solving for bands 1 to 10 after 8 iterations.
Solving for bands 11 to 20...
Finished solving for bands 11 to 20 after 10 iterations.
Solving for bands 21 to 30...
Finished solving for bands 21 to 30 after 11 iterations.
Solving for bands 31 to 40...
Finished solving for bands 31 to 40 after 9 iterations.
Finished k-point with 9.5 mean iterations/band.
freqs:, 134, 0.5, 0.158416, 0, 0.524496, 0.269064, 0.269071, 0.365751, 0.365767, 0.511334, 0.511341, 0.530443, 0.530463, 0.559048, 0.559083, 0.584945, 0.584991, 0.599154, 0.59917, 0.634612, 0.634633, 0.653392, 0.653411, 0.658682, 0.658687, 0.670789, 0.6708, 0.681803, 0.681824, 0.685221, 0.685225, 0.716994, 0.716997, 0.726526, 0.726548, 0.742519, 0.742532, 0.765495, 0.765508, 0.77536, 0.775379, 0.803716, 0.803727, 0.812017, 0.812037
elapsed time for k point: 7 seconds.
solve_kpoint (0.5,0.163366,0):
Solving for bands 1 to 10...
Finished solving for bands 1 to 10 after 8 iterations.
Solving for bands 11 to 20...
Finished solving for bands 11 to 20 after 11 iterations.
Solving for bands 21 to 30...
Finished solving for bands 21 to 30 after 10 iterations.
Solving for bands 31 to 40...
Finished solving for bands 31 to 40 after 9 iterations.
Finished k-point with 9.5 mean iterations/band.
freqs:, 135, 0.5, 0.163366, 0, 0.526012, 0.269746, 0.269754, 0.366328, 0.366345, 0.510648, 0.510655, 0.529262, 0.529281, 0.559286, 0.559322, 0.585451, 0.585497, 0.598897, 0.598913, 0.634516, 0.634537, 0.653423, 0.653441, 0.658822, 0.658827, 0.670437, 0.670448, 0.681592, 0.681613, 0.685154, 0.685158, 0.71708, 0.717082, 0.72679, 0.726812, 0.743744, 0.743757, 0.765558, 0.765572, 0.775532, 0.775552, 0.80371, 0.803721, 0.811912, 0.811932
elapsed time for k point: 6 seconds.
solve_kpoint (0.5,0.168317,0):
Solving for bands 1 to 10...
Finished solving for bands 1 to 10 after 8 iterations.
Solving for bands 11 to 20...
Finished solving for bands 11 to 20 after 10 iterations.
Solving for bands 21 to 30...
Finished solving for bands 21 to 30 after 10 iterations.
Solving for bands 31 to 40...
Finished solving for bands 31 to 40 after 9 iterations.
Finished k-point with 9.25 mean iterations/band.
freqs:, 136, 0.5, 0.168317, 0, 0.52757, 0.270446, 0.270453, 0.36692, 0.366936, 0.509942, 0.509949, 0.528077, 0.528097, 0.559528, 0.559564, 0.585955, 0.586, 0.598647, 0.598663, 0.634414, 0.634435, 0.653368, 0.653385, 0.659032, 0.659037, 0.670076, 0.670088, 0.68139, 0.68141, 0.685102, 0.685106, 0.71717, 0.717172, 0.72705, 0.727073, 0.744977, 0.74499, 0.765625, 0.765639, 0.775711, 0.775731, 0.803706, 0.803717, 0.811805, 0.811826
elapsed time for k point: 6 seconds.
solve_kpoint (0.5,0.173267,0):
Solving for bands 1 to 10...
Finished solving for bands 1 to 10 after 8 iterations.
Solving for bands 11 to 20...
Finished solving for bands 11 to 20 after 10 iterations.
Solving for bands 21 to 30...
Finished solving for bands 21 to 30 after 9 iterations.
Solving for bands 31 to 40...
Finished solving for bands 31 to 40 after 9 iterations.
Finished k-point with 9 mean iterations/band.
freqs:, 137, 0.5, 0.173267, 0, 0.529171, 0.271161, 0.271169, 0.367525, 0.367542, 0.509215, 0.509223, 0.52689, 0.52691, 0.559774, 0.559811, 0.586455, 0.586501, 0.598404, 0.59842, 0.634308, 0.634329, 0.653234, 0.653251, 0.659302, 0.659308, 0.669706, 0.669718, 0.6812, 0.68122, 0.685063, 0.685066, 0.717265, 0.717267, 0.727308, 0.727331, 0.746215, 0.746228, 0.765694, 0.765708, 0.775895, 0.775916, 0.803704, 0.803714, 0.811698, 0.811718
elapsed time for k point: 6 seconds.
solve_kpoint (0.5,0.178218,0):
Solving for bands 1 to 10...
Finished solving for bands 1 to 10 after 7 iterations.
Solving for bands 11 to 20...
Finished solving for bands 11 to 20 after 10 iterations.
Solving for bands 21 to 30...
Finished solving for bands 21 to 30 after 9 iterations.
Solving for bands 31 to 40...
Finished solving for bands 31 to 40 after 9 iterations.
Finished k-point with 8.75 mean iterations/band.
freqs:, 138, 0.5, 0.178218, 0, 0.530812, 0.271893, 0.2719, 0.368145, 0.368161, 0.508468, 0.508476, 0.525703, 0.525722, 0.560023, 0.56006, 0.586954, 0.586999, 0.598169, 0.598185, 0.634199, 0.63422, 0.653035, 0.653052, 0.659617, 0.659624, 0.669328, 0.66934, 0.681024, 0.681044, 0.685034, 0.685037, 0.717364, 0.717366, 0.727562, 0.727586, 0.747458, 0.747471, 0.765767, 0.765781, 0.776086, 0.776107, 0.803704, 0.803715, 0.811589, 0.81161
elapsed time for k point: 6 seconds.
solve_kpoint (0.5,0.183168,0):
Solving for bands 1 to 10...
Finished solving for bands 1 to 10 after 7 iterations.
Solving for bands 11 to 20...
Finished solving for bands 11 to 20 after 11 iterations.
Solving for bands 21 to 30...
Finished solving for bands 21 to 30 after 9 iterations.
Solving for bands 31 to 40...
Finished solving for bands 31 to 40 after 9 iterations.
Finished k-point with 9 mean iterations/band.
freqs:, 139, 0.5, 0.183168, 0, 0.532495, 0.272639, 0.272647, 0.368777, 0.368793, 0.507699, 0.507708, 0.524516, 0.524535, 0.560275, 0.560313, 0.58745, 0.587494, 0.597941, 0.597958, 0.634087, 0.634108, 0.652782, 0.652798, 0.659965, 0.659971, 0.668941, 0.668953, 0.680865, 0.680885, 0.685015, 0.685018, 0.717467, 0.71747, 0.727814, 0.727837, 0.748703, 0.748716, 0.765843, 0.765857, 0.776284, 0.776305, 0.803707, 0.803717, 0.811479, 0.8115
elapsed time for k point: 6 seconds.
solve_kpoint (0.5,0.188119,0):
Solving for bands 1 to 10...
Finished solving for bands 1 to 10 after 7 iterations.
Solving for bands 11 to 20...
Finished solving for bands 11 to 20 after 11 iterations.
Solving for bands 21 to 30...
Finished solving for bands 21 to 30 after 9 iterations.
Solving for bands 31 to 40...
Finished solving for bands 31 to 40 after 9 iterations.
Finished k-point with 9 mean iterations/band.
freqs:, 140, 0.5, 0.188119, 0, 0.534218, 0.273401, 0.273409, 0.369423, 0.369439, 0.506911, 0.50692, 0.52333, 0.523349, 0.560529, 0.560568, 0.587943, 0.587988, 0.597721, 0.597738, 0.633974, 0.633995, 0.652486, 0.652502, 0.660331, 0.660338, 0.668547, 0.668559, 0.680723, 0.680743, 0.685006, 0.685009, 0.717574, 0.717576, 0.728062, 0.728086, 0.749949, 0.749962, 0.765923, 0.765937, 0.77649, 0.776511, 0.803712, 0.803723, 0.811368, 0.81139
elapsed time for k point: 6 seconds.
solve_kpoint (0.5,0.193069,0):
Solving for bands 1 to 10...
Finished solving for bands 1 to 10 after 7 iterations.
Solving for bands 11 to 20...
Finished solving for bands 11 to 20 after 11 iterations.
Solving for bands 21 to 30...
Finished solving for bands 21 to 30 after 9 iterations.
Solving for bands 31 to 40...
Finished solving for bands 31 to 40 after 9 iterations.
Finished k-point with 9 mean iterations/band.
freqs:, 141, 0.5, 0.193069, 0, 0.535981, 0.274177, 0.274185, 0.370082, 0.370097, 0.506101, 0.506111, 0.522146, 0.522165, 0.560786, 0.560826, 0.588435, 0.588479, 0.597508, 0.597525, 0.633861, 0.633881, 0.652156, 0.652172, 0.660707, 0.660713, 0.668145, 0.668157, 0.6806, 0.680619, 0.685006, 0.685009, 0.717684, 0.717687, 0.728306, 0.728331, 0.751194, 0.751208, 0.766007, 0.766021, 0.776704, 0.776726, 0.80372, 0.803731, 0.811257, 0.811279
elapsed time for k point: 6 seconds.
solve_kpoint (0.5,0.19802,0):
Solving for bands 1 to 10...
Finished solving for bands 1 to 10 after 7 iterations.
Solving for bands 11 to 20...
Finished solving for bands 11 to 20 after 11 iterations.
Solving for bands 21 to 30...
Finished solving for bands 21 to 30 after 9 iterations.
Solving for bands 31 to 40...
Finished solving for bands 31 to 40 after 9 iterations.
Finished k-point with 9 mean iterations/band.
freqs:, 142, 0.5, 0.19802, 0, 0.537784, 0.274967, 0.274975, 0.370752, 0.370768, 0.505271, 0.505282, 0.520965, 0.520985, 0.561045, 0.561086, 0.588924, 0.588968, 0.597303, 0.59732, 0.633747, 0.633767, 0.651799, 0.651814, 0.661083, 0.661089, 0.667736, 0.667748, 0.680495, 0.680514, 0.685017, 0.68502, 0.717798, 0.7178, 0.728548, 0.728573, 0.752436, 0.752449, 0.766095, 0.76611, 0.776928, 0.77695, 0.803732, 0.803742, 0.811146, 0.811168
elapsed time for k point: 6 seconds.
solve_kpoint (0.5,0.20297,0):
Solving for bands 1 to 10...
Finished solving for bands 1 to 10 after 7 iterations.
Solving for bands 11 to 20...
Finished solving for bands 11 to 20 after 11 iterations.
Solving for bands 21 to 30...
Finished solving for bands 21 to 30 after 9 iterations.
Solving for bands 31 to 40...
Finished solving for bands 31 to 40 after 9 iterations.
Finished k-point with 9 mean iterations/band.
freqs:, 143, 0.5, 0.20297, 0, 0.539627, 0.27577, 0.275779, 0.371435, 0.37145, 0.50442, 0.504432, 0.519789, 0.519809, 0.561306, 0.561347, 0.589412, 0.589456, 0.597105, 0.597123, 0.633634, 0.633654, 0.651418, 0.651434, 0.661452, 0.661458, 0.667321, 0.667333, 0.680409, 0.680428, 0.685038, 0.685041, 0.717914, 0.717916, 0.728785, 0.728811, 0.753672, 0.753685, 0.766189, 0.766203, 0.777162, 0.777185, 0.803746, 0.803756, 0.811035, 0.811057
elapsed time for k point: 6 seconds.
solve_kpoint (0.5,0.207921,0):
Solving for bands 1 to 10...
Finished solving for bands 1 to 10 after 7 iterations.
Solving for bands 11 to 20...
Finished solving for bands 11 to 20 after 11 iterations.
Solving for bands 21 to 30...
Finished solving for bands 21 to 30 after 9 iterations.
Solving for bands 31 to 40...
Finished solving for bands 31 to 40 after 9 iterations.
Finished k-point with 9 mean iterations/band.
freqs:, 144, 0.5, 0.207921, 0, 0.541508, 0.276587, 0.276596, 0.372129, 0.372144, 0.503548, 0.503561, 0.518618, 0.518639, 0.561569, 0.56161, 0.589897, 0.589941, 0.596915, 0.596933, 0.633523, 0.633542, 0.651019, 0.651034, 0.661811, 0.661816, 0.666901, 0.666913, 0.680341, 0.68036, 0.685071, 0.685074, 0.718032, 0.718034, 0.72902, 0.729046, 0.754898, 0.754912, 0.766289, 0.766304, 0.777408, 0.777431, 0.803764, 0.803774, 0.810925, 0.810947
elapsed time for k point: 6 seconds.
solve_kpoint (0.5,0.212871,0):
Solving for bands 1 to 10...
Finished solving for bands 1 to 10 after 7 iterations.
Solving for bands 11 to 20...
Finished solving for bands 11 to 20 after 11 iterations.
Solving for bands 21 to 30...
Finished solving for bands 21 to 30 after 9 iterations.
Solving for bands 31 to 40...
Finished solving for bands 31 to 40 after 9 iterations.
Finished k-point with 9 mean iterations/band.
freqs:, 145, 0.5, 0.212871, 0, 0.543428, 0.277416, 0.277425, 0.372834, 0.372849, 0.502657, 0.502671, 0.517453, 0.517474, 0.561832, 0.561874, 0.59038, 0.590424, 0.596732, 0.596751, 0.633413, 0.633433, 0.650604, 0.650619, 0.662153, 0.662158, 0.666476, 0.666488, 0.680292, 0.68031, 0.685116, 0.685119, 0.718152, 0.718155, 0.72925, 0.729277, 0.756112, 0.756126, 0.766398, 0.766412, 0.777668, 0.77769, 0.803786, 0.803796, 0.810815, 0.810837
elapsed time for k point: 6 seconds.
solve_kpoint (0.5,0.217822,0):
Solving for bands 1 to 10...
Finished solving for bands 1 to 10 after 7 iterations.
Solving for bands 11 to 20...
Finished solving for bands 11 to 20 after 12 iterations.
Solving for bands 21 to 30...
Finished solving for bands 21 to 30 after 9 iterations.
Solving for bands 31 to 40...
Finished solving for bands 31 to 40 after 9 iterations.
Finished k-point with 9.25 mean iterations/band.
freqs:, 146, 0.5, 0.217822, 0, 0.545386, 0.278257, 0.278266, 0.37355, 0.373565, 0.501745, 0.50176, 0.516295, 0.516316, 0.562097, 0.562139, 0.590861, 0.590905, 0.596557, 0.596576, 0.633306, 0.633325, 0.650176, 0.650191, 0.662476, 0.662481, 0.666047, 0.666059, 0.68026, 0.680278, 0.685174, 0.685177, 0.718274, 0.718277, 0.729477, 0.729504, 0.757307, 0.757321, 0.766516, 0.76653, 0.777942, 0.777965, 0.803812, 0.803822, 0.810706, 0.810728
elapsed time for k point: 7 seconds.
solve_kpoint (0.5,0.222772,0):
Solving for bands 1 to 10...
Finished solving for bands 1 to 10 after 7 iterations.
Solving for bands 11 to 20...
Finished solving for bands 11 to 20 after 12 iterations.
Solving for bands 21 to 30...
Finished solving for bands 21 to 30 after 9 iterations.
Solving for bands 31 to 40...
Finished solving for bands 31 to 40 after 9 iterations.
Finished k-point with 9.25 mean iterations/band.
freqs:, 147, 0.5, 0.222772, 0, 0.547382, 0.27911, 0.279119, 0.374276, 0.374291, 0.500814, 0.50083, 0.515144, 0.515166, 0.562362, 0.562405, 0.59134, 0.591383, 0.596391, 0.59641, 0.633202, 0.633221, 0.649736, 0.649751, 0.662776, 0.66278, 0.665615, 0.665627, 0.680245, 0.680263, 0.685247, 0.68525, 0.718398, 0.7184, 0.729699, 0.729727, 0.758478, 0.758493, 0.766648, 0.766662, 0.778234, 0.778257, 0.803842, 0.803851, 0.810598, 0.81062
elapsed time for k point: 6 seconds.
solve_kpoint (0.5,0.227723,0):
Solving for bands 1 to 10...
Finished solving for bands 1 to 10 after 7 iterations.
Solving for bands 11 to 20...
Finished solving for bands 11 to 20 after 24 iterations.
Solving for bands 21 to 30...
Finished solving for bands 21 to 30 after 9 iterations.
Solving for bands 31 to 40...
Finished solving for bands 31 to 40 after 9 iterations.
Finished k-point with 12.25 mean iterations/band.
freqs:, 148, 0.5, 0.227723, 0, 0.549416, 0.279973, 0.279982, 0.375012, 0.375027, 0.499864, 0.499881, 0.514001, 0.514023, 0.562628, 0.562671, 0.591815, 0.591858, 0.596234, 0.596253, 0.633101, 0.63312, 0.649286, 0.649301, 0.663047, 0.663052, 0.665184, 0.665195, 0.680245, 0.680263, 0.685336, 0.685339, 0.718522, 0.718524, 0.729918, 0.729946, 0.759617, 0.759632, 0.766798, 0.766812, 0.778545, 0.778569, 0.803876, 0.803886, 0.810491, 0.810513
elapsed time for k point: 8 seconds.
solve_kpoint (0.5,0.232673,0):
Solving for bands 1 to 10...
Finished solving for bands 1 to 10 after 7 iterations.
Solving for bands 11 to 20...
Finished solving for bands 11 to 20 after 12 iterations.
Solving for bands 21 to 30...
Finished solving for bands 21 to 30 after 9 iterations.
Solving for bands 31 to 40...
Finished solving for bands 31 to 40 after 9 iterations.
Finished k-point with 9.25 mean iterations/band.
freqs:, 149, 0.5, 0.232673, 0, 0.551486, 0.280847, 0.280856, 0.375758, 0.375772, 0.498895, 0.498914, 0.512866, 0.512889, 0.562894, 0.562938, 0.592286, 0.592328, 0.596086, 0.596106, 0.633004, 0.633023, 0.648828, 0.648843, 0.663291, 0.663295, 0.664753, 0.664764, 0.68026, 0.680278, 0.685441, 0.685444, 0.718647, 0.718649, 0.730132, 0.730161, 0.760712, 0.760727, 0.766973, 0.766987, 0.778879, 0.778903, 0.803916, 0.803925, 0.810387, 0.810409
elapsed time for k point: 6 seconds.
solve_kpoint (0.5,0.237624,0):
Solving for bands 1 to 10...
Finished solving for bands 1 to 10 after 7 iterations.
Solving for bands 11 to 20...
    iteration   26: trace = 3.935455227323483 (2.13752e-05% change)
Finished solving for bands 11 to 20 after 28 iterations.
Solving for bands 21 to 30...
Finished solving for bands 21 to 30 after 8 iterations.
Solving for bands 31 to 40...
Finished solving for bands 31 to 40 after 9 iterations.
Finished k-point with 13 mean iterations/band.
freqs:, 150, 0.5, 0.237624, 0, 0.553593, 0.28173, 0.28174, 0.376512, 0.376527, 0.49791, 0.497929, 0.511739, 0.511763, 0.56316, 0.563205, 0.592751, 0.592792, 0.59595, 0.59597, 0.632912, 0.63293, 0.648361, 0.648376, 0.663481, 0.663486, 0.664347, 0.664355, 0.680287, 0.680304, 0.685565, 0.685568, 0.718772, 0.718775, 0.730343, 0.730372, 0.761748, 0.761764, 0.767185, 0.767198, 0.779239, 0.779262, 0.803961, 0.80397, 0.810284, 0.810306
elapsed time for k point: 8 seconds.
solve_kpoint (0.5,0.242574,0):
Solving for bands 1 to 10...
Finished solving for bands 1 to 10 after 7 iterations.
Solving for bands 11 to 20...
    iteration   26: trace = 3.934967592489418 (7.07894e-05% change)
Finished solving for bands 11 to 20 after 31 iterations.
Solving for bands 21 to 30...
Finished solving for bands 21 to 30 after 9 iterations.
Solving for bands 31 to 40...
Finished solving for bands 31 to 40 after 9 iterations.
Finished k-point with 14 mean iterations/band.
freqs:, 151, 0.5, 0.242574, 0, 0.555736, 0.282623, 0.282633, 0.377275, 0.377289, 0.496908, 0.496928, 0.510621, 0.510646, 0.563426, 0.563471, 0.593206, 0.593247, 0.595829, 0.595849, 0.632823, 0.632841, 0.647888, 0.647903, 0.663541, 0.663553, 0.664038, 0.664044, 0.680324, 0.680342, 0.685708, 0.68571, 0.718898, 0.7189, 0.730549, 0.730578, 0.762705, 0.762722, 0.767448, 0.767462, 0.779628, 0.779651, 0.804011, 0.80402, 0.810184, 0.810206
elapsed time for k point: 10 seconds.
solve_kpoint (0.5,0.247525,0):
Solving for bands 1 to 10...
Finished solving for bands 1 to 10 after 7 iterations.
Solving for bands 11 to 20...
    iteration   26: trace = 3.933632941817025 (3.65118e-05% change)
Finished solving for bands 11 to 20 after 29 iterations.
Solving for bands 21 to 30...
Finished solving for bands 21 to 30 after 9 iterations.
Solving for bands 31 to 40...
Finished solving for bands 31 to 40 after 9 iterations.
Finished k-point with 13.5 mean iterations/band.
freqs:, 152, 0.5, 0.247525, 0, 0.557914, 0.283524, 0.283534, 0.378046, 0.37806, 0.49589, 0.495911, 0.509512, 0.509538, 0.563692, 0.563737, 0.593645, 0.593684, 0.595732, 0.59575, 0.632739, 0.632757, 0.647409, 0.647424, 0.663281, 0.663297, 0.66402, 0.664028, 0.680371, 0.680388, 0.685871, 0.685873, 0.719022, 0.719025, 0.73075, 0.730781, 0.763557, 0.763574, 0.767784, 0.767799, 0.78005, 0.780074, 0.804068, 0.804077, 0.810087, 0.810108
elapsed time for k point: 8 seconds.
solve_kpoint (0.5,0.252475,0):
Solving for bands 1 to 10...
Finished solving for bands 1 to 10 after 7 iterations.
Solving for bands 11 to 20...
Finished solving for bands 11 to 20 after 25 iterations.
Solving for bands 21 to 30...
Finished solving for bands 21 to 30 after 9 iterations.
Solving for bands 31 to 40...
Finished solving for bands 31 to 40 after 9 iterations.
Finished k-point with 12.5 mean iterations/band.
freqs:, 153, 0.5, 0.252475, 0, 0.560128, 0.284433, 0.284443, 0.378825, 0.378838, 0.494858, 0.494881, 0.508412, 0.508438, 0.563957, 0.564003, 0.594051, 0.594087, 0.595673, 0.595689, 0.63266, 0.632678, 0.646925, 0.64694, 0.662876, 0.662891, 0.664122, 0.66413, 0.680424, 0.680441, 0.686055, 0.686057, 0.719147, 0.719149, 0.730947, 0.730978, 0.764279, 0.764297, 0.768211, 0.768227, 0.78051, 0.780533, 0.804132, 0.804141, 0.809993, 0.810014
elapsed time for k point: 9 seconds.
solve_kpoint (0.5,0.257426,0):
Solving for bands 1 to 10...
Finished solving for bands 1 to 10 after 7 iterations.
Solving for bands 11 to 20...
Finished solving for bands 11 to 20 after 23 iterations.
Solving for bands 21 to 30...
Finished solving for bands 21 to 30 after 9 iterations.
Solving for bands 31 to 40...
Finished solving for bands 31 to 40 after 9 iterations.
Finished k-point with 12 mean iterations/band.
freqs:, 154, 0.5, 0.257426, 0, 0.562377, 0.285349, 0.28536, 0.37961, 0.379624, 0.493814, 0.493837, 0.50732, 0.507347, 0.564221, 0.564268, 0.594392, 0.594419, 0.595691, 0.595699, 0.632587, 0.632604, 0.646436, 0.646451, 0.662444, 0.662458, 0.664223, 0.664231, 0.680483, 0.6805, 0.68626, 0.686263, 0.71927, 0.719273, 0.73114, 0.731171, 0.764857, 0.764877, 0.768736, 0.768755, 0.781012, 0.781035, 0.804203, 0.804212, 0.809903, 0.809924
elapsed time for k point: 7 seconds.
solve_kpoint (0.5,0.262376,0):
Solving for bands 1 to 10...
Finished solving for bands 1 to 10 after 7 iterations.
Solving for bands 11 to 20...
Finished solving for bands 11 to 20 after 10 iterations.
Solving for bands 21 to 30...
Finished solving for bands 21 to 30 after 9 iterations.
Solving for bands 31 to 40...
Finished solving for bands 31 to 40 after 9 iterations.
Finished k-point with 8.75 mean iterations/band.
freqs:, 155, 0.5, 0.262376, 0, 0.56466, 0.286272, 0.286283, 0.380402, 0.380415, 0.492758, 0.492781, 0.506237, 0.506264, 0.564485, 0.564532, 0.594612, 0.594625, 0.595833, 0.595841, 0.632518, 0.632535, 0.645943, 0.645958, 0.662005, 0.662019, 0.664305, 0.664313, 0.680545, 0.680562, 0.686488, 0.68649, 0.719392, 0.719395, 0.731328, 0.73136, 0.765302, 0.765322, 0.769347, 0.769368, 0.78156, 0.781583, 0.804282, 0.804291, 0.809816, 0.809837
elapsed time for k point: 6 seconds.
solve_kpoint (0.5,0.267327,0):
Solving for bands 1 to 10...
Finished solving for bands 1 to 10 after 7 iterations.
Solving for bands 11 to 20...
Finished solving for bands 11 to 20 after 22 iterations.
Solving for bands 21 to 30...
Finished solving for bands 21 to 30 after 9 iterations.
Solving for bands 31 to 40...
Finished solving for bands 31 to 40 after 9 iterations.
Finished k-point with 11.75 mean iterations/band.
freqs:, 156, 0.5, 0.267327, 0, 0.566978, 0.287201, 0.287212, 0.3812, 0.381213, 0.491692, 0.491716, 0.505161, 0.505189, 0.564747, 0.564795, 0.594692, 0.594696, 0.596112, 0.596133, 0.632455, 0.632472, 0.645446, 0.645461, 0.661561, 0.661574, 0.664367, 0.664376, 0.680609, 0.680625, 0.686736, 0.686739, 0.719513, 0.719516, 0.731511, 0.731544, 0.765638, 0.765659, 0.770011, 0.770034, 0.782158, 0.78218, 0.80437, 0.804379, 0.809735, 0.809755
elapsed time for k point: 8 seconds.
solve_kpoint (0.5,0.272277,0):
Solving for bands 1 to 10...
Finished solving for bands 1 to 10 after 7 iterations.
Solving for bands 11 to 20...
Finished solving for bands 11 to 20 after 9 iterations.
Solving for bands 21 to 30...
Finished solving for bands 21 to 30 after 9 iterations.
Solving for bands 31 to 40...
Finished solving for bands 31 to 40 after 9 iterations.
Finished k-point with 8.5 mean iterations/band.
freqs:, 157, 0.5, 0.272277, 0, 0.569328, 0.288135, 0.288146, 0.382003, 0.382015, 0.490618, 0.490643, 0.504094, 0.504122, 0.565008, 0.565056, 0.594675, 0.594686, 0.596487, 0.596515, 0.632397, 0.632414, 0.644946, 0.644962, 0.661117, 0.661131, 0.664406, 0.664414, 0.680673, 0.680689, 0.687006, 0.687008, 0.719632, 0.719635, 0.73169, 0.731723, 0.765896, 0.765917, 0.770695, 0.770718, 0.782807, 0.782828, 0.804468, 0.804477, 0.809659, 0.809679
elapsed time for k point: 6 seconds.
solve_kpoint (0.5,0.277228,0):
Solving for bands 1 to 10...
Finished solving for bands 1 to 10 after 7 iterations.
Solving for bands 11 to 20...
Finished solving for bands 11 to 20 after 10 iterations.
Solving for bands 21 to 30...
Finished solving for bands 21 to 30 after 9 iterations.
Solving for bands 31 to 40...
Finished solving for bands 31 to 40 after 9 iterations.
Finished k-point with 8.75 mean iterations/band.
freqs:, 158, 0.5, 0.277228, 0, 0.571713, 0.289074, 0.289084, 0.38281, 0.382823, 0.489537, 0.489562, 0.503033, 0.503062, 0.565267, 0.565316, 0.594619, 0.594634, 0.59691, 0.596941, 0.632345, 0.632362, 0.644444, 0.644459, 0.660674, 0.660687, 0.664422, 0.664431, 0.680737, 0.680753, 0.687296, 0.687298, 0.719749, 0.719752, 0.731864, 0.731897, 0.7661, 0.766122, 0.771371, 0.771395, 0.783508, 0.783528, 0.804577, 0.804586, 0.809589, 0.809608
elapsed time for k point: 6 seconds.
solve_kpoint (0.5,0.282178,0):
Solving for bands 1 to 10...
Finished solving for bands 1 to 10 after 7 iterations.
Solving for bands 11 to 20...
Finished solving for bands 11 to 20 after 10 iterations.
Solving for bands 21 to 30...
Finished solving for bands 21 to 30 after 9 iterations.
Solving for bands 31 to 40...
Finished solving for bands 31 to 40 after 9 iterations.
Finished k-point with 8.75 mean iterations/band.
freqs:, 159, 0.5, 0.282178, 0, 0.574129, 0.290016, 0.290027, 0.383622, 0.383634, 0.488451, 0.488477, 0.50198, 0.502009, 0.565525, 0.565574, 0.594547, 0.594564, 0.597356, 0.597389, 0.632298, 0.632315, 0.643939, 0.643954, 0.660231, 0.660244, 0.664418, 0.664428, 0.680799, 0.680814, 0.687606, 0.687608, 0.719864, 0.719867, 0.732033, 0.732067, 0.766268, 0.766289, 0.77202, 0.772045, 0.78426, 0.784278, 0.804698, 0.804707, 0.809526, 0.809545
elapsed time for k point: 5 seconds.
solve_kpoint (0.5,0.287129,0):
Solving for bands 1 to 10...
Finished solving for bands 1 to 10 after 7 iterations.
Solving for bands 11 to 20...
Finished solving for bands 11 to 20 after 9 iterations.
Solving for bands 21 to 30...
Finished solving for bands 21 to 30 after 9 iterations.
Solving for bands 31 to 40...
Finished solving for bands 31 to 40 after 9 iterations.
Finished k-point with 8.5 mean iterations/band.
freqs:, 160, 0.5, 0.287129, 0, 0.576579, 0.290961, 0.290972, 0.384437, 0.384449, 0.487363, 0.487388, 0.500933, 0.500963, 0.56578, 0.56583, 0.594467, 0.594486, 0.597814, 0.597849, 0.632258, 0.632274, 0.643432, 0.643448, 0.65979, 0.659803, 0.664395, 0.664405, 0.680859, 0.680874, 0.687933, 0.687935, 0.719976, 0.719979, 0.732197, 0.732232, 0.766409, 0.766431, 0.772634, 0.772659, 0.785058, 0.785076, 0.804832, 0.804842, 0.809471, 0.809489
elapsed time for k point: 6 seconds.
solve_kpoint (0.5,0.292079,0):
Solving for bands 1 to 10...
Finished solving for bands 1 to 10 after 7 iterations.
Solving for bands 11 to 20...
Finished solving for bands 11 to 20 after 9 iterations.
Solving for bands 21 to 30...
Finished solving for bands 21 to 30 after 9 iterations.
Solving for bands 31 to 40...
Finished solving for bands 31 to 40 after 9 iterations.
Finished k-point with 8.5 mean iterations/band.
freqs:, 161, 0.5, 0.292079, 0, 0.57906, 0.291908, 0.291919, 0.385254, 0.385266, 0.486273, 0.486299, 0.499893, 0.499922, 0.566034, 0.566084, 0.594386, 0.594405, 0.59828, 0.598315, 0.632222, 0.632238, 0.642924, 0.64294, 0.65935, 0.659363, 0.664354, 0.664364, 0.680916, 0.680931, 0.688277, 0.688279, 0.720086, 0.720089, 0.732357, 0.732392, 0.766532, 0.766554, 0.773206, 0.773231, 0.785899, 0.785914, 0.804981, 0.804991, 0.809426, 0.809443
elapsed time for k point: 6 seconds.
solve_kpoint (0.5,0.29703,0):
Solving for bands 1 to 10...
Finished solving for bands 1 to 10 after 7 iterations.
Solving for bands 11 to 20...
Finished solving for bands 11 to 20 after 8 iterations.
Solving for bands 21 to 30...
Finished solving for bands 21 to 30 after 9 iterations.
Solving for bands 31 to 40...
Finished solving for bands 31 to 40 after 9 iterations.
Finished k-point with 8.25 mean iterations/band.
freqs:, 162, 0.5, 0.29703, 0, 0.581573, 0.292856, 0.292868, 0.386074, 0.386086, 0.485183, 0.485209, 0.498859, 0.498888, 0.566285, 0.566335, 0.594304, 0.594325, 0.598749, 0.598785, 0.632192, 0.632208, 0.642415, 0.64243, 0.658913, 0.658925, 0.664297, 0.664307, 0.68097, 0.680985, 0.688636, 0.688638, 0.720193, 0.720196, 0.732511, 0.732547, 0.766641, 0.766663, 0.773735, 0.77376, 0.786773, 0.786787, 0.805145, 0.805156, 0.809393, 0.809409
elapsed time for k point: 6 seconds.
solve_kpoint (0.5,0.30198,0):
Solving for bands 1 to 10...
Finished solving for bands 1 to 10 after 7 iterations.
Solving for bands 11 to 20...
Finished solving for bands 11 to 20 after 8 iterations.
Solving for bands 21 to 30...
Finished solving for bands 21 to 30 after 9 iterations.
Solving for bands 31 to 40...
Finished solving for bands 31 to 40 after 9 iterations.
Finished k-point with 8.25 mean iterations/band.
freqs:, 163, 0.5, 0.30198, 0, 0.584116, 0.293805, 0.293816, 0.386894, 0.386906, 0.484096, 0.484122, 0.49783, 0.497859, 0.566533, 0.566584, 0.594225, 0.594246, 0.599222, 0.599258, 0.632168, 0.632183, 0.641905, 0.64192, 0.658478, 0.658491, 0.664224, 0.664235, 0.681022, 0.681036, 0.689008, 0.68901, 0.720297, 0.720299, 0.732661, 0.732697, 0.76674, 0.766761, 0.774223, 0.774247, 0.787673, 0.787685, 0.805325, 0.805337, 0.809373, 0.809388
elapsed time for k point: 5 seconds.
solve_kpoint (0.5,0.306931,0):
Solving for bands 1 to 10...
Finished solving for bands 1 to 10 after 7 iterations.
Solving for bands 11 to 20...
Finished solving for bands 11 to 20 after 8 iterations.
Solving for bands 21 to 30...
Finished solving for bands 21 to 30 after 9 iterations.
Solving for bands 31 to 40...
Finished solving for bands 31 to 40 after 9 iterations.
Finished k-point with 8.25 mean iterations/band.
freqs:, 164, 0.5, 0.306931, 0, 0.586691, 0.294753, 0.294765, 0.387716, 0.387727, 0.483014, 0.48304, 0.496806, 0.496835, 0.566779, 0.56683, 0.594147, 0.594169, 0.599697, 0.599733, 0.632148, 0.632163, 0.641395, 0.64141, 0.658046, 0.658059, 0.664138, 0.66415, 0.68107, 0.681084, 0.689392, 0.689393, 0.720397, 0.7204, 0.732806, 0.732842, 0.76683, 0.766851, 0.774672, 0.774696, 0.788589, 0.788599, 0.805523, 0.805536, 0.809372, 0.809385
elapsed time for k point: 6 seconds.
solve_kpoint (0.5,0.311881,0):
Solving for bands 1 to 10...
Finished solving for bands 1 to 10 after 7 iterations.
Solving for bands 11 to 20...
Finished solving for bands 11 to 20 after 8 iterations.
Solving for bands 21 to 30...
Finished solving for bands 21 to 30 after 9 iterations.
Solving for bands 31 to 40...
Finished solving for bands 31 to 40 after 9 iterations.
Finished k-point with 8.25 mean iterations/band.
freqs:, 165, 0.5, 0.311881, 0, 0.589296, 0.2957, 0.295712, 0.388537, 0.388548, 0.481938, 0.481963, 0.495787, 0.495817, 0.567021, 0.567073, 0.594072, 0.594095, 0.600174, 0.60021, 0.632134, 0.632149, 0.640885, 0.6409, 0.657617, 0.65763, 0.66404, 0.664052, 0.681116, 0.68113, 0.689785, 0.689787, 0.720494, 0.720497, 0.732946, 0.732983, 0.766913, 0.766934, 0.775085, 0.775109, 0.78951, 0.789518, 0.805738, 0.805752, 0.809392, 0.809404
elapsed time for k point: 5 seconds.
solve_kpoint (0.5,0.316832,0):
Solving for bands 1 to 10...
Finished solving for bands 1 to 10 after 7 iterations.
Solving for bands 11 to 20...
Finished solving for bands 11 to 20 after 8 iterations.
Solving for bands 21 to 30...
Finished solving for bands 21 to 30 after 9 iterations.
Solving for bands 31 to 40...
Finished solving for bands 31 to 40 after 9 iterations.
Finished k-point with 8.25 mean iterations/band.
freqs:, 166, 0.5, 0.316832, 0, 0.591931, 0.296645, 0.296657, 0.389356, 0.389368, 0.48087, 0.480895, 0.494773, 0.494803, 0.567261, 0.567313, 0.594001, 0.594024, 0.600652, 0.600687, 0.632124, 0.632138, 0.640375, 0.640391, 0.657192, 0.657205, 0.663932, 0.663944, 0.681159, 0.681172, 0.690186, 0.690188, 0.720588, 0.720591, 0.733081, 0.733119, 0.766991, 0.767012, 0.775467, 0.77549, 0.790426, 0.790432, 0.805967, 0.805983, 0.809443, 0.809452
elapsed time for k point: 6 seconds.
solve_kpoint (0.5,0.321782,0):
Solving for bands 1 to 10...
Finished solving for bands 1 to 10 after 7 iterations.
Solving for bands 11 to 20...
Finished solving for bands 11 to 20 after 8 iterations.
Solving for bands 21 to 30...
Finished solving for bands 21 to 30 after 9 iterations.
Solving for bands 31 to 40...
Finished solving for bands 31 to 40 after 9 iterations.
Finished k-point with 8.25 mean iterations/band.
freqs:, 167, 0.5, 0.321782, 0, 0.594595, 0.297586, 0.297598, 0.390174, 0.390185, 0.479812, 0.479837, 0.493764, 0.493793, 0.567497, 0.56755, 0.593932, 0.593955, 0.60113, 0.601166, 0.632119, 0.632133, 0.639867, 0.639882, 0.656771, 0.656783, 0.663813, 0.663826, 0.681199, 0.681212, 0.690594, 0.690596, 0.720678, 0.720681, 0.733211, 0.733249, 0.767064, 0.767085, 0.77582, 0.775842, 0.791327, 0.791331, 0.806208, 0.806226, 0.809531, 0.809538
elapsed time for k point: 5 seconds.
solve_kpoint (0.5,0.326733,0):
Solving for bands 1 to 10...
Finished solving for bands 1 to 10 after 7 iterations.
Solving for bands 11 to 20...
Finished solving for bands 11 to 20 after 8 iterations.
Solving for bands 21 to 30...
Finished solving for bands 21 to 30 after 9 iterations.
Solving for bands 31 to 40...
Finished solving for bands 31 to 40 after 9 iterations.
Finished k-point with 8.25 mean iterations/band.
freqs:, 168, 0.5, 0.326733, 0, 0.597289, 0.298524, 0.298536, 0.390989, 0.391, 0.478766, 0.478791, 0.492759, 0.492788, 0.56773, 0.567783, 0.593866, 0.59389, 0.60161, 0.601645, 0.632117, 0.63213, 0.63936, 0.639376, 0.656353, 0.656366, 0.663687, 0.6637, 0.681237, 0.68125, 0.691006, 0.691008, 0.720764, 0.720767, 0.733337, 0.733375, 0.767132, 0.767153, 0.776147, 0.77617, 0.7922, 0.792205, 0.806452, 0.806472, 0.809671, 0.809676
elapsed time for k point: 6 seconds.
solve_kpoint (0.5,0.331683,0):
Solving for bands 1 to 10...
Finished solving for bands 1 to 10 after 7 iterations.
Solving for bands 11 to 20...
Finished solving for bands 11 to 20 after 8 iterations.
Solving for bands 21 to 30...
Finished solving for bands 21 to 30 after 9 iterations.
Solving for bands 31 to 40...
Finished solving for bands 31 to 40 after 9 iterations.
Finished k-point with 8.25 mean iterations/band.
freqs:, 169, 0.5, 0.331683, 0, 0.600011, 0.299455, 0.299468, 0.3918, 0.39181, 0.477734, 0.477758, 0.491759, 0.491788, 0.567959, 0.568012, 0.593803, 0.593827, 0.60209, 0.602125, 0.632118, 0.632131, 0.638856, 0.638872, 0.65594, 0.655953, 0.663553, 0.663567, 0.681272, 0.681285, 0.691422, 0.691424, 0.720846, 0.720849, 0.733457, 0.733496, 0.767197, 0.767218, 0.776452, 0.776475, 0.793038, 0.793044, 0.806689, 0.806711, 0.809877, 0.809881
elapsed time for k point: 6 seconds.
solve_kpoint (0.5,0.336634,0):
Solving for bands 1 to 10...
Finished solving for bands 1 to 10 after 7 iterations.
Solving for bands 11 to 20...
Finished solving for bands 11 to 20 after 8 iterations.
Solving for bands 21 to 30...
Finished solving for bands 21 to 30 after 9 iterations.
Solving for bands 31 to 40...
Finished solving for bands 31 to 40 after 9 iterations.
Finished k-point with 8.25 mean iterations/band.
freqs:, 170, 0.5, 0.336634, 0, 0.602762, 0.300381, 0.300393, 0.392606, 0.392616, 0.476718, 0.476742, 0.490763, 0.490792, 0.568184, 0.568237, 0.593743, 0.593768, 0.60257, 0.602605, 0.632122, 0.632134, 0.638356, 0.638371, 0.655532, 0.655544, 0.663414, 0.663428, 0.681306, 0.681318, 0.69184, 0.691842, 0.720925, 0.720927, 0.733573, 0.733613, 0.767258, 0.76728, 0.776738, 0.77676, 0.793832, 0.79384, 0.806908, 0.806932, 0.810164, 0.810171
elapsed time for k point: 5 seconds.
solve_kpoint (0.5,0.341584,0):
Solving for bands 1 to 10...
Finished solving for bands 1 to 10 after 7 iterations.
Solving for bands 11 to 20...
Finished solving for bands 11 to 20 after 8 iterations.
Solving for bands 21 to 30...
Finished solving for bands 21 to 30 after 9 iterations.
Solving for bands 31 to 40...
Finished solving for bands 31 to 40 after 9 iterations.
Finished k-point with 8.25 mean iterations/band.
freqs:, 171, 0.5, 0.341584, 0, 0.605541, 0.301299, 0.301311, 0.393406, 0.393416, 0.47572, 0.475743, 0.489772, 0.4898, 0.568404, 0.568459, 0.593686, 0.593711, 0.603051, 0.603086, 0.632126, 0.632138, 0.63786, 0.637875, 0.655128, 0.655141, 0.66327, 0.663284, 0.681337, 0.68135, 0.692259, 0.69226, 0.720999, 0.721002, 0.733684, 0.733724, 0.767317, 0.767338, 0.777006, 0.777027, 0.794575, 0.794585, 0.807099, 0.807124, 0.810547, 0.810558
elapsed time for k point: 6 seconds.
solve_kpoint (0.5,0.346535,0):
Solving for bands 1 to 10...
Finished solving for bands 1 to 10 after 7 iterations.
Solving for bands 11 to 20...
Finished solving for bands 11 to 20 after 8 iterations.
Solving for bands 21 to 30...
Finished solving for bands 21 to 30 after 9 iterations.
Solving for bands 31 to 40...
Finished solving for bands 31 to 40 after 9 iterations.
Finished k-point with 8.25 mean iterations/band.
freqs:, 172, 0.5, 0.346535, 0, 0.608347, 0.302209, 0.302221, 0.394199, 0.394209, 0.474742, 0.474765, 0.488786, 0.488813, 0.568621, 0.568675, 0.593632, 0.593658, 0.603532, 0.603567, 0.632131, 0.632142, 0.637371, 0.637386, 0.65473, 0.654742, 0.663121, 0.663136, 0.681367, 0.681379, 0.692676, 0.692678, 0.721069, 0.721072, 0.733791, 0.733831, 0.767372, 0.767394, 0.777257, 0.777279, 0.795262, 0.795274, 0.807256, 0.807283, 0.811034, 0.811048
elapsed time for k point: 5 seconds.
solve_kpoint (0.5,0.351485,0):
Solving for bands 1 to 10...
Finished solving for bands 1 to 10 after 7 iterations.
Solving for bands 11 to 20...
Finished solving for bands 11 to 20 after 8 iterations.
Solving for bands 21 to 30...
Finished solving for bands 21 to 30 after 9 iterations.
Solving for bands 31 to 40...
Finished solving for bands 31 to 40 after 9 iterations.
Finished k-point with 8.25 mean iterations/band.
freqs:, 173, 0.5, 0.351485, 0, 0.611181, 0.303109, 0.303121, 0.394984, 0.394994, 0.473785, 0.473808, 0.487804, 0.487831, 0.568833, 0.568888, 0.593581, 0.593607, 0.604013, 0.604048, 0.632132, 0.632143, 0.63689, 0.636904, 0.654337, 0.654349, 0.66297, 0.662985, 0.681395, 0.681407, 0.693092, 0.693094, 0.721135, 0.721138, 0.733893, 0.733934, 0.767425, 0.767447, 0.777495, 0.777516, 0.79589, 0.795904, 0.807381, 0.807408, 0.811623, 0.811641
elapsed time for k point: 6 seconds.
solve_kpoint (0.5,0.356436,0):
Solving for bands 1 to 10...
Finished solving for bands 1 to 10 after 7 iterations.
Solving for bands 11 to 20...
Finished solving for bands 11 to 20 after 8 iterations.
Solving for bands 21 to 30...
Finished solving for bands 21 to 30 after 9 iterations.
Solving for bands 31 to 40...
Finished solving for bands 31 to 40 after 9 iterations.
Finished k-point with 8.25 mean iterations/band.
freqs:, 174, 0.5, 0.356436, 0, 0.614041, 0.303998, 0.30401, 0.39576, 0.39577, 0.472853, 0.472874, 0.486828, 0.486855, 0.56904, 0.569095, 0.593533, 0.593559, 0.604494, 0.604529, 0.632128, 0.632138, 0.636421, 0.636434, 0.65395, 0.653962, 0.662816, 0.662831, 0.681421, 0.681433, 0.693505, 0.693507, 0.721197, 0.7212, 0.73399, 0.734031, 0.767475, 0.767497, 0.77772, 0.777741, 0.796458, 0.796473, 0.807477, 0.807505, 0.812308, 0.812328
elapsed time for k point: 6 seconds.
solve_kpoint (0.5,0.361386,0):
Solving for bands 1 to 10...
Finished solving for bands 1 to 10 after 7 iterations.
Solving for bands 11 to 20...
Finished solving for bands 11 to 20 after 8 iterations.
Solving for bands 21 to 30...
Finished solving for bands 21 to 30 after 9 iterations.
Solving for bands 31 to 40...
Finished solving for bands 31 to 40 after 10 iterations.
Finished k-point with 8.5 mean iterations/band.
freqs:, 175, 0.5, 0.361386, 0, 0.616928, 0.304875, 0.304888, 0.396525, 0.396535, 0.471947, 0.471967, 0.485857, 0.485883, 0.569242, 0.569298, 0.593487, 0.593513, 0.604976, 0.60501, 0.632114, 0.632122, 0.635968, 0.63598, 0.653569, 0.653581, 0.662661, 0.662676, 0.681446, 0.681458, 0.693914, 0.693916, 0.721255, 0.721258, 0.734083, 0.734125, 0.767523, 0.767545, 0.777932, 0.777953, 0.796967, 0.796984, 0.807552, 0.807579, 0.813079, 0.813101
elapsed time for k point: 5 seconds.
solve_kpoint (0.5,0.366337,0):
Solving for bands 1 to 10...
Finished solving for bands 1 to 10 after 7 iterations.
Solving for bands 11 to 20...
Finished solving for bands 11 to 20 after 8 iterations.
Solving for bands 21 to 30...
Finished solving for bands 21 to 30 after 9 iterations.
Solving for bands 31 to 40...
Finished solving for bands 31 to 40 after 10 iterations.
Finished k-point with 8.5 mean iterations/band.
freqs:, 176, 0.5, 0.366337, 0, 0.619841, 0.305739, 0.305752, 0.397279, 0.397289, 0.471068, 0.471088, 0.484892, 0.484918, 0.56944, 0.569496, 0.593444, 0.59347, 0.605457, 0.60549, 0.632084, 0.632091, 0.635536, 0.635547, 0.653195, 0.653207, 0.662506, 0.662521, 0.68147, 0.681482, 0.694318, 0.694319, 0.721309, 0.721312, 0.734171, 0.734214, 0.767569, 0.767591, 0.778134, 0.778154, 0.797421, 0.79744, 0.80761, 0.807637, 0.813923, 0.813947
elapsed time for k point: 6 seconds.
solve_kpoint (0.5,0.371287,0):
Solving for bands 1 to 10...
Finished solving for bands 1 to 10 after 7 iterations.
Solving for bands 11 to 20...
Finished solving for bands 11 to 20 after 8 iterations.
Solving for bands 21 to 30...
Finished solving for bands 21 to 30 after 9 iterations.
Solving for bands 31 to 40...
Finished solving for bands 31 to 40 after 10 iterations.
Finished k-point with 8.5 mean iterations/band.
freqs:, 177, 0.5, 0.371287, 0, 0.622779, 0.306588, 0.306601, 0.39802, 0.39803, 0.470219, 0.470238, 0.483934, 0.483959, 0.569632, 0.569688, 0.593403, 0.59343, 0.605937, 0.605971, 0.63203, 0.632035, 0.635135, 0.635144, 0.652827, 0.652839, 0.66235, 0.662366, 0.681492, 0.681504, 0.694715, 0.694717, 0.721359, 0.721362, 0.734255, 0.734298, 0.767613, 0.767634, 0.778326, 0.778346, 0.797823, 0.797843, 0.807657, 0.807683, 0.81483, 0.814854
elapsed time for k point: 6 seconds.
solve_kpoint (0.5,0.376238,0):
Solving for bands 1 to 10...
Finished solving for bands 1 to 10 after 7 iterations.
Solving for bands 11 to 20...
Finished solving for bands 11 to 20 after 8 iterations.
Solving for bands 21 to 30...
Finished solving for bands 21 to 30 after 8 iterations.
Solving for bands 31 to 40...
Finished solving for bands 31 to 40 after 10 iterations.
Finished k-point with 8.25 mean iterations/band.
freqs:, 178, 0.5, 0.376238, 0, 0.625743, 0.307422, 0.307434, 0.398746, 0.398757, 0.469403, 0.46942, 0.482982, 0.483006, 0.569818, 0.569875, 0.593365, 0.593392, 0.606417, 0.60645, 0.631939, 0.631943, 0.634776, 0.634783, 0.652466, 0.652478, 0.662195, 0.662211, 0.681514, 0.681525, 0.695106, 0.695108, 0.721404, 0.721407, 0.734335, 0.734378, 0.767654, 0.767676, 0.778508, 0.778527, 0.798179, 0.798199, 0.807695, 0.80772, 0.815788, 0.815813
elapsed time for k point: 5 seconds.
solve_kpoint (0.5,0.381188,0):
Solving for bands 1 to 10...
Finished solving for bands 1 to 10 after 7 iterations.
Solving for bands 11 to 20...
Finished solving for bands 11 to 20 after 8 iterations.
Solving for bands 21 to 30...
Finished solving for bands 21 to 30 after 9 iterations.
Solving for bands 31 to 40...
Finished solving for bands 31 to 40 after 10 iterations.
Finished k-point with 8.5 mean iterations/band.
freqs:, 179, 0.5, 0.381188, 0, 0.628732, 0.308238, 0.308251, 0.399457, 0.399468, 0.46862, 0.468637, 0.482038, 0.482061, 0.569999, 0.570056, 0.593329, 0.593356, 0.606897, 0.606929, 0.631799, 0.631804, 0.634471, 0.634475, 0.652113, 0.652125, 0.662042, 0.662058, 0.681534, 0.681545, 0.695489, 0.695491, 0.721446, 0.721449, 0.734411, 0.734454, 0.767694, 0.767716, 0.778681, 0.7787, 0.798492, 0.798513, 0.807728, 0.807752, 0.816786, 0.816812
elapsed time for k point: 6 seconds.
solve_kpoint (0.5,0.386139,0):
Solving for bands 1 to 10...
Finished solving for bands 1 to 10 after 7 iterations.
Solving for bands 11 to 20...
Finished solving for bands 11 to 20 after 8 iterations.
Solving for bands 21 to 30...
Finished solving for bands 21 to 30 after 8 iterations.
Solving for bands 31 to 40...
Finished solving for bands 31 to 40 after 10 iterations.
Finished k-point with 8.25 mean iterations/band.
freqs:, 180, 0.5, 0.386139, 0, 0.631746, 0.309036, 0.309049, 0.400152, 0.400163, 0.467873, 0.467889, 0.481101, 0.481125, 0.570174, 0.570231, 0.593295, 0.593322, 0.607375, 0.607408, 0.631598, 0.631606, 0.63423, 0.634234, 0.651768, 0.651779, 0.661891, 0.661907, 0.681553, 0.681564, 0.695864, 0.695866, 0.721484, 0.721487, 0.734483, 0.734526, 0.767732, 0.767753, 0.778845, 0.778864, 0.798768, 0.798789, 0.807757, 0.80778, 0.817814, 0.81784
elapsed time for k point: 6 seconds.
solve_kpoint (0.5,0.391089,0):
Solving for bands 1 to 10...
Finished solving for bands 1 to 10 after 7 iterations.
Solving for bands 11 to 20...
Finished solving for bands 11 to 20 after 8 iterations.
Solving for bands 21 to 30...
Finished solving for bands 21 to 30 after 9 iterations.
Solving for bands 31 to 40...
Finished solving for bands 31 to 40 after 11 iterations.
Finished k-point with 8.75 mean iterations/band.
freqs:, 181, 0.5, 0.391089, 0, 0.634784, 0.309814, 0.309827, 0.400828, 0.400839, 0.467164, 0.467179, 0.480174, 0.480196, 0.570343, 0.570401, 0.593263, 0.593291, 0.607852, 0.607885, 0.631335, 0.631347, 0.634055, 0.634061, 0.65143, 0.651442, 0.661742, 0.661758, 0.681571, 0.681582, 0.696229, 0.696231, 0.721518, 0.721521, 0.73455, 0.734594, 0.767768, 0.767789, 0.779001, 0.779019, 0.799011, 0.799033, 0.807783, 0.807805, 0.818863, 0.818889
elapsed time for k point: 6 seconds.
solve_kpoint (0.5,0.39604,0):
Solving for bands 1 to 10...
Finished solving for bands 1 to 10 after 7 iterations.
Solving for bands 11 to 20...
Finished solving for bands 11 to 20 after 8 iterations.
Solving for bands 21 to 30...
Finished solving for bands 21 to 30 after 8 iterations.
Solving for bands 31 to 40...
Finished solving for bands 31 to 40 after 12 iterations.
Finished k-point with 8.75 mean iterations/band.
freqs:, 182, 0.5, 0.39604, 0, 0.637846, 0.310571, 0.310583, 0.401484, 0.401496, 0.466495, 0.466508, 0.479256, 0.479278, 0.570506, 0.570564, 0.593234, 0.593261, 0.608328, 0.60836, 0.631015, 0.63103, 0.633943, 0.633951, 0.651102, 0.651114, 0.661596, 0.661613, 0.681589, 0.681599, 0.696583, 0.696586, 0.721549, 0.721552, 0.734614, 0.734659, 0.767802, 0.767823, 0.779148, 0.779167, 0.799226, 0.799248, 0.807807, 0.807829, 0.819923, 0.819948
elapsed time for k point: 6 seconds.
solve_kpoint (0.5,0.40099,0):
Solving for bands 1 to 10...
Finished solving for bands 1 to 10 after 7 iterations.
Solving for bands 11 to 20...
Finished solving for bands 11 to 20 after 8 iterations.
Solving for bands 21 to 30...
Finished solving for bands 21 to 30 after 9 iterations.
Solving for bands 31 to 40...
Finished solving for bands 31 to 40 after 12 iterations.
Finished k-point with 9 mean iterations/band.
freqs:, 183, 0.5, 0.40099, 0, 0.640931, 0.311305, 0.311317, 0.402119, 0.402132, 0.465868, 0.46588, 0.478349, 0.478369, 0.570663, 0.570721, 0.593206, 0.593234, 0.608803, 0.608834, 0.63065, 0.630667, 0.63388, 0.63389, 0.650783, 0.650795, 0.661454, 0.661471, 0.681605, 0.681616, 0.696927, 0.696929, 0.721576, 0.721579, 0.734674, 0.734719, 0.767834, 0.767856, 0.779289, 0.779307, 0.799415, 0.799437, 0.807831, 0.807852, 0.820985, 0.821011
elapsed time for k point: 6 seconds.
solve_kpoint (0.5,0.405941,0):
Solving for bands 1 to 10...
Finished solving for bands 1 to 10 after 7 iterations.
Solving for bands 11 to 20...
Finished solving for bands 11 to 20 after 8 iterations.
Solving for bands 21 to 30...
Finished solving for bands 21 to 30 after 8 iterations.
Solving for bands 31 to 40...
Finished solving for bands 31 to 40 after 12 iterations.
Finished k-point with 8.75 mean iterations/band.
freqs:, 184, 0.5, 0.405941, 0, 0.64404, 0.312015, 0.312028, 0.402732, 0.402745, 0.465284, 0.465295, 0.477453, 0.477472, 0.570813, 0.570871, 0.59318, 0.593208, 0.609275, 0.609306, 0.630253, 0.630272, 0.633857, 0.633868, 0.650474, 0.650485, 0.661316, 0.661333, 0.68162, 0.681631, 0.69726, 0.697262, 0.7216, 0.721602, 0.73473, 0.734775, 0.767865, 0.767886, 0.779421, 0.779439, 0.799583, 0.799605, 0.807854, 0.807874, 0.822041, 0.822066
elapsed time for k point: 6 seconds.
solve_kpoint (0.5,0.410891,0):
Solving for bands 1 to 10...
Finished solving for bands 1 to 10 after 7 iterations.
Solving for bands 11 to 20...
Finished solving for bands 11 to 20 after 8 iterations.
Solving for bands 21 to 30...
Finished solving for bands 21 to 30 after 9 iterations.
Solving for bands 31 to 40...
Finished solving for bands 31 to 40 after 13 iterations.
Finished k-point with 9.25 mean iterations/band.
freqs:, 185, 0.5, 0.410891, 0, 0.647172, 0.312699, 0.312712, 0.403322, 0.403335, 0.464746, 0.464755, 0.476569, 0.476588, 0.570956, 0.571015, 0.593156, 0.593184, 0.609745, 0.609776, 0.629833, 0.629854, 0.633861, 0.633872, 0.650174, 0.650186, 0.661182, 0.661199, 0.681635, 0.681645, 0.69758, 0.697582, 0.72162, 0.721623, 0.734783, 0.734828, 0.767893, 0.767915, 0.779546, 0.779564, 0.799731, 0.799754, 0.807877, 0.807896, 0.823082, 0.823107
elapsed time for k point: 6 seconds.
solve_kpoint (0.5,0.415842,0):
Solving for bands 1 to 10...
Finished solving for bands 1 to 10 after 7 iterations.
Solving for bands 11 to 20...
Finished solving for bands 11 to 20 after 8 iterations.
Solving for bands 21 to 30...
Finished solving for bands 21 to 30 after 8 iterations.
Solving for bands 31 to 40...
Finished solving for bands 31 to 40 after 13 iterations.
Finished k-point with 9 mean iterations/band.
freqs:, 186, 0.5, 0.415842, 0, 0.650326, 0.313357, 0.31337, 0.403886, 0.4039, 0.464254, 0.464261, 0.475699, 0.475716, 0.571093, 0.571152, 0.593134, 0.593162, 0.610212, 0.610242, 0.6294, 0.629421, 0.633884, 0.633897, 0.649886, 0.649897, 0.661053, 0.661071, 0.681649, 0.681659, 0.697887, 0.697889, 0.721638, 0.721641, 0.734832, 0.734878, 0.767921, 0.767943, 0.779664, 0.779681, 0.799863, 0.799886, 0.807899, 0.807917, 0.8241, 0.824125
elapsed time for k point: 6 seconds.
solve_kpoint (0.5,0.420792,0):
Solving for bands 1 to 10...
Finished solving for bands 1 to 10 after 7 iterations.
Solving for bands 11 to 20...
Finished solving for bands 11 to 20 after 8 iterations.
Solving for bands 21 to 30...
Finished solving for bands 21 to 30 after 9 iterations.
Solving for bands 31 to 40...
Finished solving for bands 31 to 40 after 14 iterations.
Finished k-point with 9.5 mean iterations/band.
freqs:, 187, 0.5, 0.420792, 0, 0.653503, 0.313987, 0.313999, 0.404424, 0.404439, 0.46381, 0.463816, 0.474843, 0.47486, 0.571222, 0.571282, 0.593114, 0.593142, 0.610675, 0.610705, 0.628958, 0.62898, 0.633922, 0.633934, 0.649609, 0.64962, 0.66093, 0.660948, 0.681662, 0.681672, 0.69818, 0.698182, 0.721653, 0.721656, 0.734877, 0.734924, 0.767946, 0.767968, 0.779775, 0.779792, 0.79998, 0.800003, 0.807921, 0.807938, 0.825087, 0.825111
elapsed time for k point: 6 seconds.
solve_kpoint (0.5,0.425743,0):
Solving for bands 1 to 10...
Finished solving for bands 1 to 10 after 7 iterations.
Solving for bands 11 to 20...
Finished solving for bands 11 to 20 after 8 iterations.
Solving for bands 21 to 30...
Finished solving for bands 21 to 30 after 8 iterations.
Solving for bands 31 to 40...
Finished solving for bands 31 to 40 after 14 iterations.
Finished k-point with 9.25 mean iterations/band.
freqs:, 188, 0.5, 0.425743, 0, 0.656701, 0.314586, 0.314599, 0.404935, 0.40495, 0.463416, 0.463421, 0.474004, 0.474019, 0.571345, 0.571404, 0.593095, 0.593123, 0.611133, 0.611163, 0.628512, 0.628535, 0.633969, 0.633982, 0.649343, 0.649355, 0.660812, 0.66083, 0.681674, 0.681684, 0.698459, 0.698462, 0.721666, 0.721668, 0.73492, 0.734966, 0.76797, 0.767993, 0.779878, 0.779895, 0.800084, 0.800107, 0.807943, 0.80796, 0.826033, 0.826057
elapsed time for k point: 7 seconds.
solve_kpoint (0.5,0.430693,0):
Solving for bands 1 to 10...
Finished solving for bands 1 to 10 after 7 iterations.
Solving for bands 11 to 20...
Finished solving for bands 11 to 20 after 8 iterations.
Solving for bands 21 to 30...
Finished solving for bands 21 to 30 after 9 iterations.
Solving for bands 31 to 40...
Finished solving for bands 31 to 40 after 14 iterations.
Finished k-point with 9.5 mean iterations/band.
freqs:, 189, 0.5, 0.430693, 0, 0.659922, 0.315155, 0.315168, 0.405417, 0.405433, 0.463071, 0.463076, 0.473182, 0.473196, 0.57146, 0.57152, 0.593077, 0.593106, 0.611587, 0.611616, 0.628066, 0.628089, 0.634022, 0.634035, 0.649091, 0.649102, 0.660701, 0.660718, 0.681685, 0.681695, 0.698723, 0.698726, 0.721676, 0.721678, 0.734959, 0.735006, 0.767993, 0.768015, 0.779975, 0.779991, 0.800177, 0.800199, 0.807965, 0.80798, 0.826931, 0.826954
elapsed time for k point: 6 seconds.
solve_kpoint (0.5,0.435644,0):
Solving for bands 1 to 10...
Finished solving for bands 1 to 10 after 7 iterations.
Solving for bands 11 to 20...
Finished solving for bands 11 to 20 after 8 iterations.
Solving for bands 21 to 30...
Finished solving for bands 21 to 30 after 8 iterations.
Solving for bands 31 to 40...
Finished solving for bands 31 to 40 after 15 iterations.
Finished k-point with 9.5 mean iterations/band.
freqs:, 190, 0.5, 0.435644, 0, 0.663163, 0.315692, 0.315704, 0.405869, 0.405886, 0.462778, 0.462783, 0.472379, 0.472391, 0.571568, 0.571628, 0.593061, 0.59309, 0.612034, 0.612062, 0.627622, 0.627645, 0.63408, 0.634093, 0.648851, 0.648862, 0.660595, 0.660613, 0.681696, 0.681705, 0.698972, 0.698975, 0.721684, 0.721686, 0.734995, 0.735042, 0.768014, 0.768036, 0.780065, 0.780081, 0.800259, 0.800281, 0.807986, 0.808001, 0.827773, 0.827796
elapsed time for k point: 6 seconds.
solve_kpoint (0.5,0.440594,0):
Solving for bands 1 to 10...
Finished solving for bands 1 to 10 after 7 iterations.
Solving for bands 11 to 20...
Finished solving for bands 11 to 20 after 8 iterations.
Solving for bands 21 to 30...
Finished solving for bands 21 to 30 after 8 iterations.
Solving for bands 31 to 40...
Finished solving for bands 31 to 40 after 15 iterations.
Finished k-point with 9.5 mean iterations/band.
freqs:, 191, 0.5, 0.440594, 0, 0.666426, 0.316194, 0.316207, 0.406291, 0.406308, 0.462535, 0.462542, 0.471597, 0.471608, 0.571669, 0.571729, 0.593047, 0.593075, 0.612473, 0.612501, 0.627182, 0.627207, 0.63414, 0.634153, 0.648625, 0.648637, 0.660497, 0.660515, 0.681705, 0.681715, 0.699205, 0.699208, 0.72169, 0.721693, 0.735028, 0.735075, 0.768033, 0.768055, 0.780148, 0.780163, 0.800332, 0.800354, 0.808007, 0.80802, 0.828552, 0.828575
elapsed time for k point: 7 seconds.
solve_kpoint (0.5,0.445545,0):
Solving for bands 1 to 10...
Finished solving for bands 1 to 10 after 7 iterations.
Solving for bands 11 to 20...
Finished solving for bands 11 to 20 after 8 iterations.
Solving for bands 21 to 30...
Finished solving for bands 21 to 30 after 8 iterations.
Solving for bands 31 to 40...
Finished solving for bands 31 to 40 after 15 iterations.
Finished k-point with 9.5 mean iterations/band.
freqs:, 192, 0.5, 0.445545, 0, 0.669709, 0.316662, 0.316675, 0.406681, 0.406699, 0.462345, 0.462353, 0.470837, 0.470846, 0.571762, 0.571822, 0.593034, 0.593062, 0.612902, 0.61293, 0.626751, 0.626776, 0.634201, 0.634214, 0.648414, 0.648425, 0.660405, 0.660423, 0.681714, 0.681724, 0.699422, 0.699424, 0.721695, 0.721697, 0.735058, 0.735106, 0.768051, 0.768073, 0.780224, 0.780239, 0.800397, 0.800419, 0.808027, 0.80804, 0.829264, 0.829286
elapsed time for k point: 6 seconds.
solve_kpoint (0.5,0.450495,0):
Solving for bands 1 to 10...
Finished solving for bands 1 to 10 after 7 iterations.
Solving for bands 11 to 20...
Finished solving for bands 11 to 20 after 8 iterations.
Solving for bands 21 to 30...
Finished solving for bands 21 to 30 after 8 iterations.
Solving for bands 31 to 40...
Finished solving for bands 31 to 40 after 15 iterations.
Finished k-point with 9.5 mean iterations/band.
freqs:, 193, 0.5, 0.450495, 0, 0.673012, 0.317094, 0.317106, 0.407039, 0.407058, 0.462206, 0.462216, 0.470102, 0.470109, 0.571847, 0.571907, 0.593022, 0.59305, 0.61332, 0.613347, 0.62633, 0.626355, 0.63426, 0.634274, 0.648218, 0.648229, 0.66032, 0.660338, 0.681722, 0.681732, 0.699621, 0.699624, 0.721698, 0.7217, 0.735085, 0.735133, 0.768067, 0.768089, 0.780294, 0.780308, 0.800453, 0.800476, 0.808046, 0.808058, 0.829906, 0.829927
elapsed time for k point: 7 seconds.
solve_kpoint (0.5,0.455446,0):
Solving for bands 1 to 10...
Finished solving for bands 1 to 10 after 7 iterations.
Solving for bands 11 to 20...
Finished solving for bands 11 to 20 after 8 iterations.
Solving for bands 21 to 30...
Finished solving for bands 21 to 30 after 8 iterations.
Solving for bands 31 to 40...
Finished solving for bands 31 to 40 after 15 iterations.
Finished k-point with 9.5 mean iterations/band.
freqs:, 194, 0.5, 0.455446, 0, 0.676336, 0.317488, 0.3175, 0.407365, 0.407385, 0.462118, 0.462131, 0.469394, 0.469399, 0.571924, 0.571985, 0.593011, 0.59304, 0.613724, 0.61375, 0.625922, 0.625948, 0.634318, 0.634331, 0.648038, 0.648049, 0.660243, 0.660261, 0.68173, 0.681739, 0.699803, 0.699806, 0.721701, 0.721703, 0.735109, 0.735157, 0.768081, 0.768104, 0.780356, 0.780371, 0.800503, 0.800525, 0.808063, 0.808075, 0.830475, 0.830496
elapsed time for k point: 6 seconds.
solve_kpoint (0.5,0.460396,0):
Solving for bands 1 to 10...
Finished solving for bands 1 to 10 after 7 iterations.
Solving for bands 11 to 20...
Finished solving for bands 11 to 20 after 8 iterations.
Solving for bands 21 to 30...
Finished solving for bands 21 to 30 after 8 iterations.
Solving for bands 31 to 40...
Finished solving for bands 31 to 40 after 15 iterations.
Finished k-point with 9.5 mean iterations/band.
freqs:, 195, 0.5, 0.460396, 0, 0.67968, 0.317844, 0.317856, 0.407657, 0.407678, 0.462079, 0.462095, 0.468716, 0.468719, 0.571994, 0.572054, 0.593002, 0.593031, 0.61411, 0.614135, 0.625531, 0.625558, 0.634373, 0.634386, 0.647875, 0.647886, 0.660173, 0.660192, 0.681736, 0.681746, 0.699967, 0.69997, 0.721702, 0.721704, 0.735131, 0.735179, 0.768094, 0.768117, 0.780413, 0.780426, 0.800547, 0.800569, 0.80808, 0.808091, 0.830973, 0.830993
elapsed time for k point: 7 seconds.
solve_kpoint (0.5,0.465347,0):
Solving for bands 1 to 10...
Finished solving for bands 1 to 10 after 7 iterations.
Solving for bands 11 to 20...
Finished solving for bands 11 to 20 after 8 iterations.
Solving for bands 21 to 30...
Finished solving for bands 21 to 30 after 8 iterations.
Solving for bands 31 to 40...
Finished solving for bands 31 to 40 after 15 iterations.
Finished k-point with 9.5 mean iterations/band.
freqs:, 196, 0.5, 0.465347, 0, 0.683043, 0.31816, 0.318173, 0.407915, 0.407937, 0.462089, 0.462108, 0.468071, 0.468073, 0.572055, 0.572116, 0.592994, 0.593022, 0.614475, 0.614499, 0.625162, 0.62519, 0.634424, 0.634437, 0.647729, 0.64774, 0.660111, 0.66013, 0.681742, 0.681752, 0.700113, 0.700116, 0.721703, 0.721704, 0.73515, 0.735198, 0.768106, 0.768129, 0.780462, 0.780475, 0.800584, 0.800606, 0.808095, 0.808105, 0.831401, 0.83142
elapsed time for k point: 6 seconds.
solve_kpoint (0.5,0.470297,0):
Solving for bands 1 to 10...
Finished solving for bands 1 to 10 after 7 iterations.
Solving for bands 11 to 20...
Finished solving for bands 11 to 20 after 8 iterations.
Solving for bands 21 to 30...
Finished solving for bands 21 to 30 after 8 iterations.
Solving for bands 31 to 40...
Finished solving for bands 31 to 40 after 15 iterations.
Finished k-point with 9.5 mean iterations/band.
freqs:, 197, 0.5, 0.470297, 0, 0.686425, 0.318436, 0.318449, 0.40814, 0.408162, 0.462143, 0.462166, 0.467461, 0.467466, 0.572109, 0.57217, 0.592987, 0.593016, 0.614814, 0.614837, 0.62482, 0.624848, 0.634469, 0.634483, 0.647601, 0.647611, 0.660057, 0.660076, 0.681747, 0.681756, 0.70024, 0.700243, 0.721703, 0.721704, 0.735166, 0.735215, 0.768116, 0.768139, 0.780505, 0.780518, 0.800616, 0.800638, 0.808109, 0.808118, 0.831762, 0.831781
elapsed time for k point: 7 seconds.
solve_kpoint (0.5,0.475248,0):
Solving for bands 1 to 10...
Finished solving for bands 1 to 10 after 7 iterations.
Solving for bands 11 to 20...
Finished solving for bands 11 to 20 after 8 iterations.
Solving for bands 21 to 30...
Finished solving for bands 21 to 30 after 8 iterations.
Solving for bands 31 to 40...
Finished solving for bands 31 to 40 after 16 iterations.
Finished k-point with 9.75 mean iterations/band.
freqs:, 198, 0.5, 0.475248, 0, 0.689826, 0.318671, 0.318684, 0.40833, 0.408353, 0.462236, 0.462264, 0.466894, 0.466903, 0.572154, 0.572215, 0.592981, 0.59301, 0.615119, 0.615142, 0.62451, 0.624539, 0.63451, 0.634523, 0.647491, 0.647502, 0.660011, 0.66003, 0.681751, 0.681761, 0.700348, 0.700351, 0.721702, 0.721704, 0.735179, 0.735228, 0.768124, 0.768147, 0.780541, 0.780554, 0.800642, 0.800664, 0.808121, 0.808129, 0.83206, 0.832078
elapsed time for k point: 6 seconds.
solve_kpoint (0.5,0.480198,0):
Solving for bands 1 to 10...
Finished solving for bands 1 to 10 after 7 iterations.
Solving for bands 11 to 20...
Finished solving for bands 11 to 20 after 8 iterations.
Solving for bands 21 to 30...
Finished solving for bands 21 to 30 after 8 iterations.
Solving for bands 31 to 40...
Finished solving for bands 31 to 40 after 16 iterations.
Finished k-point with 9.75 mean iterations/band.
freqs:, 199, 0.5, 0.480198, 0, 0.693246, 0.318865, 0.318877, 0.408486, 0.408509, 0.462362, 0.462396, 0.466377, 0.466392, 0.572191, 0.572252, 0.592976, 0.593005, 0.615386, 0.615407, 0.624241, 0.62427, 0.634543, 0.634557, 0.647401, 0.647411, 0.659974, 0.659992, 0.681755, 0.681764, 0.700437, 0.70044, 0.721702, 0.721704, 0.73519, 0.73524, 0.768131, 0.768154, 0.780571, 0.780583, 0.800663, 0.800686, 0.80813, 0.808138, 0.832298, 0.832316
elapsed time for k point: 7 seconds.
solve_kpoint (0.5,0.485149,0):
Solving for bands 1 to 10...
Finished solving for bands 1 to 10 after 7 iterations.
Solving for bands 11 to 20...
Finished solving for bands 11 to 20 after 8 iterations.
Solving for bands 21 to 30...
Finished solving for bands 21 to 30 after 8 iterations.
Solving for bands 31 to 40...
Finished solving for bands 31 to 40 after 17 iterations.
Finished k-point with 10 mean iterations/band.
freqs:, 200, 0.5, 0.485149, 0, 0.696684, 0.319016, 0.319028, 0.408607, 0.408631, 0.462508, 0.462548, 0.465925, 0.465946, 0.57222, 0.572281, 0.592972, 0.593001, 0.615605, 0.615625, 0.624019, 0.624049, 0.63457, 0.634584, 0.64733, 0.64734, 0.659944, 0.659963, 0.681758, 0.681767, 0.700507, 0.70051, 0.721702, 0.721703, 0.735199, 0.735248, 0.768137, 0.76816, 0.780594, 0.780606, 0.80068, 0.800702, 0.808138, 0.808145, 0.832479, 0.832497
elapsed time for k point: 7 seconds.
solve_kpoint (0.5,0.490099,0):
Solving for bands 1 to 10...
Finished solving for bands 1 to 10 after 7 iterations.
Solving for bands 11 to 20...
Finished solving for bands 11 to 20 after 8 iterations.
Solving for bands 21 to 30...
Finished solving for bands 21 to 30 after 8 iterations.
Solving for bands 31 to 40...
Finished solving for bands 31 to 40 after 17 iterations.
Finished k-point with 10 mean iterations/band.
freqs:, 201, 0.5, 0.490099, 0, 0.700141, 0.319124, 0.319136, 0.408693, 0.408718, 0.462653, 0.4627, 0.465559, 0.465586, 0.572241, 0.572302, 0.59297, 0.592999, 0.61577, 0.615788, 0.623853, 0.623884, 0.63459, 0.634603, 0.647279, 0.647289, 0.659923, 0.659942, 0.681759, 0.681769, 0.700557, 0.700559, 0.721701, 0.721703, 0.735205, 0.735255, 0.76814, 0.768164, 0.780611, 0.780622, 0.800691, 0.800714, 0.808144, 0.808151, 0.832607, 0.832624
elapsed time for k point: 6 seconds.
solve_kpoint (0.5,0.49505,0):
Solving for bands 1 to 10...
Finished solving for bands 1 to 10 after 7 iterations.
Solving for bands 11 to 20...
Finished solving for bands 11 to 20 after 8 iterations.
Solving for bands 21 to 30...
Finished solving for bands 21 to 30 after 8 iterations.
Solving for bands 31 to 40...
Finished solving for bands 31 to 40 after 17 iterations.
Finished k-point with 10 mean iterations/band.
freqs:, 202, 0.5, 0.49505, 0, 0.703615, 0.319189, 0.319201, 0.408745, 0.40877, 0.462765, 0.462819, 0.46531, 0.465345, 0.572253, 0.572315, 0.592968, 0.592997, 0.615872, 0.61589, 0.62375, 0.623782, 0.634602, 0.634615, 0.647248, 0.647259, 0.659911, 0.659929, 0.681761, 0.68177, 0.700586, 0.700589, 0.721701, 0.721703, 0.735209, 0.735259, 0.768143, 0.768166, 0.780621, 0.780632, 0.800698, 0.800721, 0.808147, 0.808154, 0.832683, 0.8327
elapsed time for k point: 7 seconds.
solve_kpoint (0.5,0.5,0):
Solving for bands 1 to 10...
Finished solving for bands 1 to 10 after 7 iterations.
Solving for bands 11 to 20...
Finished solving for bands 11 to 20 after 8 iterations.
Solving for bands 21 to 30...
Finished solving for bands 21 to 30 after 8 iterations.
Solving for bands 31 to 40...
Finished solving for bands 31 to 40 after 17 iterations.
Finished k-point with 10 mean iterations/band.
freqs:, 203, 0.5, 0.5, 0, 0.707107, 0.319211, 0.319223, 0.408762, 0.408787, 0.462809, 0.462865, 0.465221, 0.465258, 0.572258, 0.572319, 0.592968, 0.592997, 0.615907, 0.615924, 0.623714, 0.623747, 0.634606, 0.63462, 0.647238, 0.647248, 0.659906, 0.659925, 0.681761, 0.68177, 0.700596, 0.700599, 0.721701, 0.721703, 0.73521, 0.73526, 0.768143, 0.768167, 0.780624, 0.780635, 0.800701, 0.800723, 0.808148, 0.808155, 0.832709, 0.832725
elapsed time for k point: 7 seconds.
solve_kpoint (0.49505,0.49505,0):
Solving for bands 1 to 10...
Finished solving for bands 1 to 10 after 8 iterations.
Solving for bands 11 to 20...
Finished solving for bands 11 to 20 after 8 iterations.
Solving for bands 21 to 30...
Finished solving for bands 21 to 30 after 9 iterations.
Solving for bands 31 to 40...
Finished solving for bands 31 to 40 after 17 iterations.
Finished k-point with 10.5 mean iterations/band.
freqs:, 204, 0.49505, 0.49505, 0, 0.700106, 0.319153, 0.319194, 0.4087, 0.408781, 0.462588, 0.46293, 0.465267, 0.46554, 0.572239, 0.572321, 0.592966, 0.593001, 0.615769, 0.615925, 0.623753, 0.623847, 0.634597, 0.634613, 0.647246, 0.647281, 0.659909, 0.65994, 0.681761, 0.681769, 0.700573, 0.700583, 0.721688, 0.721715, 0.735192, 0.735273, 0.768145, 0.768162, 0.780619, 0.780626, 0.800696, 0.800718, 0.808132, 0.808167, 0.832636, 0.832697
elapsed time for k point: 7 seconds.
solve_kpoint (0.490099,0.490099,0):
Solving for bands 1 to 10...
Finished solving for bands 1 to 10 after 8 iterations.
Solving for bands 11 to 20...
Finished solving for bands 11 to 20 after 8 iterations.
Solving for bands 21 to 30...
Finished solving for bands 21 to 30 after 9 iterations.
Solving for bands 31 to 40...
Finished solving for bands 31 to 40 after 18 iterations.
Finished k-point with 10.75 mean iterations/band.
freqs:, 205, 0.490099, 0.490099, 0, 0.693105, 0.318981, 0.319105, 0.408443, 0.408833, 0.461994, 0.463292, 0.465294, 0.466258, 0.572182, 0.572328, 0.59296, 0.593012, 0.615381, 0.615927, 0.623771, 0.624218, 0.634529, 0.634633, 0.64727, 0.64738, 0.659914, 0.659985, 0.681735, 0.681791, 0.700493, 0.700543, 0.721647, 0.721758, 0.735139, 0.735311, 0.768148, 0.76815, 0.780587, 0.780619, 0.800683, 0.800703, 0.808064, 0.808222, 0.832423, 0.832614
elapsed time for k point: 7 seconds.
solve_kpoint (0.485149,0.485149,0):
Solving for bands 1 to 10...
Finished solving for bands 1 to 10 after 8 iterations.
Solving for bands 11 to 20...
Finished solving for bands 11 to 20 after 8 iterations.
Solving for bands 21 to 30...
Finished solving for bands 21 to 30 after 9 iterations.
Solving for bands 31 to 40...
Finished solving for bands 31 to 40 after 17 iterations.
Finished k-point with 10.5 mean iterations/band.
freqs:, 206, 0.485149, 0.485149, 0, 0.686104, 0.318695, 0.318955, 0.408026, 0.40892, 0.461319, 0.463884, 0.465339, 0.46714, 0.572088, 0.572339, 0.592951, 0.593032, 0.614801, 0.615931, 0.623802, 0.624772, 0.634419, 0.634667, 0.647309, 0.647541, 0.659923, 0.660059, 0.681691, 0.681827, 0.700362, 0.700477, 0.721577, 0.721828, 0.73505, 0.735374, 0.768125, 0.768157, 0.780531, 0.78061, 0.800661, 0.800678, 0.807952, 0.808313, 0.83208, 0.832478
elapsed time for k point: 7 seconds.
solve_kpoint (0.480198,0.480198,0):
Solving for bands 1 to 10...
Finished solving for bands 1 to 10 after 8 iterations.
Solving for bands 11 to 20...
Finished solving for bands 11 to 20 after 10 iterations.
Solving for bands 21 to 30...
Finished solving for bands 21 to 30 after 9 iterations.
Solving for bands 31 to 40...
Finished solving for bands 31 to 40 after 17 iterations.
Finished k-point with 11 mean iterations/band.
freqs:, 207, 0.480198, 0.480198, 0, 0.679103, 0.318295, 0.318743, 0.407466, 0.409042, 0.460644, 0.464693, 0.465402, 0.468103, 0.571957, 0.572354, 0.592937, 0.593059, 0.614085, 0.615937, 0.623844, 0.625451, 0.634271, 0.634714, 0.647364, 0.647761, 0.659937, 0.660163, 0.681629, 0.681879, 0.70018, 0.700385, 0.721481, 0.721925, 0.734925, 0.735463, 0.768093, 0.768168, 0.780453, 0.780598, 0.800628, 0.800642, 0.807798, 0.808438, 0.831622, 0.832292
elapsed time for k point: 8 seconds.
solve_kpoint (0.475248,0.475248,0):
Solving for bands 1 to 10...
Finished solving for bands 1 to 10 after 8 iterations.
Solving for bands 11 to 20...
Finished solving for bands 11 to 20 after 9 iterations.
Solving for bands 21 to 30...
Finished solving for bands 21 to 30 after 9 iterations.
Solving for bands 31 to 40...
Finished solving for bands 31 to 40 after 16 iterations.
Finished k-point with 10.5 mean iterations/band.
freqs:, 208, 0.475248, 0.475248, 0, 0.672101, 0.317781, 0.318466, 0.40678, 0.4092, 0.459996, 0.465483, 0.465702, 0.469121, 0.57179, 0.572374, 0.592921, 0.593095, 0.613276, 0.615945, 0.623898, 0.626212, 0.634089, 0.634775, 0.647434, 0.648035, 0.659954, 0.660294, 0.681551, 0.681945, 0.69995, 0.700268, 0.721359, 0.722046, 0.734766, 0.735574, 0.768053, 0.768182, 0.780355, 0.780583, 0.800584, 0.800595, 0.807607, 0.808594, 0.831067, 0.83206
elapsed time for k point: 7 seconds.
solve_kpoint (0.470297,0.470297,0):
Solving for bands 1 to 10...
Finished solving for bands 1 to 10 after 8 iterations.
Solving for bands 11 to 20...
Finished solving for bands 11 to 20 after 11 iterations.
Solving for bands 21 to 30...
Finished solving for bands 21 to 30 after 9 iterations.
Solving for bands 31 to 40...
Finished solving for bands 31 to 40 after 13 iterations.
Finished k-point with 10.25 mean iterations/band.
freqs:, 209, 0.470297, 0.470297, 0, 0.6651, 0.317156, 0.318121, 0.405993, 0.409391, 0.459387, 0.465582, 0.46689, 0.47018, 0.571586, 0.572399, 0.592901, 0.593137, 0.612404, 0.615954, 0.623964, 0.627026, 0.633878, 0.634849, 0.647521, 0.648358, 0.659976, 0.660453, 0.681456, 0.682025, 0.699673, 0.700127, 0.721212, 0.72219, 0.734571, 0.735708, 0.768004, 0.768198, 0.780239, 0.780563, 0.800527, 0.800536, 0.807381, 0.808779, 0.830434, 0.831786
elapsed time for k point: 7 seconds.
solve_kpoint (0.465347,0.465347,0):
Solving for bands 1 to 10...
Finished solving for bands 1 to 10 after 8 iterations.
Solving for bands 11 to 20...
Finished solving for bands 11 to 20 after 9 iterations.
Solving for bands 21 to 30...
Finished solving for bands 21 to 30 after 9 iterations.
Solving for bands 31 to 40...
Finished solving for bands 31 to 40 after 13 iterations.
Finished k-point with 9.75 mean iterations/band.
freqs:, 210, 0.465347, 0.465347, 0, 0.658099, 0.316419, 0.317703, 0.405127, 0.409618, 0.458823, 0.465699, 0.468239, 0.471273, 0.571347, 0.572427, 0.592879, 0.593187, 0.611488, 0.615966, 0.62404, 0.627872, 0.633645, 0.634935, 0.647622, 0.648725, 0.660002, 0.660637, 0.681346, 0.68212, 0.699352, 0.699963, 0.721041, 0.722354, 0.734341, 0.735862, 0.767947, 0.768217, 0.780105, 0.780539, 0.800453, 0.800464, 0.807126, 0.80899, 0.829736, 0.831475
elapsed time for k point: 6 seconds.
solve_kpoint (0.460396,0.460396,0):
Solving for bands 1 to 10...
Finished solving for bands 1 to 10 after 8 iterations.
Solving for bands 11 to 20...
Finished solving for bands 11 to 20 after 12 iterations.
Solving for bands 21 to 30...
Finished solving for bands 21 to 30 after 9 iterations.
Solving for bands 31 to 40...
Finished solving for bands 31 to 40 after 12 iterations.
Finished k-point with 10.25 mean iterations/band.
freqs:, 211, 0.460396, 0.460396, 0, 0.651098, 0.315573, 0.317209, 0.404207, 0.409879, 0.458308, 0.465834, 0.469728, 0.472395, 0.571074, 0.57246, 0.592853, 0.593243, 0.610541, 0.615979, 0.624127, 0.628738, 0.633393, 0.635034, 0.647739, 0.64913, 0.660034, 0.660846, 0.68122, 0.68223, 0.698991, 0.699777, 0.720847, 0.722536, 0.734076, 0.736036, 0.767883, 0.768239, 0.779956, 0.780511, 0.80036, 0.800377, 0.806848, 0.80922, 0.828989, 0.831131
elapsed time for k point: 7 seconds.
solve_kpoint (0.455446,0.455446,0):
Solving for bands 1 to 10...
Finished solving for bands 1 to 10 after 8 iterations.
Solving for bands 11 to 20...
Finished solving for bands 11 to 20 after 10 iterations.
Solving for bands 21 to 30...
Finished solving for bands 21 to 30 after 9 iterations.
Solving for bands 31 to 40...
Finished solving for bands 31 to 40 after 12 iterations.
Finished k-point with 9.75 mean iterations/band.
freqs:, 212, 0.455446, 0.455446, 0, 0.644097, 0.314619, 0.316632, 0.403256, 0.410174, 0.457843, 0.465987, 0.471338, 0.473542, 0.570767, 0.572496, 0.592826, 0.593307, 0.609573, 0.615995, 0.624224, 0.629616, 0.633128, 0.635144, 0.647871, 0.649569, 0.660071, 0.661078, 0.68108, 0.682355, 0.69859, 0.69957, 0.720631, 0.722734, 0.733777, 0.736228, 0.767812, 0.768264, 0.779793, 0.780479, 0.800244, 0.800275, 0.806553, 0.809467, 0.828208, 0.830758
elapsed time for k point: 7 seconds.
solve_kpoint (0.450495,0.450495,0):
Solving for bands 1 to 10...
Finished solving for bands 1 to 10 after 8 iterations.
Solving for bands 11 to 20...
Finished solving for bands 11 to 20 after 12 iterations.
Solving for bands 21 to 30...
Finished solving for bands 21 to 30 after 9 iterations.
Solving for bands 31 to 40...
Finished solving for bands 31 to 40 after 11 iterations.
Finished k-point with 10 mean iterations/band.
freqs:, 213, 0.450495, 0.450495, 0, 0.637096, 0.313558, 0.315968, 0.402296, 0.410504, 0.457431, 0.466157, 0.473052, 0.474711, 0.570427, 0.572537, 0.592796, 0.593376, 0.608588, 0.616014, 0.62433, 0.630499, 0.632855, 0.635266, 0.648018, 0.650036, 0.660114, 0.661329, 0.680927, 0.682494, 0.698155, 0.699344, 0.720394, 0.722944, 0.733445, 0.736436, 0.767734, 0.768291, 0.779619, 0.780442, 0.8001, 0.800155, 0.806247, 0.809723, 0.827403, 0.830358
elapsed time for k point: 6 seconds.
solve_kpoint (0.445545,0.445545,0):
Solving for bands 1 to 10...
Finished solving for bands 1 to 10 after 8 iterations.
Solving for bands 11 to 20...
Finished solving for bands 11 to 20 after 12 iterations.
Solving for bands 21 to 30...
Finished solving for bands 21 to 30 after 9 iterations.
Solving for bands 31 to 40...
Finished solving for bands 31 to 40 after 11 iterations.
Finished k-point with 10 mean iterations/band.
freqs:, 214, 0.445545, 0.445545, 0, 0.630095, 0.312392, 0.315213, 0.401347, 0.410868, 0.457072, 0.466345, 0.474855, 0.475899, 0.570055, 0.572581, 0.592765, 0.593451, 0.607591, 0.616034, 0.624444, 0.631382, 0.632578, 0.635399, 0.64818, 0.650527, 0.660164, 0.661599, 0.68076, 0.682647, 0.697686, 0.699102, 0.720138, 0.723165, 0.733078, 0.736659, 0.76765, 0.76832, 0.779434, 0.780399, 0.799925, 0.800016, 0.805938, 0.809982, 0.826585, 0.829934
elapsed time for k point: 7 seconds.
solve_kpoint (0.440594,0.440594,0):
Solving for bands 1 to 10...
Finished solving for bands 1 to 10 after 8 iterations.
Solving for bands 11 to 20...
Finished solving for bands 11 to 20 after 13 iterations.
Solving for bands 21 to 30...
Finished solving for bands 21 to 30 after 9 iterations.
Solving for bands 31 to 40...
Finished solving for bands 31 to 40 after 11 iterations.
Finished k-point with 10.25 mean iterations/band.
freqs:, 215, 0.440594, 0.440594, 0, 0.623094, 0.311123, 0.314359, 0.400428, 0.411266, 0.456768, 0.46655, 0.476732, 0.477102, 0.569653, 0.572628, 0.592733, 0.593532, 0.606586, 0.616058, 0.624567, 0.63225, 0.632314, 0.635543, 0.648356, 0.651038, 0.660221, 0.661885, 0.680582, 0.682815, 0.697188, 0.698845, 0.719863, 0.723394, 0.732678, 0.736895, 0.767561, 0.768351, 0.779241, 0.780351, 0.799712, 0.799856, 0.805633, 0.810236, 0.825764, 0.829489
elapsed time for k point: 7 seconds.
solve_kpoint (0.435644,0.435644,0):
Solving for bands 1 to 10...
Finished solving for bands 1 to 10 after 8 iterations.
Solving for bands 11 to 20...
Finished solving for bands 11 to 20 after 13 iterations.
Solving for bands 21 to 30...
Finished solving for bands 21 to 30 after 9 iterations.
Solving for bands 31 to 40...
Finished solving for bands 31 to 40 after 12 iterations.
Finished k-point with 10.5 mean iterations/band.
freqs:, 216, 0.435644, 0.435644, 0, 0.616093, 0.309754, 0.313403, 0.399556, 0.411698, 0.456519, 0.466773, 0.47832, 0.478671, 0.569221, 0.572678, 0.592699, 0.593618, 0.605575, 0.616084, 0.624697, 0.632024, 0.63314, 0.635696, 0.648547, 0.651564, 0.660287, 0.662184, 0.680394, 0.682997, 0.696662, 0.698576, 0.719571, 0.723629, 0.732246, 0.737142, 0.767466, 0.768385, 0.779042, 0.780297, 0.799457, 0.799672, 0.805338, 0.810475, 0.824948, 0.829025
elapsed time for k point: 7 seconds.
solve_kpoint (0.430693,0.430693,0):
Solving for bands 1 to 10...
Finished solving for bands 1 to 10 after 8 iterations.
Solving for bands 11 to 20...
Finished solving for bands 11 to 20 after 15 iterations.
Solving for bands 21 to 30...
Finished solving for bands 21 to 30 after 9 iterations.
Solving for bands 31 to 40...
Finished solving for bands 31 to 40 after 12 iterations.
Finished k-point with 11 mean iterations/band.
freqs:, 217, 0.430693, 0.430693, 0, 0.609092, 0.308285, 0.312339, 0.398744, 0.412163, 0.456325, 0.467014, 0.479547, 0.480661, 0.568761, 0.572732, 0.592666, 0.593708, 0.60456, 0.616112, 0.624834, 0.631756, 0.634007, 0.635859, 0.648752, 0.652102, 0.660364, 0.662492, 0.680196, 0.683193, 0.696112, 0.698297, 0.719261, 0.723868, 0.731781, 0.7374, 0.767368, 0.76842, 0.778838, 0.780237, 0.799156, 0.799462, 0.805058, 0.810689, 0.824145, 0.828542
elapsed time for k point: 7 seconds.
solve_kpoint (0.425743,0.425743,0):
Solving for bands 1 to 10...
Finished solving for bands 1 to 10 after 8 iterations.
Solving for bands 11 to 20...
Finished solving for bands 11 to 20 after 15 iterations.
Solving for bands 21 to 30...
Finished solving for bands 21 to 30 after 9 iterations.
Solving for bands 31 to 40...
Finished solving for bands 31 to 40 after 12 iterations.
Finished k-point with 11 mean iterations/band.
freqs:, 218, 0.425743, 0.425743, 0, 0.602091, 0.30672, 0.311163, 0.398008, 0.412663, 0.456186, 0.467271, 0.480784, 0.482692, 0.568275, 0.572787, 0.592632, 0.593802, 0.603544, 0.616144, 0.624976, 0.631496, 0.634865, 0.636032, 0.64897, 0.652647, 0.660453, 0.662807, 0.679989, 0.683403, 0.695539, 0.698012, 0.718936, 0.724109, 0.731284, 0.737666, 0.767266, 0.768456, 0.778631, 0.78017, 0.798806, 0.799224, 0.804795, 0.810865, 0.823362, 0.828042
elapsed time for k point: 7 seconds.
solve_kpoint (0.420792,0.420792,0):
Solving for bands 1 to 10...
Finished solving for bands 1 to 10 after 8 iterations.
Solving for bands 11 to 20...
Finished solving for bands 11 to 20 after 15 iterations.
Solving for bands 21 to 30...
Finished solving for bands 21 to 30 after 9 iterations.
Solving for bands 31 to 40...
Finished solving for bands 31 to 40 after 13 iterations.
Finished k-point with 11.25 mean iterations/band.
freqs:, 219, 0.420792, 0.420792, 0, 0.59509, 0.305061, 0.309872, 0.397357, 0.413195, 0.456102, 0.467546, 0.482027, 0.484757, 0.567762, 0.572845, 0.592599, 0.593899, 0.602527, 0.616178, 0.625123, 0.631248, 0.635712, 0.636212, 0.649203, 0.653196, 0.660557, 0.663125, 0.679776, 0.683627, 0.694947, 0.697724, 0.718595, 0.724351, 0.730757, 0.73794, 0.767161, 0.768494, 0.778421, 0.780096, 0.798406, 0.798954, 0.804551, 0.810989, 0.822606, 0.827526
elapsed time for k point: 8 seconds.
solve_kpoint (0.415842,0.415842,0):
Solving for bands 1 to 10...
Finished solving for bands 1 to 10 after 8 iterations.
Solving for bands 11 to 20...
Finished solving for bands 11 to 20 after 16 iterations.
Solving for bands 21 to 30...
Finished solving for bands 21 to 30 after 9 iterations.
Solving for bands 31 to 40...
    iteration   24: trace = 6.331443715749561 (0.000230821% change)
    iteration   48: trace = 6.331049739922777 (0.000358999% change)
    iteration   72: trace = 6.324617251144472 (0.0232668% change)
Finished solving for bands 31 to 40 after 94 iterations.
Finished k-point with 31.75 mean iterations/band.
freqs:, 220, 0.415842, 0.415842, 0, 0.588089, 0.303309, 0.308464, 0.3968, 0.41376, 0.456073, 0.467838, 0.483273, 0.486847, 0.567226, 0.572904, 0.592567, 0.593998, 0.601511, 0.616215, 0.625273, 0.631014, 0.636401, 0.636547, 0.649448, 0.653742, 0.660679, 0.663443, 0.679556, 0.683864, 0.694339, 0.697436, 0.718239, 0.724592, 0.730199, 0.73822, 0.767054, 0.768533, 0.77821, 0.780014, 0.797956, 0.798651, 0.804321, 0.811046, 0.820593, 0.821882
elapsed time for k point: 21 seconds.
solve_kpoint (0.410891,0.410891,0):
Solving for bands 1 to 10...
Finished solving for bands 1 to 10 after 8 iterations.
Solving for bands 11 to 20...
Finished solving for bands 11 to 20 after 16 iterations.
Solving for bands 21 to 30...
Finished solving for bands 21 to 30 after 9 iterations.
Solving for bands 31 to 40...
Finished solving for bands 31 to 40 after 13 iterations.
Finished k-point with 11.5 mean iterations/band.
freqs:, 221, 0.410891, 0.410891, 0, 0.581088, 0.301468, 0.306935, 0.396345, 0.414358, 0.456098, 0.468146, 0.484522, 0.488956, 0.566666, 0.572964, 0.592537, 0.594099, 0.600498, 0.616255, 0.625427, 0.630796, 0.636597, 0.637368, 0.649707, 0.65428, 0.660824, 0.663755, 0.679333, 0.684113, 0.693715, 0.697152, 0.71787, 0.72483, 0.729611, 0.738505, 0.766945, 0.768573, 0.777998, 0.779925, 0.797457, 0.798312, 0.804099, 0.811017, 0.818581, 0.821196
elapsed time for k point: 8 seconds.
solve_kpoint (0.405941,0.405941,0):
Solving for bands 1 to 10...
Finished solving for bands 1 to 10 after 10 iterations.
Solving for bands 11 to 20...
Finished solving for bands 11 to 20 after 16 iterations.
Solving for bands 21 to 30...
Finished solving for bands 21 to 30 after 9 iterations.
Solving for bands 31 to 40...
Finished solving for bands 31 to 40 after 13 iterations.
Finished k-point with 12 mean iterations/band.
freqs:, 222, 0.405941, 0.405941, 0, 0.574087, 0.299541, 0.305287, 0.395998, 0.414989, 0.456176, 0.468471, 0.48577, 0.491078, 0.566084, 0.573025, 0.592508, 0.594202, 0.599488, 0.616298, 0.625582, 0.630597, 0.636799, 0.638173, 0.649978, 0.654805, 0.660996, 0.664058, 0.679105, 0.684374, 0.69308, 0.696877, 0.717486, 0.725065, 0.728994, 0.738793, 0.766834, 0.768613, 0.777787, 0.779827, 0.796912, 0.797935, 0.803873, 0.810886, 0.816606, 0.820553
elapsed time for k point: 8 seconds.
solve_kpoint (0.40099,0.40099,0):
Solving for bands 1 to 10...
Finished solving for bands 1 to 10 after 9 iterations.
Solving for bands 11 to 20...
Finished solving for bands 11 to 20 after 17 iterations.
Solving for bands 21 to 30...
Finished solving for bands 21 to 30 after 9 iterations.
Solving for bands 31 to 40...
Finished solving for bands 31 to 40 after 13 iterations.
Finished k-point with 12 mean iterations/band.
freqs:, 223, 0.40099, 0.40099, 0, 0.567086, 0.297528, 0.303518, 0.395763, 0.415652, 0.456308, 0.468813, 0.487017, 0.493208, 0.565482, 0.573086, 0.592482, 0.594304, 0.598484, 0.616343, 0.625739, 0.630417, 0.637008, 0.638963, 0.650261, 0.655309, 0.6612, 0.664348, 0.678877, 0.684646, 0.692437, 0.696615, 0.71709, 0.725295, 0.728349, 0.739084, 0.766723, 0.768653, 0.777577, 0.77972, 0.796323, 0.797518, 0.803627, 0.810637, 0.814686, 0.819957
elapsed time for k point: 8 seconds.
solve_kpoint (0.39604,0.39604,0):
Solving for bands 1 to 10...
Finished solving for bands 1 to 10 after 10 iterations.
Solving for bands 11 to 20...
Finished solving for bands 11 to 20 after 17 iterations.
Solving for bands 21 to 30...
Finished solving for bands 21 to 30 after 9 iterations.
Solving for bands 31 to 40...
Finished solving for bands 31 to 40 after 13 iterations.
Finished k-point with 12.25 mean iterations/band.
freqs:, 224, 0.39604, 0.39604, 0, 0.560085, 0.295434, 0.301629, 0.395641, 0.416347, 0.456491, 0.469171, 0.48826, 0.495341, 0.564861, 0.573145, 0.592459, 0.594406, 0.597485, 0.616391, 0.625896, 0.630261, 0.637223, 0.639735, 0.650556, 0.655785, 0.661444, 0.664618, 0.678647, 0.684926, 0.691788, 0.696371, 0.716681, 0.72552, 0.727677, 0.739377, 0.766612, 0.768693, 0.777369, 0.779604, 0.795691, 0.797062, 0.803332, 0.810257, 0.812851, 0.81941
elapsed time for k point: 8 seconds.
solve_kpoint (0.391089,0.391089,0):
Solving for bands 1 to 10...
Finished solving for bands 1 to 10 after 10 iterations.
Solving for bands 11 to 20...
Finished solving for bands 11 to 20 after 17 iterations.
Solving for bands 21 to 30...
Finished solving for bands 21 to 30 after 9 iterations.
Solving for bands 31 to 40...
Finished solving for bands 31 to 40 after 14 iterations.
Finished k-point with 12.5 mean iterations/band.
freqs:, 225, 0.391089, 0.391089, 0, 0.553084, 0.293259, 0.299624, 0.395634, 0.417074, 0.456726, 0.469546, 0.489497, 0.497473, 0.564222, 0.573203, 0.592439, 0.594506, 0.596495, 0.61644, 0.626052, 0.630128, 0.637442, 0.640489, 0.650862, 0.656225, 0.661733, 0.664866, 0.678419, 0.685211, 0.691139, 0.696149, 0.71626, 0.725738, 0.726978, 0.73967, 0.766502, 0.768732, 0.777161, 0.779477, 0.795017, 0.796565, 0.802948, 0.809742, 0.811146, 0.818916
elapsed time for k point: 8 seconds.
solve_kpoint (0.386139,0.386139,0):
Solving for bands 1 to 10...
Finished solving for bands 1 to 10 after 10 iterations.
Solving for bands 11 to 20...
Finished solving for bands 11 to 20 after 17 iterations.
Solving for bands 21 to 30...
Finished solving for bands 21 to 30 after 9 iterations.
Solving for bands 31 to 40...
Finished solving for bands 31 to 40 after 13 iterations.
Finished k-point with 12.25 mean iterations/band.
freqs:, 226, 0.386139, 0.386139, 0, 0.546082, 0.291008, 0.297505, 0.395741, 0.417832, 0.457011, 0.469936, 0.490728, 0.499601, 0.563566, 0.573257, 0.592422, 0.594603, 0.595514, 0.616491, 0.626206, 0.630021, 0.637666, 0.641224, 0.651179, 0.656624, 0.662072, 0.665085, 0.678192, 0.685496, 0.690497, 0.695955, 0.715826, 0.72595, 0.726253, 0.739963, 0.766392, 0.76877, 0.776956, 0.77934, 0.7943, 0.796028, 0.802413, 0.809091, 0.809634, 0.818476
elapsed time for k point: 8 seconds.
solve_kpoint (0.381188,0.381188,0):
Solving for bands 1 to 10...
Finished solving for bands 1 to 10 after 10 iterations.
Solving for bands 11 to 20...
Finished solving for bands 11 to 20 after 17 iterations.
Solving for bands 21 to 30...
Finished solving for bands 21 to 30 after 9 iterations.
Solving for bands 31 to 40...
Finished solving for bands 31 to 40 after 13 iterations.
Finished k-point with 12.25 mean iterations/band.
freqs:, 227, 0.381188, 0.381188, 0, 0.539081, 0.288681, 0.295274, 0.395962, 0.418622, 0.457345, 0.470342, 0.491949, 0.50172, 0.562895, 0.573308, 0.59241, 0.594537, 0.594704, 0.616544, 0.626357, 0.629941, 0.637893, 0.641938, 0.651506, 0.656977, 0.662466, 0.665272, 0.677969, 0.685769, 0.689874, 0.695793, 0.715381, 0.725503, 0.726154, 0.740254, 0.766284, 0.768806, 0.776751, 0.779192, 0.793535, 0.795452, 0.801661, 0.808311, 0.808392, 0.81809
elapsed time for k point: 8 seconds.
solve_kpoint (0.376238,0.376238,0):
Solving for bands 1 to 10...
Finished solving for bands 1 to 10 after 11 iterations.
Solving for bands 11 to 20...
Finished solving for bands 11 to 20 after 17 iterations.
Solving for bands 21 to 30...
Finished solving for bands 21 to 30 after 9 iterations.
Solving for bands 31 to 40...
Finished solving for bands 31 to 40 after 13 iterations.
Finished k-point with 12.5 mean iterations/band.
freqs:, 228, 0.376238, 0.376238, 0, 0.53208, 0.286282, 0.292936, 0.396294, 0.419442, 0.457727, 0.470764, 0.493161, 0.503828, 0.56221, 0.573352, 0.592402, 0.593584, 0.594791, 0.616598, 0.626505, 0.62989, 0.638124, 0.642631, 0.651842, 0.657284, 0.662914, 0.665422, 0.677752, 0.686009, 0.689294, 0.695668, 0.714925, 0.724729, 0.72635, 0.740542, 0.766178, 0.768839, 0.776547, 0.779033, 0.792716, 0.79484, 0.800655, 0.807413, 0.807464, 0.817758
elapsed time for k point: 8 seconds.
solve_kpoint (0.371287,0.371287,0):
Solving for bands 1 to 10...
Finished solving for bands 1 to 10 after 11 iterations.
Solving for bands 11 to 20...
Finished solving for bands 11 to 20 after 17 iterations.
Solving for bands 21 to 30...
Finished solving for bands 21 to 30 after 9 iterations.
Solving for bands 31 to 40...
Finished solving for bands 31 to 40 after 13 iterations.
Finished k-point with 12.5 mean iterations/band.
freqs:, 229, 0.371287, 0.371287, 0, 0.525079, 0.283813, 0.290495, 0.396735, 0.420293, 0.458156, 0.471201, 0.494361, 0.505922, 0.561512, 0.573389, 0.592399, 0.59264, 0.594876, 0.616653, 0.626649, 0.629869, 0.638356, 0.643301, 0.652187, 0.657544, 0.663415, 0.66553, 0.67754, 0.686169, 0.688804, 0.695586, 0.714459, 0.723932, 0.726537, 0.740827, 0.766075, 0.768869, 0.776343, 0.778861, 0.791831, 0.794193, 0.799428, 0.806417, 0.806827, 0.817479
elapsed time for k point: 8 seconds.
solve_kpoint (0.366337,0.366337,0):
Solving for bands 1 to 10...
Finished solving for bands 1 to 10 after 11 iterations.
Solving for bands 11 to 20...
Finished solving for bands 11 to 20 after 17 iterations.
Solving for bands 21 to 30...
Finished solving for bands 21 to 30 after 9 iterations.
Solving for bands 31 to 40...
Finished solving for bands 31 to 40 after 13 iterations.
Finished k-point with 12.5 mean iterations/band.
freqs:, 230, 0.366337, 0.366337, 0, 0.518078, 0.281276, 0.287956, 0.397282, 0.421173, 0.458631, 0.471654, 0.495549, 0.507999, 0.560802, 0.573417, 0.591714, 0.592401, 0.594957, 0.616707, 0.626787, 0.62988, 0.63859, 0.643948, 0.65254, 0.657762, 0.663964, 0.665593, 0.677336, 0.686162, 0.688494, 0.695549, 0.713982, 0.723113, 0.726716, 0.741107, 0.765974, 0.768896, 0.776137, 0.778676, 0.790865, 0.793517, 0.798071, 0.805332, 0.806416, 0.817251
elapsed time for k point: 9 seconds.
solve_kpoint (0.361386,0.361386,0):
Solving for bands 1 to 10...
Finished solving for bands 1 to 10 after 11 iterations.
Solving for bands 11 to 20...
Finished solving for bands 11 to 20 after 17 iterations.
Solving for bands 21 to 30...
Finished solving for bands 21 to 30 after 9 iterations.
Solving for bands 31 to 40...
Finished solving for bands 31 to 40 after 12 iterations.
Finished k-point with 12.25 mean iterations/band.
freqs:, 231, 0.361386, 0.361386, 0, 0.511077, 0.278673, 0.285323, 0.39793, 0.422084, 0.45915, 0.472121, 0.496723, 0.510057, 0.560081, 0.573433, 0.590807, 0.592409, 0.595031, 0.616761, 0.626919, 0.629923, 0.638825, 0.64457, 0.652901, 0.657942, 0.664557, 0.665609, 0.67714, 0.685916, 0.688435, 0.695561, 0.713495, 0.722273, 0.726886, 0.741381, 0.765877, 0.768917, 0.775929, 0.778478, 0.789798, 0.792814, 0.796676, 0.804177, 0.806155, 0.817073
elapsed time for k point: 8 seconds.
solve_kpoint (0.356436,0.356436,0):
Solving for bands 1 to 10...
Finished solving for bands 1 to 10 after 12 iterations.
Solving for bands 11 to 20...
Finished solving for bands 11 to 20 after 17 iterations.
Solving for bands 21 to 30...
Finished solving for bands 21 to 30 after 9 iterations.
Solving for bands 31 to 40...
Finished solving for bands 31 to 40 after 12 iterations.
Finished k-point with 12.5 mean iterations/band.
freqs:, 232, 0.356436, 0.356436, 0, 0.504076, 0.276006, 0.282601, 0.398675, 0.423024, 0.459713, 0.472604, 0.497882, 0.512093, 0.55935, 0.573434, 0.589923, 0.592422, 0.595098, 0.616814, 0.627044, 0.63, 0.639059, 0.645166, 0.653267, 0.658089, 0.665187, 0.665575, 0.676955, 0.685469, 0.688592, 0.695626, 0.712998, 0.721412, 0.727046, 0.741649, 0.765784, 0.768931, 0.775716, 0.778266, 0.788612, 0.792089, 0.795317, 0.802967, 0.805993, 0.816941
elapsed time for k point: 8 seconds.
solve_kpoint (0.351485,0.351485,0):
Solving for bands 1 to 10...
Finished solving for bands 1 to 10 after 12 iterations.
Solving for bands 11 to 20...
Finished solving for bands 11 to 20 after 17 iterations.
Solving for bands 21 to 30...
Finished solving for bands 21 to 30 after 9 iterations.
Solving for bands 31 to 40...
Finished solving for bands 31 to 40 after 12 iterations.
Finished k-point with 12.5 mean iterations/band.
freqs:, 233, 0.351485, 0.351485, 0, 0.497075, 0.273278, 0.279795, 0.399515, 0.423993, 0.460318, 0.473101, 0.499025, 0.514105, 0.558612, 0.573417, 0.589065, 0.592441, 0.595157, 0.616865, 0.627163, 0.630112, 0.639292, 0.645735, 0.65364, 0.658209, 0.665491, 0.66585, 0.67678, 0.684913, 0.688874, 0.695745, 0.712493, 0.720532, 0.727198, 0.741909, 0.765695, 0.768939, 0.775497, 0.778038, 0.787295, 0.791346, 0.794042, 0.801716, 0.805896, 0.816853
elapsed time for k point: 8 seconds.
solve_kpoint (0.346535,0.346535,0):
Solving for bands 1 to 10...
Finished solving for bands 1 to 10 after 12 iterations.
Solving for bands 11 to 20...
Finished solving for bands 11 to 20 after 16 iterations.
Solving for bands 21 to 30...
Finished solving for bands 21 to 30 after 9 iterations.
Solving for bands 31 to 40...
Finished solving for bands 31 to 40 after 11 iterations.
Finished k-point with 12 mean iterations/band.
freqs:, 234, 0.346535, 0.346535, 0, 0.490074, 0.270491, 0.276909, 0.400445, 0.424991, 0.460964, 0.473612, 0.500151, 0.516092, 0.557865, 0.573378, 0.588237, 0.592466, 0.595209, 0.616913, 0.627273, 0.630259, 0.639522, 0.646276, 0.654017, 0.658305, 0.665357, 0.66654, 0.676618, 0.684304, 0.689226, 0.695919, 0.711979, 0.719634, 0.72734, 0.74216, 0.765611, 0.768937, 0.775269, 0.777795, 0.78585, 0.790591, 0.792871, 0.800436, 0.805842, 0.816807
elapsed time for k point: 8 seconds.
solve_kpoint (0.341584,0.341584,0):
Solving for bands 1 to 10...
Finished solving for bands 1 to 10 after 12 iterations.
Solving for bands 11 to 20...
Finished solving for bands 11 to 20 after 16 iterations.
Solving for bands 21 to 30...
Finished solving for bands 21 to 30 after 9 iterations.
Solving for bands 31 to 40...
Finished solving for bands 31 to 40 after 10 iterations.
Finished k-point with 11.75 mean iterations/band.
freqs:, 235, 0.341584, 0.341584, 0, 0.483073, 0.267646, 0.273948, 0.40146, 0.426017, 0.46165, 0.474137, 0.501259, 0.518051, 0.557112, 0.573313, 0.587443, 0.592497, 0.595251, 0.616957, 0.627375, 0.630441, 0.63975, 0.646788, 0.654397, 0.65838, 0.665173, 0.667254, 0.676468, 0.683672, 0.689619, 0.696148, 0.711457, 0.718719, 0.727473, 0.7424, 0.765531, 0.768924, 0.775028, 0.777536, 0.784291, 0.789829, 0.791806, 0.799139, 0.80582, 0.816798
elapsed time for k point: 7 seconds.
solve_kpoint (0.336634,0.336634,0):
Solving for bands 1 to 10...
Finished solving for bands 1 to 10 after 12 iterations.
Solving for bands 11 to 20...
Finished solving for bands 11 to 20 after 15 iterations.
Solving for bands 21 to 30...
Finished solving for bands 21 to 30 after 9 iterations.
Solving for bands 31 to 40...
Finished solving for bands 31 to 40 after 10 iterations.
Finished k-point with 11.5 mean iterations/band.
freqs:, 236, 0.336634, 0.336634, 0, 0.476072, 0.264746, 0.270916, 0.402557, 0.427071, 0.462375, 0.474676, 0.502349, 0.519981, 0.556354, 0.573217, 0.586689, 0.592534, 0.595285, 0.616996, 0.627468, 0.630661, 0.639972, 0.64727, 0.65478, 0.658438, 0.664942, 0.667989, 0.676333, 0.683033, 0.690039, 0.696432, 0.710928, 0.717788, 0.727597, 0.742629, 0.765457, 0.768898, 0.774772, 0.777259, 0.782643, 0.789065, 0.790831, 0.797836, 0.80582, 0.816825
elapsed time for k point: 8 seconds.
solve_kpoint (0.331683,0.331683,0):
Solving for bands 1 to 10...
Finished solving for bands 1 to 10 after 12 iterations.
Solving for bands 11 to 20...
Finished solving for bands 11 to 20 after 14 iterations.
Solving for bands 21 to 30...
Finished solving for bands 21 to 30 after 9 iterations.
Solving for bands 31 to 40...
Finished solving for bands 31 to 40 after 10 iterations.
Finished k-point with 11.25 mean iterations/band.
freqs:, 237, 0.331683, 0.331683, 0, 0.469071, 0.261792, 0.267817, 0.403732, 0.428152, 0.463136, 0.475229, 0.50342, 0.521881, 0.555591, 0.573085, 0.58598, 0.592578, 0.595309, 0.617028, 0.627552, 0.630916, 0.640189, 0.647719, 0.655164, 0.658481, 0.664668, 0.668741, 0.676212, 0.682394, 0.69048, 0.696769, 0.710392, 0.716842, 0.727712, 0.742845, 0.765389, 0.768857, 0.774494, 0.776964, 0.780931, 0.788305, 0.789931, 0.796538, 0.805836, 0.816885
elapsed time for k point: 7 seconds.
solve_kpoint (0.326733,0.326733,0):
Solving for bands 1 to 10...
Finished solving for bands 1 to 10 after 13 iterations.
Solving for bands 11 to 20...
Finished solving for bands 11 to 20 after 13 iterations.
Solving for bands 21 to 30...
Finished solving for bands 21 to 30 after 9 iterations.
Solving for bands 31 to 40...
Finished solving for bands 31 to 40 after 10 iterations.
Finished k-point with 11.25 mean iterations/band.
freqs:, 238, 0.326733, 0.326733, 0, 0.46207, 0.258787, 0.264655, 0.404981, 0.429261, 0.463934, 0.475795, 0.504471, 0.523748, 0.554824, 0.572911, 0.585322, 0.592628, 0.595323, 0.617054, 0.627628, 0.631208, 0.640398, 0.648135, 0.655548, 0.658509, 0.664354, 0.669508, 0.676107, 0.681762, 0.690937, 0.697157, 0.709851, 0.715882, 0.727818, 0.743045, 0.765327, 0.768798, 0.774191, 0.776651, 0.779178, 0.787554, 0.78909, 0.795256, 0.805865, 0.816974
elapsed time for k point: 8 seconds.
solve_kpoint (0.321782,0.321782,0):
Solving for bands 1 to 10...
Finished solving for bands 1 to 10 after 13 iterations.
Solving for bands 11 to 20...
Finished solving for bands 11 to 20 after 13 iterations.
Solving for bands 21 to 30...
Finished solving for bands 21 to 30 after 9 iterations.
Solving for bands 31 to 40...
Finished solving for bands 31 to 40 after 10 iterations.
Finished k-point with 11.25 mean iterations/band.
freqs:, 239, 0.321782, 0.321782, 0, 0.455069, 0.255731, 0.261434, 0.4063, 0.430396, 0.464767, 0.476373, 0.505502, 0.525581, 0.554054, 0.57269, 0.584719, 0.592684, 0.595328, 0.61707, 0.627694, 0.631536, 0.640599, 0.648517, 0.655929, 0.658525, 0.664006, 0.67029, 0.676018, 0.68114, 0.691407, 0.697594, 0.709304, 0.71491, 0.727915, 0.743229, 0.765271, 0.768717, 0.773855, 0.776318, 0.777401, 0.786819, 0.788296, 0.794, 0.805904, 0.817091
elapsed time for k point: 7 seconds.
solve_kpoint (0.316832,0.316832,0):
Solving for bands 1 to 10...
Finished solving for bands 1 to 10 after 13 iterations.
Solving for bands 11 to 20...
Finished solving for bands 11 to 20 after 12 iterations.
Solving for bands 21 to 30...
Finished solving for bands 21 to 30 after 9 iterations.
Solving for bands 31 to 40...
Finished solving for bands 31 to 40 after 10 iterations.
Finished k-point with 11 mean iterations/band.
freqs:, 240, 0.316832, 0.316832, 0, 0.448068, 0.252627, 0.258156, 0.407686, 0.431558, 0.465633, 0.476965, 0.506512, 0.52738, 0.553282, 0.572418, 0.584177, 0.592746, 0.595324, 0.617076, 0.627751, 0.6319, 0.64079, 0.648862, 0.656308, 0.658529, 0.663628, 0.671083, 0.675946, 0.680532, 0.691889, 0.698075, 0.708754, 0.713926, 0.728004, 0.743394, 0.765222, 0.768612, 0.773479, 0.775614, 0.775966, 0.786105, 0.787538, 0.792782, 0.80595, 0.817233
elapsed time for k point: 7 seconds.
solve_kpoint (0.311881,0.311881,0):
Solving for bands 1 to 10...
Finished solving for bands 1 to 10 after 13 iterations.
Solving for bands 11 to 20...
Finished solving for bands 11 to 20 after 12 iterations.
Solving for bands 21 to 30...
Finished solving for bands 21 to 30 after 10 iterations.
Solving for bands 31 to 40...
Finished solving for bands 31 to 40 after 10 iterations.
Finished k-point with 11.25 mean iterations/band.
freqs:, 241, 0.311881, 0.311881, 0, 0.441067, 0.249475, 0.254826, 0.409136, 0.432745, 0.466531, 0.477569, 0.5075, 0.529142, 0.552509, 0.572091, 0.583699, 0.592814, 0.59531, 0.617069, 0.627799, 0.632298, 0.640969, 0.64917, 0.656681, 0.658522, 0.663226, 0.671888, 0.67589, 0.679941, 0.69238, 0.698599, 0.708201, 0.712932, 0.728084, 0.743537, 0.765181, 0.768478, 0.773056, 0.77383, 0.775591, 0.785418, 0.786812, 0.791613, 0.806002, 0.817398
elapsed time for k point: 8 seconds.
solve_kpoint (0.306931,0.306931,0):
Solving for bands 1 to 10...
Finished solving for bands 1 to 10 after 13 iterations.
Solving for bands 11 to 20...
Finished solving for bands 11 to 20 after 12 iterations.
Solving for bands 21 to 30...
Finished solving for bands 21 to 30 after 10 iterations.
Solving for bands 31 to 40...
Finished solving for bands 31 to 40 after 10 iterations.
Finished k-point with 11.25 mean iterations/band.
freqs:, 242, 0.306931, 0.306931, 0, 0.434066, 0.246279, 0.251446, 0.410646, 0.433957, 0.467461, 0.478185, 0.508468, 0.530867, 0.551736, 0.571707, 0.583286, 0.592887, 0.595287, 0.617047, 0.627839, 0.632731, 0.641135, 0.649439, 0.657048, 0.658504, 0.662808, 0.672703, 0.675853, 0.679369, 0.69288, 0.699161, 0.707646, 0.71193, 0.728157, 0.743656, 0.765147, 0.768312, 0.772058, 0.772578, 0.775196, 0.784765, 0.786112, 0.790504, 0.806058, 0.817582
elapsed time for k point: 7 seconds.
solve_kpoint (0.30198,0.30198,0):
Solving for bands 1 to 10...
Finished solving for bands 1 to 10 after 13 iterations.
Solving for bands 11 to 20...
Finished solving for bands 11 to 20 after 12 iterations.
Solving for bands 21 to 30...
Finished solving for bands 21 to 30 after 10 iterations.
Solving for bands 31 to 40...
    iteration   24: trace = 6.138359949278922 (0.0004097% change)
    iteration   48: trace = 6.137517826956719 (0.000493774% change)
    iteration   72: trace = 6.130155647179531 (0.0161593% change)
Finished solving for bands 31 to 40 after 85 iterations.
Finished k-point with 30 mean iterations/band.
freqs:, 243, 0.30198, 0.30198, 0, 0.427064, 0.243038, 0.248019, 0.412213, 0.435195, 0.468421, 0.478813, 0.509414, 0.532553, 0.550963, 0.571266, 0.58294, 0.592965, 0.595255, 0.617009, 0.627871, 0.633196, 0.641286, 0.649668, 0.657405, 0.658475, 0.662379, 0.673527, 0.675833, 0.67882, 0.693387, 0.699758, 0.70709, 0.710921, 0.728221, 0.743746, 0.76512, 0.768109, 0.770306, 0.772036, 0.774779, 0.784152, 0.785435, 0.789467, 0.806117, 0.811653
elapsed time for k point: 20 seconds.
solve_kpoint (0.29703,0.29703,0):
Solving for bands 1 to 10...
Finished solving for bands 1 to 10 after 13 iterations.
Solving for bands 11 to 20...
Finished solving for bands 11 to 20 after 12 iterations.
Solving for bands 21 to 30...
Finished solving for bands 21 to 30 after 11 iterations.
Solving for bands 31 to 40...
Finished solving for bands 31 to 40 after 10 iterations.
Finished k-point with 11.5 mean iterations/band.
freqs:, 244, 0.29703, 0.29703, 0, 0.420063, 0.239756, 0.244548, 0.413834, 0.436457, 0.469409, 0.479452, 0.510338, 0.5342, 0.550191, 0.570771, 0.582656, 0.593048, 0.595215, 0.616952, 0.627896, 0.633693, 0.64142, 0.649855, 0.657752, 0.658437, 0.661945, 0.674359, 0.67583, 0.678295, 0.6939, 0.700387, 0.706536, 0.709906, 0.728279, 0.743805, 0.765101, 0.767866, 0.768581, 0.771423, 0.774339, 0.783585, 0.784781, 0.78851, 0.806179, 0.810954
elapsed time for k point: 7 seconds.
solve_kpoint (0.292079,0.292079,0):
Solving for bands 1 to 10...
Finished solving for bands 1 to 10 after 13 iterations.
Solving for bands 11 to 20...
Finished solving for bands 11 to 20 after 13 iterations.
Solving for bands 21 to 30...
Finished solving for bands 21 to 30 after 11 iterations.
Solving for bands 31 to 40...
Finished solving for bands 31 to 40 after 10 iterations.
Finished k-point with 11.75 mean iterations/band.
freqs:, 245, 0.292079, 0.292079, 0, 0.413062, 0.236432, 0.241035, 0.415507, 0.437743, 0.470424, 0.480102, 0.51124, 0.535807, 0.549421, 0.570226, 0.582432, 0.593136, 0.595167, 0.616873, 0.627914, 0.63422, 0.641536, 0.649999, 0.658085, 0.658388, 0.661515, 0.675198, 0.675845, 0.677797, 0.694418, 0.701043, 0.705984, 0.708888, 0.728329, 0.743827, 0.765091, 0.766892, 0.767579, 0.770733, 0.773876, 0.783069, 0.784146, 0.787644, 0.806242, 0.810265
elapsed time for k point: 8 seconds.
solve_kpoint (0.287129,0.287129,0):
Solving for bands 1 to 10...
Finished solving for bands 1 to 10 after 13 iterations.
Solving for bands 11 to 20...
Finished solving for bands 11 to 20 after 13 iterations.
Solving for bands 21 to 30...
Finished solving for bands 21 to 30 after 12 iterations.
Solving for bands 31 to 40...
Finished solving for bands 31 to 40 after 10 iterations.
Finished k-point with 12 mean iterations/band.
freqs:, 246, 0.287129, 0.287129, 0, 0.406061, 0.233068, 0.237482, 0.417229, 0.439052, 0.471466, 0.480763, 0.512121, 0.537372, 0.548653, 0.569635, 0.582263, 0.593227, 0.595111, 0.616769, 0.627926, 0.634775, 0.641633, 0.650099, 0.658329, 0.658403, 0.661094, 0.675878, 0.676044, 0.677328, 0.694941, 0.701724, 0.705436, 0.707868, 0.728372, 0.743807, 0.765089, 0.765247, 0.767246, 0.769963, 0.77339, 0.782609, 0.783532, 0.786872, 0.806306, 0.809589
elapsed time for k point: 8 seconds.
solve_kpoint (0.282178,0.282178,0):
Solving for bands 1 to 10...
Finished solving for bands 1 to 10 after 13 iterations.
Solving for bands 11 to 20...
Finished solving for bands 11 to 20 after 13 iterations.
Solving for bands 21 to 30...
Finished solving for bands 21 to 30 after 12 iterations.
Solving for bands 31 to 40...
Finished solving for bands 31 to 40 after 10 iterations.
Finished k-point with 12 mean iterations/band.
freqs:, 247, 0.282178, 0.282178, 0, 0.39906, 0.229666, 0.233891, 0.418997, 0.440385, 0.472533, 0.481435, 0.51298, 0.538896, 0.547888, 0.569004, 0.582143, 0.593322, 0.595049, 0.616638, 0.627933, 0.635356, 0.64171, 0.650154, 0.65826, 0.658703, 0.660689, 0.675928, 0.676882, 0.676902, 0.695466, 0.702426, 0.704893, 0.706849, 0.728409, 0.743737, 0.763652, 0.765095, 0.766864, 0.769112, 0.77288, 0.782207, 0.782936, 0.786198, 0.806371, 0.808927
elapsed time for k point: 8 seconds.
solve_kpoint (0.277228,0.277228,0):
Solving for bands 1 to 10...
Finished solving for bands 1 to 10 after 13 iterations.
Solving for bands 11 to 20...
Finished solving for bands 11 to 20 after 13 iterations.
Solving for bands 21 to 30...
Finished solving for bands 21 to 30 after 12 iterations.
Solving for bands 31 to 40...
Finished solving for bands 31 to 40 after 10 iterations.
Finished k-point with 12 mean iterations/band.
freqs:, 248, 0.277228, 0.277228, 0, 0.392059, 0.226227, 0.230265, 0.42081, 0.44174, 0.473623, 0.482117, 0.513818, 0.540377, 0.547127, 0.568339, 0.582066, 0.593418, 0.594981, 0.616476, 0.627937, 0.635961, 0.641765, 0.650164, 0.658181, 0.658983, 0.660305, 0.675994, 0.676482, 0.677749, 0.695994, 0.703147, 0.704359, 0.705833, 0.72844, 0.74361, 0.762119, 0.765109, 0.766432, 0.768184, 0.772348, 0.781866, 0.782361, 0.785621, 0.806435, 0.808282
elapsed time for k point: 8 seconds.
solve_kpoint (0.272277,0.272277,0):
Solving for bands 1 to 10...
Finished solving for bands 1 to 10 after 13 iterations.
Solving for bands 11 to 20...
Finished solving for bands 11 to 20 after 14 iterations.
Solving for bands 21 to 30...
Finished solving for bands 21 to 30 after 13 iterations.
Solving for bands 31 to 40...
Finished solving for bands 31 to 40 after 10 iterations.
Finished k-point with 12.5 mean iterations/band.
freqs:, 249, 0.272277, 0.272277, 0, 0.385058, 0.222752, 0.226605, 0.422663, 0.443117, 0.474736, 0.482808, 0.514634, 0.541815, 0.54637, 0.567645, 0.582026, 0.593517, 0.594907, 0.616281, 0.627938, 0.636586, 0.6418, 0.650128, 0.658091, 0.65924, 0.659948, 0.676076, 0.676109, 0.678606, 0.696524, 0.703834, 0.703883, 0.704823, 0.728465, 0.743417, 0.760657, 0.765131, 0.765953, 0.767182, 0.771794, 0.781587, 0.781805, 0.785137, 0.806498, 0.807654
elapsed time for k point: 8 seconds.
solve_kpoint (0.267327,0.267327,0):
Solving for bands 1 to 10...
Finished solving for bands 1 to 10 after 13 iterations.
Solving for bands 11 to 20...
Finished solving for bands 11 to 20 after 14 iterations.
Solving for bands 21 to 30...
Finished solving for bands 21 to 30 after 13 iterations.
Solving for bands 31 to 40...
Finished solving for bands 31 to 40 after 10 iterations.
Finished k-point with 12.5 mean iterations/band.
freqs:, 250, 0.267327, 0.267327, 0, 0.378057, 0.219242, 0.222913, 0.424557, 0.444516, 0.47587, 0.483509, 0.51543, 0.543209, 0.545619, 0.566929, 0.582019, 0.593617, 0.594829, 0.616048, 0.627937, 0.637229, 0.641814, 0.650047, 0.657992, 0.65947, 0.659622, 0.675769, 0.676174, 0.679464, 0.697054, 0.703322, 0.703822, 0.704632, 0.728485, 0.743148, 0.759276, 0.765161, 0.765426, 0.766116, 0.771218, 0.781269, 0.78137, 0.784742, 0.80656, 0.807045
elapsed time for k point: 8 seconds.
solve_kpoint (0.262376,0.262376,0):
Solving for bands 1 to 10...
Finished solving for bands 1 to 10 after 13 iterations.
Solving for bands 11 to 20...
Finished solving for bands 11 to 20 after 14 iterations.
Solving for bands 21 to 30...
Finished solving for bands 21 to 30 after 14 iterations.
Solving for bands 31 to 40...
Finished solving for bands 31 to 40 after 10 iterations.
Finished k-point with 12.75 mean iterations/band.
freqs:, 251, 0.262376, 0.262376, 0, 0.371056, 0.215698, 0.21919, 0.426488, 0.445936, 0.477023, 0.484219, 0.516205, 0.544559, 0.544873, 0.566194, 0.582039, 0.593716, 0.594746, 0.615774, 0.627937, 0.637888, 0.641808, 0.64992, 0.657882, 0.659672, 0.659332, 0.675464, 0.676285, 0.680319, 0.697583, 0.702823, 0.702836, 0.705391, 0.7285, 0.742793, 0.757988, 0.764855, 0.764994, 0.765196, 0.770623, 0.780753, 0.781212, 0.784428, 0.806456, 0.806621
elapsed time for k point: 8 seconds.
solve_kpoint (0.257426,0.257426,0):
Solving for bands 1 to 10...
Finished solving for bands 1 to 10 after 13 iterations.
Solving for bands 11 to 20...
Finished solving for bands 11 to 20 after 14 iterations.
Solving for bands 21 to 30...
Finished solving for bands 21 to 30 after 15 iterations.
Solving for bands 31 to 40...
Finished solving for bands 31 to 40 after 10 iterations.
Finished k-point with 13 mean iterations/band.
freqs:, 252, 0.257426, 0.257426, 0, 0.364055, 0.212122, 0.215439, 0.428454, 0.447376, 0.478195, 0.484937, 0.51696, 0.544132, 0.545865, 0.565444, 0.582082, 0.593815, 0.594661, 0.615457, 0.627939, 0.638558, 0.641785, 0.649749, 0.657763, 0.659843, 0.65908, 0.675193, 0.676409, 0.68117, 0.698112, 0.701866, 0.702343, 0.706157, 0.72851, 0.742343, 0.756802, 0.763823, 0.764245, 0.765235, 0.770013, 0.78026, 0.781111, 0.784187, 0.805888, 0.80668
elapsed time for k point: 9 seconds.
solve_kpoint (0.252475,0.252475,0):
Solving for bands 1 to 10...
Finished solving for bands 1 to 10 after 12 iterations.
Solving for bands 11 to 20...
Finished solving for bands 11 to 20 after 14 iterations.
Solving for bands 21 to 30...
Finished solving for bands 21 to 30 after 15 iterations.
Solving for bands 31 to 40...
Finished solving for bands 31 to 40 after 9 iterations.
Finished k-point with 12.5 mean iterations/band.
freqs:, 253, 0.252475, 0.252475, 0, 0.357054, 0.208514, 0.211659, 0.430453, 0.448837, 0.479384, 0.485664, 0.517697, 0.543399, 0.547126, 0.564683, 0.582145, 0.593912, 0.594572, 0.615092, 0.627943, 0.639235, 0.641747, 0.649534, 0.657635, 0.65998, 0.658868, 0.674957, 0.676545, 0.68201, 0.698638, 0.700921, 0.701882, 0.706929, 0.728517, 0.74179, 0.755726, 0.762615, 0.763597, 0.765272, 0.769391, 0.779788, 0.781065, 0.784013, 0.805342, 0.806737
elapsed time for k point: 8 seconds.
solve_kpoint (0.247525,0.247525,0):
Solving for bands 1 to 10...
Finished solving for bands 1 to 10 after 12 iterations.
Solving for bands 11 to 20...
Finished solving for bands 11 to 20 after 14 iterations.
Solving for bands 21 to 30...
Finished solving for bands 21 to 30 after 15 iterations.
Solving for bands 31 to 40...
Finished solving for bands 31 to 40 after 9 iterations.
Finished k-point with 12.5 mean iterations/band.
freqs:, 254, 0.247525, 0.247525, 0, 0.350053, 0.204875, 0.207853, 0.432484, 0.450317, 0.480588, 0.486398, 0.518414, 0.542672, 0.548341, 0.563913, 0.582225, 0.594006, 0.594481, 0.614677, 0.627951, 0.639916, 0.641697, 0.649278, 0.657499, 0.66008, 0.658697, 0.674753, 0.67669, 0.682835, 0.699162, 0.700009, 0.701444, 0.707705, 0.72852, 0.741132, 0.754763, 0.761377, 0.762918, 0.765299, 0.768769, 0.779339, 0.781069, 0.783898, 0.804819, 0.806791
elapsed time for k point: 8 seconds.
solve_kpoint (0.242574,0.242574,0):
Solving for bands 1 to 10...
Finished solving for bands 1 to 10 after 11 iterations.
Solving for bands 11 to 20...
Finished solving for bands 11 to 20 after 15 iterations.
Solving for bands 21 to 30...
Finished solving for bands 21 to 30 after 15 iterations.
Solving for bands 31 to 40...
Finished solving for bands 31 to 40 after 9 iterations.
Finished k-point with 12.5 mean iterations/band.
freqs:, 255, 0.242574, 0.242574, 0, 0.343052, 0.201207, 0.204022, 0.434544, 0.451816, 0.481807, 0.48714, 0.519114, 0.541954, 0.549511, 0.563138, 0.582319, 0.594097, 0.594389, 0.614208, 0.627966, 0.640595, 0.64164, 0.648983, 0.657356, 0.66014, 0.658567, 0.674582, 0.676844, 0.683635, 0.699139, 0.699682, 0.70103, 0.708481, 0.728519, 0.740372, 0.75391, 0.760117, 0.762212, 0.765299, 0.768166, 0.778914, 0.78112, 0.783837, 0.804319, 0.806843
elapsed time for k point: 8 seconds.
solve_kpoint (0.237624,0.237624,0):
Solving for bands 1 to 10...
Finished solving for bands 1 to 10 after 11 iterations.
Solving for bands 11 to 20...
Finished solving for bands 11 to 20 after 15 iterations.
Solving for bands 21 to 30...
Finished solving for bands 21 to 30 after 15 iterations.
Solving for bands 31 to 40...
Finished solving for bands 31 to 40 after 9 iterations.
Finished k-point with 12.5 mean iterations/band.
freqs:, 256, 0.237624, 0.237624, 0, 0.336051, 0.19751, 0.200167, 0.436633, 0.453334, 0.483038, 0.487889, 0.519796, 0.541243, 0.550636, 0.56236, 0.582425, 0.594182, 0.594296, 0.613684, 0.627988, 0.641267, 0.641578, 0.648649, 0.657208, 0.660158, 0.658478, 0.674442, 0.677002, 0.684399, 0.698326, 0.700197, 0.700645, 0.709257, 0.728516, 0.739517, 0.753162, 0.758843, 0.761483, 0.765233, 0.767619, 0.778513, 0.781214, 0.783825, 0.803842, 0.806891
elapsed time for k point: 8 seconds.
solve_kpoint (0.232673,0.232673,0):
Solving for bands 1 to 10...
Finished solving for bands 1 to 10 after 11 iterations.
Solving for bands 11 to 20...
    iteration   26: trace = 3.927027111238262 (0.000667841% change)
    iteration   53: trace = 3.926327305045529 (0.000284239% change)
    iteration   80: trace = 3.925007667109009 (0.000182894% change)
Finished solving for bands 11 to 20 after 84 iterations.
Solving for bands 21 to 30...
Finished solving for bands 21 to 30 after 17 iterations.
Solving for bands 31 to 40...
Finished solving for bands 31 to 40 after 9 iterations.
Finished k-point with 30.25 mean iterations/band.
freqs:, 257, 0.232673, 0.232673, 0, 0.32905, 0.193785, 0.196289, 0.438748, 0.45487, 0.48428, 0.488645, 0.520463, 0.540541, 0.551714, 0.561579, 0.58254, 0.594203, 0.594262, 0.613103, 0.628019, 0.641517, 0.641926, 0.648281, 0.657057, 0.65842, 0.66014, 0.67433, 0.677164, 0.685108, 0.697589, 0.700292, 0.700708, 0.710031, 0.72851, 0.738579, 0.752505, 0.75756, 0.760734, 0.76504, 0.767192, 0.778137, 0.78135, 0.783856, 0.803389, 0.806936
elapsed time for k point: 19 seconds.
solve_kpoint (0.227723,0.227723,0):
Solving for bands 1 to 10...
Finished solving for bands 1 to 10 after 10 iterations.
Solving for bands 11 to 20...
Finished solving for bands 11 to 20 after 11 iterations.
Solving for bands 21 to 30...
Finished solving for bands 21 to 30 after 15 iterations.
Solving for bands 31 to 40...
Finished solving for bands 31 to 40 after 9 iterations.
Finished k-point with 11.25 mean iterations/band.
freqs:, 258, 0.227723, 0.227723, 0, 0.322049, 0.190033, 0.192389, 0.440887, 0.456423, 0.485532, 0.489407, 0.521114, 0.539848, 0.552746, 0.560799, 0.582664, 0.594109, 0.594334, 0.612462, 0.62806, 0.641461, 0.642565, 0.647881, 0.656907, 0.658404, 0.660072, 0.674246, 0.677327, 0.68574, 0.696953, 0.699972, 0.701212, 0.7108, 0.728502, 0.737574, 0.751925, 0.756274, 0.75997, 0.764661, 0.766947, 0.777787, 0.781522, 0.783927, 0.802961, 0.806978
elapsed time for k point: 8 seconds.
solve_kpoint (0.222772,0.222772,0):
Solving for bands 1 to 10...
Finished solving for bands 1 to 10 after 10 iterations.
Solving for bands 11 to 20...
Finished solving for bands 11 to 20 after 11 iterations.
Solving for bands 21 to 30...
Finished solving for bands 21 to 30 after 14 iterations.
Solving for bands 31 to 40...
Finished solving for bands 31 to 40 after 9 iterations.
Finished k-point with 11 mean iterations/band.
freqs:, 259, 0.222772, 0.222772, 0, 0.315048, 0.186255, 0.188468, 0.443049, 0.457993, 0.486791, 0.490174, 0.521752, 0.539165, 0.553732, 0.560019, 0.582794, 0.594016, 0.594399, 0.611762, 0.628113, 0.641412, 0.643175, 0.647452, 0.656762, 0.658421, 0.659956, 0.674188, 0.677487, 0.686263, 0.696452, 0.699689, 0.70171, 0.711563, 0.728493, 0.736517, 0.751407, 0.754989, 0.759195, 0.764105, 0.766874, 0.777463, 0.781729, 0.784036, 0.802556, 0.807016
elapsed time for k point: 7 seconds.
solve_kpoint (0.217822,0.217822,0):
Solving for bands 1 to 10...
Finished solving for bands 1 to 10 after 10 iterations.
Solving for bands 11 to 20...
Finished solving for bands 11 to 20 after 11 iterations.
Solving for bands 21 to 30...
Finished solving for bands 21 to 30 after 14 iterations.
Solving for bands 31 to 40...
Finished solving for bands 31 to 40 after 9 iterations.
Finished k-point with 11 mean iterations/band.
freqs:, 260, 0.217822, 0.217822, 0, 0.308047, 0.182452, 0.184527, 0.445233, 0.45958, 0.488056, 0.490947, 0.522377, 0.538492, 0.554672, 0.559242, 0.58293, 0.593923, 0.594454, 0.611001, 0.62818, 0.641376, 0.643748, 0.646995, 0.656628, 0.65847, 0.659793, 0.674152, 0.677642, 0.686641, 0.696123, 0.699445, 0.702201, 0.71232, 0.728482, 0.735424, 0.750936, 0.753711, 0.758411, 0.763433, 0.766916, 0.777167, 0.781968, 0.784179, 0.802176, 0.80705
elapsed time for k point: 7 seconds.
solve_kpoint (0.212871,0.212871,0):
Solving for bands 1 to 10...
Finished solving for bands 1 to 10 after 10 iterations.
Solving for bands 11 to 20...
Finished solving for bands 11 to 20 after 10 iterations.
Solving for bands 21 to 30...
Finished solving for bands 21 to 30 after 14 iterations.
Solving for bands 31 to 40...
Finished solving for bands 31 to 40 after 9 iterations.
Finished k-point with 10.75 mean iterations/band.
freqs:, 261, 0.212871, 0.212871, 0, 0.301045, 0.178624, 0.180566, 0.447436, 0.461182, 0.489325, 0.491724, 0.522991, 0.537829, 0.555566, 0.558468, 0.58307, 0.593831, 0.594499, 0.610181, 0.62826, 0.641355, 0.644273, 0.646515, 0.656512, 0.658546, 0.659581, 0.674138, 0.677789, 0.686841, 0.695999, 0.699243, 0.702684, 0.713067, 0.72847, 0.734309, 0.750499, 0.752443, 0.75762, 0.762691, 0.767027, 0.776897, 0.782238, 0.784354, 0.801819, 0.80708
elapsed time for k point: 7 seconds.
solve_kpoint (0.207921,0.207921,0):
Solving for bands 1 to 10...
Finished solving for bands 1 to 10 after 10 iterations.
Solving for bands 11 to 20...
Finished solving for bands 11 to 20 after 10 iterations.
Solving for bands 21 to 30...
Finished solving for bands 21 to 30 after 13 iterations.
Solving for bands 31 to 40...
Finished solving for bands 31 to 40 after 9 iterations.
Finished k-point with 10.5 mean iterations/band.
freqs:, 262, 0.207921, 0.207921, 0, 0.294044, 0.174773, 0.176587, 0.449658, 0.4628, 0.490596, 0.492506, 0.523595, 0.537177, 0.556413, 0.557697, 0.583213, 0.59374, 0.594533, 0.609301, 0.628356, 0.64135, 0.644739, 0.646015, 0.656423, 0.658648, 0.65932, 0.674144, 0.677924, 0.68685, 0.696096, 0.699084, 0.703158, 0.713804, 0.728458, 0.733183, 0.750085, 0.751189, 0.756826, 0.761905, 0.767183, 0.776655, 0.782536, 0.78456, 0.801486, 0.807106
elapsed time for k point: 7 seconds.
solve_kpoint (0.20297,0.20297,0):
Solving for bands 1 to 10...
Finished solving for bands 1 to 10 after 10 iterations.
Solving for bands 11 to 20...
Finished solving for bands 11 to 20 after 10 iterations.
Solving for bands 21 to 30...
Finished solving for bands 21 to 30 after 12 iterations.
Solving for bands 31 to 40...
Finished solving for bands 31 to 40 after 9 iterations.
Finished k-point with 10.25 mean iterations/band.
freqs:, 263, 0.20297, 0.20297, 0, 0.287043, 0.170899, 0.172591, 0.451897, 0.464432, 0.491867, 0.493292, 0.524191, 0.536536, 0.556931, 0.557215, 0.583359, 0.59365, 0.594555, 0.608363, 0.628468, 0.641364, 0.645131, 0.645496, 0.65637, 0.658772, 0.65901, 0.674166, 0.678045, 0.686679, 0.696404, 0.698972, 0.703624, 0.71453, 0.728446, 0.732057, 0.749685, 0.749952, 0.756031, 0.761091, 0.767371, 0.776442, 0.78286, 0.784796, 0.801176, 0.807128
elapsed time for k point: 7 seconds.
solve_kpoint (0.19802,0.19802,0):
Solving for bands 1 to 10...
Finished solving for bands 1 to 10 after 10 iterations.
Solving for bands 11 to 20...
Finished solving for bands 11 to 20 after 11 iterations.
Solving for bands 21 to 30...
Finished solving for bands 21 to 30 after 12 iterations.
Solving for bands 31 to 40...
Finished solving for bands 31 to 40 after 9 iterations.
Finished k-point with 10.5 mean iterations/band.
freqs:, 264, 0.19802, 0.19802, 0, 0.280042, 0.167003, 0.168577, 0.454151, 0.466078, 0.493135, 0.494081, 0.52478, 0.535907, 0.556171, 0.557969, 0.583506, 0.59356, 0.594564, 0.60737, 0.628597, 0.641398, 0.644961, 0.64544, 0.656363, 0.658916, 0.658651, 0.674204, 0.678149, 0.686363, 0.696888, 0.698905, 0.70408, 0.715244, 0.728434, 0.730939, 0.748735, 0.749292, 0.755236, 0.760255, 0.767586, 0.776255, 0.783209, 0.785061, 0.800889, 0.807145
elapsed time for k point: 7 seconds.
solve_kpoint (0.193069,0.193069,0):
Solving for bands 1 to 10...
Finished solving for bands 1 to 10 after 10 iterations.
Solving for bands 11 to 20...
Finished solving for bands 11 to 20 after 11 iterations.
Solving for bands 21 to 30...
Finished solving for bands 21 to 30 after 12 iterations.
Solving for bands 31 to 40...
Finished solving for bands 31 to 40 after 9 iterations.
Finished k-point with 10.5 mean iterations/band.
freqs:, 265, 0.193069, 0.193069, 0, 0.273041, 0.163085, 0.164548, 0.45642, 0.467738, 0.4944, 0.494873, 0.525364, 0.53529, 0.555416, 0.558678, 0.583654, 0.593471, 0.59456, 0.606322, 0.628744, 0.641452, 0.644414, 0.645653, 0.65641, 0.659078, 0.658245, 0.674255, 0.678232, 0.685943, 0.697509, 0.698887, 0.704526, 0.715944, 0.728423, 0.729837, 0.74754, 0.748899, 0.754443, 0.759403, 0.767822, 0.776097, 0.783582, 0.785353, 0.800624, 0.807158
elapsed time for k point: 7 seconds.
solve_kpoint (0.188119,0.188119,0):
Solving for bands 1 to 10...
Finished solving for bands 1 to 10 after 10 iterations.
Solving for bands 11 to 20...
Finished solving for bands 11 to 20 after 11 iterations.
Solving for bands 21 to 30...
Finished solving for bands 21 to 30 after 12 iterations.
Solving for bands 31 to 40...
Finished solving for bands 31 to 40 after 9 iterations.
Finished k-point with 10.5 mean iterations/band.
freqs:, 266, 0.188119, 0.188119, 0, 0.26604, 0.159147, 0.160502, 0.458701, 0.469411, 0.495657, 0.495667, 0.525945, 0.534686, 0.554667, 0.55934, 0.583801, 0.593382, 0.594542, 0.605221, 0.62891, 0.641526, 0.643856, 0.645761, 0.656518, 0.659253, 0.657794, 0.674319, 0.678291, 0.685455, 0.698229, 0.698917, 0.704961, 0.716629, 0.728413, 0.728755, 0.746371, 0.748503, 0.753654, 0.758539, 0.768079, 0.775965, 0.783978, 0.785673, 0.800383, 0.807166
elapsed time for k point: 7 seconds.
solve_kpoint (0.183168,0.183168,0):
Solving for bands 1 to 10...
Finished solving for bands 1 to 10 after 10 iterations.
Solving for bands 11 to 20...
Finished solving for bands 11 to 20 after 12 iterations.
Solving for bands 21 to 30...
Finished solving for bands 21 to 30 after 12 iterations.
Solving for bands 31 to 40...
Finished solving for bands 31 to 40 after 9 iterations.
Finished k-point with 10.75 mean iterations/band.
freqs:, 267, 0.183168, 0.183168, 0, 0.259039, 0.155188, 0.156442, 0.460993, 0.471096, 0.496464, 0.496904, 0.526526, 0.534095, 0.553924, 0.559957, 0.583949, 0.593292, 0.594509, 0.604072, 0.629093, 0.641621, 0.643291, 0.645762, 0.656689, 0.65944, 0.6573, 0.674393, 0.678325, 0.684927, 0.698994, 0.699019, 0.705386, 0.717299, 0.727699, 0.728404, 0.74523, 0.748099, 0.75287, 0.757666, 0.768355, 0.775861, 0.784395, 0.786021, 0.800163, 0.807169
elapsed time for k point: 7 seconds.
solve_kpoint (0.178218,0.178218,0):
Solving for bands 1 to 10...
Finished solving for bands 1 to 10 after 10 iterations.
Solving for bands 11 to 20...
    iteration   26: trace = 3.913862618999882 (0.00103916% change)
    iteration   53: trace = 3.912993382742538 (0.000464793% change)
    iteration   80: trace = 3.910566837408142 (6.08796e-05% change)
Finished solving for bands 11 to 20 after 83 iterations.
Solving for bands 21 to 30...
Finished solving for bands 21 to 30 after 14 iterations.
Solving for bands 31 to 40...
Finished solving for bands 31 to 40 after 9 iterations.
Finished k-point with 29 mean iterations/band.
freqs:, 268, 0.178218, 0.178218, 0, 0.252038, 0.151211, 0.152367, 0.463296, 0.472792, 0.497261, 0.498139, 0.527107, 0.533517, 0.553189, 0.560527, 0.584095, 0.593201, 0.59446, 0.602875, 0.629295, 0.641735, 0.642719, 0.645655, 0.656757, 0.656921, 0.659646, 0.674475, 0.67833, 0.684382, 0.699119, 0.699858, 0.705799, 0.717952, 0.726674, 0.728396, 0.744119, 0.747684, 0.752093, 0.756787, 0.768647, 0.775782, 0.784832, 0.786395, 0.799964, 0.807167
elapsed time for k point: 18 seconds.
solve_kpoint (0.173267,0.173267,0):
Solving for bands 1 to 10...
Finished solving for bands 1 to 10 after 10 iterations.
Solving for bands 11 to 20...
Finished solving for bands 11 to 20 after 12 iterations.
Solving for bands 21 to 30...
Finished solving for bands 21 to 30 after 11 iterations.
Solving for bands 31 to 40...
Finished solving for bands 31 to 40 after 9 iterations.
Finished k-point with 10.5 mean iterations/band.
freqs:, 269, 0.173267, 0.173267, 0, 0.245037, 0.147214, 0.148279, 0.465607, 0.4745, 0.49806, 0.499359, 0.527692, 0.532953, 0.55246, 0.561051, 0.58424, 0.593108, 0.594396, 0.601633, 0.629515, 0.641868, 0.642144, 0.645447, 0.65618, 0.657208, 0.659856, 0.674566, 0.678306, 0.683835, 0.69929, 0.700729, 0.706201, 0.718589, 0.725682, 0.728391, 0.743042, 0.747258, 0.751324, 0.755904, 0.768956, 0.775729, 0.78529, 0.786796, 0.799788, 0.807161
elapsed time for k point: 7 seconds.
solve_kpoint (0.168317,0.168317,0):
Solving for bands 1 to 10...
Finished solving for bands 1 to 10 after 10 iterations.
Solving for bands 11 to 20...
Finished solving for bands 11 to 20 after 12 iterations.
Solving for bands 21 to 30...
Finished solving for bands 21 to 30 after 11 iterations.
Solving for bands 31 to 40...
Finished solving for bands 31 to 40 after 9 iterations.
Finished k-point with 10.5 mean iterations/band.
freqs:, 270, 0.168317, 0.168317, 0, 0.238036, 0.1432, 0.144177, 0.467925, 0.476217, 0.498858, 0.500561, 0.528283, 0.532403, 0.551739, 0.561529, 0.584382, 0.593012, 0.594316, 0.600349, 0.629752, 0.641567, 0.642018, 0.645145, 0.655566, 0.657542, 0.660073, 0.674662, 0.67825, 0.683295, 0.699506, 0.701618, 0.706591, 0.719208, 0.724726, 0.728388, 0.742001, 0.746819, 0.750563, 0.75502, 0.769281, 0.7757, 0.785766, 0.787225, 0.799632, 0.80715
elapsed time for k point: 7 seconds.
solve_kpoint (0.163366,0.163366,0):
Solving for bands 1 to 10...
Finished solving for bands 1 to 10 after 10 iterations.
Solving for bands 11 to 20...
Finished solving for bands 11 to 20 after 12 iterations.
Solving for bands 21 to 30...
Finished solving for bands 21 to 30 after 11 iterations.
Solving for bands 31 to 40...
Finished solving for bands 31 to 40 after 9 iterations.
Finished k-point with 10.5 mean iterations/band.
freqs:, 271, 0.163366, 0.163366, 0, 0.231035, 0.139168, 0.140063, 0.470249, 0.477944, 0.499657, 0.501741, 0.528882, 0.531869, 0.551025, 0.561961, 0.584522, 0.592913, 0.594221, 0.599026, 0.630006, 0.64099, 0.642185, 0.64476, 0.654922, 0.657913, 0.660296, 0.674764, 0.678162, 0.68277, 0.699765, 0.702517, 0.706969, 0.719809, 0.723808, 0.728387, 0.740998, 0.746366, 0.749811, 0.754135, 0.76962, 0.775695, 0.78626, 0.787681, 0.799498, 0.807134
elapsed time for k point: 7 seconds.
solve_kpoint (0.158416,0.158416,0):
Solving for bands 1 to 10...
Finished solving for bands 1 to 10 after 10 iterations.
Solving for bands 11 to 20...
Finished solving for bands 11 to 20 after 12 iterations.
Solving for bands 21 to 30...
Finished solving for bands 21 to 30 after 10 iterations.
Solving for bands 31 to 40...
Finished solving for bands 31 to 40 after 9 iterations.
Finished k-point with 10.25 mean iterations/band.
freqs:, 272, 0.158416, 0.158416, 0, 0.224034, 0.13512, 0.135937, 0.472578, 0.47968, 0.500454, 0.502897, 0.529492, 0.531349, 0.550319, 0.562347, 0.58466, 0.592808, 0.594109, 0.597666, 0.630275, 0.640415, 0.642366, 0.644302, 0.654249, 0.658312, 0.660523, 0.674871, 0.678039, 0.682267, 0.700065, 0.703416, 0.707335, 0.720391, 0.722931, 0.728389, 0.740036, 0.745898, 0.74907, 0.753252, 0.769973, 0.775711, 0.786771, 0.788164, 0.799384, 0.807114
elapsed time for k point: 7 seconds.
solve_kpoint (0.153465,0.153465,0):
Solving for bands 1 to 10...
Finished solving for bands 1 to 10 after 10 iterations.
Solving for bands 11 to 20...
Finished solving for bands 11 to 20 after 12 iterations.
Solving for bands 21 to 30...
Finished solving for bands 21 to 30 after 10 iterations.
Solving for bands 31 to 40...
Finished solving for bands 31 to 40 after 9 iterations.
Finished k-point with 10.25 mean iterations/band.
freqs:, 273, 0.153465, 0.153465, 0, 0.217033, 0.131055, 0.131799, 0.47491, 0.481423, 0.50125, 0.504025, 0.530115, 0.530845, 0.549621, 0.562687, 0.584794, 0.592697, 0.593981, 0.596272, 0.630557, 0.639844, 0.642561, 0.643783, 0.653553, 0.658728, 0.660753, 0.674981, 0.677882, 0.681787, 0.700404, 0.704308, 0.707688, 0.720955, 0.722095, 0.728394, 0.739119, 0.745416, 0.74834, 0.752373, 0.770338, 0.775749, 0.787298, 0.788676, 0.799291, 0.807089
elapsed time for k point: 7 seconds.
solve_kpoint (0.148515,0.148515,0):
Solving for bands 1 to 10...
Finished solving for bands 1 to 10 after 10 iterations.
Solving for bands 11 to 20...
Finished solving for bands 11 to 20 after 12 iterations.
Solving for bands 21 to 30...
Finished solving for bands 21 to 30 after 10 iterations.
Solving for bands 31 to 40...
Finished solving for bands 31 to 40 after 9 iterations.
Finished k-point with 10.25 mean iterations/band.
freqs:, 274, 0.148515, 0.148515, 0, 0.210032, 0.126975, 0.12765, 0.477244, 0.483173, 0.502044, 0.505123, 0.530356, 0.530753, 0.54893, 0.562981, 0.584924, 0.592579, 0.593838, 0.594844, 0.630852, 0.639278, 0.642768, 0.643213, 0.652838, 0.659155, 0.660985, 0.675093, 0.67769, 0.681333, 0.700779, 0.705187, 0.708028, 0.721302, 0.721499, 0.728403, 0.738248, 0.74492, 0.747623, 0.751499, 0.770715, 0.775806, 0.787842, 0.789215, 0.79922, 0.807059
elapsed time for k point: 7 seconds.
solve_kpoint (0.143564,0.143564,0):
Solving for bands 1 to 10...
Finished solving for bands 1 to 10 after 10 iterations.
Solving for bands 11 to 20...
Finished solving for bands 11 to 20 after 12 iterations.
Solving for bands 21 to 30...
Finished solving for bands 21 to 30 after 10 iterations.
Solving for bands 31 to 40...
Finished solving for bands 31 to 40 after 9 iterations.
Finished k-point with 10.25 mean iterations/band.
freqs:, 275, 0.143564, 0.143564, 0, 0.203031, 0.12288, 0.12349, 0.479578, 0.48493, 0.502835, 0.506186, 0.529886, 0.531409, 0.548248, 0.563228, 0.585051, 0.592452, 0.593387, 0.593679, 0.631155, 0.638718, 0.6426, 0.642986, 0.65211, 0.659585, 0.661218, 0.675207, 0.677464, 0.680908, 0.701187, 0.706046, 0.708356, 0.720552, 0.722024, 0.728415, 0.737428, 0.744409, 0.746918, 0.750633, 0.771103, 0.775881, 0.7884, 0.789784, 0.799169, 0.807025
elapsed time for k point: 6 seconds.
solve_kpoint (0.138614,0.138614,0):
Solving for bands 1 to 10...
Finished solving for bands 1 to 10 after 10 iterations.
Solving for bands 11 to 20...
Finished solving for bands 11 to 20 after 12 iterations.
Solving for bands 21 to 30...
Finished solving for bands 21 to 30 after 10 iterations.
Solving for bands 31 to 40...
Finished solving for bands 31 to 40 after 9 iterations.
Finished k-point with 10.25 mean iterations/band.
freqs:, 276, 0.138614, 0.138614, 0, 0.19603, 0.11877, 0.11932, 0.481911, 0.486691, 0.503623, 0.507212, 0.529432, 0.532084, 0.547574, 0.563428, 0.585173, 0.591902, 0.592316, 0.593504, 0.631465, 0.638166, 0.641953, 0.643212, 0.651375, 0.660012, 0.661451, 0.675322, 0.677203, 0.680511, 0.701627, 0.706879, 0.70867, 0.719846, 0.72253, 0.72843, 0.736662, 0.743885, 0.746227, 0.749775, 0.771499, 0.775973, 0.788973, 0.790381, 0.799139, 0.806986
elapsed time for k point: 7 seconds.
solve_kpoint (0.133663,0.133663,0):
Solving for bands 1 to 10...
Finished solving for bands 1 to 10 after 10 iterations.
Solving for bands 11 to 20...
Finished solving for bands 11 to 20 after 12 iterations.
Solving for bands 21 to 30...
Finished solving for bands 21 to 30 after 11 iterations.
Solving for bands 31 to 40...
Finished solving for bands 31 to 40 after 9 iterations.
Finished k-point with 10.5 mean iterations/band.
freqs:, 277, 0.133663, 0.133663, 0, 0.189029, 0.114647, 0.115141, 0.484242, 0.488456, 0.504407, 0.508198, 0.528996, 0.53278, 0.546908, 0.563582, 0.585291, 0.590391, 0.592168, 0.593314, 0.631777, 0.637623, 0.641281, 0.643446, 0.650639, 0.660432, 0.661682, 0.675437, 0.676909, 0.680143, 0.702094, 0.707678, 0.708972, 0.719183, 0.723016, 0.728449, 0.735953, 0.743348, 0.745549, 0.748927, 0.771903, 0.776081, 0.78956, 0.791007, 0.79913, 0.806944
elapsed time for k point: 7 seconds.
solve_kpoint (0.128713,0.128713,0):
Solving for bands 1 to 10...
Finished solving for bands 1 to 10 after 10 iterations.
Solving for bands 11 to 20...
Finished solving for bands 11 to 20 after 12 iterations.
Solving for bands 21 to 30...
Finished solving for bands 21 to 30 after 11 iterations.
Solving for bands 31 to 40...
Finished solving for bands 31 to 40 after 9 iterations.
Finished k-point with 10.5 mean iterations/band.
freqs:, 278, 0.128713, 0.128713, 0, 0.182027, 0.11051, 0.110952, 0.486569, 0.490223, 0.505185, 0.509142, 0.52858, 0.533498, 0.546251, 0.563687, 0.585404, 0.588855, 0.592008, 0.593109, 0.632087, 0.637091, 0.64059, 0.643687, 0.64991, 0.660842, 0.661912, 0.675553, 0.676582, 0.679804, 0.702588, 0.708439, 0.709261, 0.718564, 0.723483, 0.728473, 0.735305, 0.742798, 0.744886, 0.748091, 0.772314, 0.776202, 0.790159, 0.791662, 0.799143, 0.806897
elapsed time for k point: 7 seconds.
solve_kpoint (0.123762,0.123762,0):
Solving for bands 1 to 10...
Finished solving for bands 1 to 10 after 10 iterations.
Solving for bands 11 to 20...
Finished solving for bands 11 to 20 after 12 iterations.
Solving for bands 21 to 30...
Finished solving for bands 21 to 30 after 11 iterations.
Solving for bands 31 to 40...
Finished solving for bands 31 to 40 after 9 iterations.
Finished k-point with 10.5 mean iterations/band.
freqs:, 279, 0.123762, 0.123762, 0, 0.175026, 0.106361, 0.106754, 0.48889, 0.491992, 0.505959, 0.510041, 0.528183, 0.53424, 0.545602, 0.563744, 0.585513, 0.587298, 0.591835, 0.592891, 0.63239, 0.636571, 0.639888, 0.643932, 0.649195, 0.661238, 0.662139, 0.675667, 0.676223, 0.679493, 0.703104, 0.709155, 0.709538, 0.717987, 0.723932, 0.7285, 0.734721, 0.742238, 0.744239, 0.747267, 0.772729, 0.776336, 0.790771, 0.792348, 0.799177, 0.806847
elapsed time for k point: 7 seconds.
solve_kpoint (0.118812,0.118812,0):
Solving for bands 1 to 10...
Finished solving for bands 1 to 10 after 11 iterations.
Solving for bands 11 to 20...
Finished solving for bands 11 to 20 after 12 iterations.
Solving for bands 21 to 30...
Finished solving for bands 21 to 30 after 11 iterations.
Solving for bands 31 to 40...
Finished solving for bands 31 to 40 after 9 iterations.
Finished k-point with 10.75 mean iterations/band.
freqs:, 280, 0.118812, 0.118812, 0, 0.168025, 0.1022, 0.102548, 0.491205, 0.49376, 0.506726, 0.510894, 0.527807, 0.535005, 0.544962, 0.563752, 0.585616, 0.585721, 0.591648, 0.592658, 0.632679, 0.636063, 0.63918, 0.644181, 0.648503, 0.661617, 0.662362, 0.675781, 0.675834, 0.67921, 0.703641, 0.709783, 0.70984, 0.717452, 0.724361, 0.728532, 0.734204, 0.741667, 0.743607, 0.746459, 0.773147, 0.77648, 0.791394, 0.793063, 0.799234, 0.806793
elapsed time for k point: 7 seconds.
solve_kpoint (0.113861,0.113861,0):
Solving for bands 1 to 10...
Finished solving for bands 1 to 10 after 11 iterations.
Solving for bands 11 to 20...
Finished solving for bands 11 to 20 after 12 iterations.
Solving for bands 21 to 30...
Finished solving for bands 21 to 30 after 11 iterations.
Solving for bands 31 to 40...
Finished solving for bands 31 to 40 after 10 iterations.
Finished k-point with 11 mean iterations/band.
freqs:, 281, 0.113861, 0.113861, 0, 0.161024, 0.0980265, 0.0983333, 0.493511, 0.495526, 0.507486, 0.511699, 0.527453, 0.535794, 0.544331, 0.563709, 0.584123, 0.585715, 0.591447, 0.592412, 0.632947, 0.635569, 0.638473, 0.644431, 0.647845, 0.661979, 0.662581, 0.675416, 0.675893, 0.678953, 0.704196, 0.710048, 0.710436, 0.716958, 0.724773, 0.728568, 0.733757, 0.741086, 0.742991, 0.745666, 0.773566, 0.776634, 0.792028, 0.793807, 0.799312, 0.806736
elapsed time for k point: 7 seconds.
solve_kpoint (0.108911,0.108911,0):
Solving for bands 1 to 10...
Finished solving for bands 1 to 10 after 11 iterations.
Solving for bands 11 to 20...
Finished solving for bands 11 to 20 after 12 iterations.
Solving for bands 21 to 30...
Finished solving for bands 21 to 30 after 11 iterations.
Solving for bands 31 to 40...
Finished solving for bands 31 to 40 after 10 iterations.
Finished k-point with 11 mean iterations/band.
freqs:, 282, 0.108911, 0.108911, 0, 0.154023, 0.0938423, 0.0941112, 0.495806, 0.497287, 0.508238, 0.512456, 0.527123, 0.536604, 0.543708, 0.563616, 0.582509, 0.585809, 0.591231, 0.592154, 0.633185, 0.635089, 0.637773, 0.644683, 0.647232, 0.662322, 0.662796, 0.674972, 0.676002, 0.678722, 0.704767, 0.710287, 0.710986, 0.716504, 0.725166, 0.728609, 0.733382, 0.740497, 0.742392, 0.744891, 0.773984, 0.776796, 0.792672, 0.794582, 0.799414, 0.806676
elapsed time for k point: 7 seconds.
solve_kpoint (0.10396,0.10396,0):
Solving for bands 1 to 10...
Finished solving for bands 1 to 10 after 11 iterations.
Solving for bands 11 to 20...
Finished solving for bands 11 to 20 after 12 iterations.
Solving for bands 21 to 30...
Finished solving for bands 21 to 30 after 12 iterations.
Solving for bands 31 to 40...
Finished solving for bands 31 to 40 after 10 iterations.
Finished k-point with 11.25 mean iterations/band.
freqs:, 283, 0.10396, 0.10396, 0, 0.147022, 0.0896477, 0.0898818, 0.49809, 0.49904, 0.508981, 0.513164, 0.526818, 0.537434, 0.543096, 0.563469, 0.580881, 0.585897, 0.591002, 0.591884, 0.633383, 0.634625, 0.637083, 0.644933, 0.646675, 0.662644, 0.663004, 0.674504, 0.67611, 0.678515, 0.70535, 0.710512, 0.711473, 0.716087, 0.725542, 0.728654, 0.733081, 0.739901, 0.74181, 0.744134, 0.7744, 0.776964, 0.793325, 0.795385, 0.799539, 0.806613
elapsed time for k point: 8 seconds.
solve_kpoint (0.0990099,0.0990099,0):
Solving for bands 1 to 10...
Finished solving for bands 1 to 10 after 11 iterations.
Solving for bands 11 to 20...
Finished solving for bands 11 to 20 after 12 iterations.
Solving for bands 21 to 30...
Finished solving for bands 21 to 30 after 12 iterations.
Solving for bands 31 to 40...
Finished solving for bands 31 to 40 after 10 iterations.
Finished k-point with 11.25 mean iterations/band.
freqs:, 284, 0.0990099, 0.0990099, 0, 0.140021, 0.085443, 0.0856455, 0.500359, 0.500783, 0.509714, 0.513823, 0.526542, 0.538282, 0.542492, 0.563269, 0.579238, 0.58598, 0.590759, 0.591602, 0.633532, 0.634178, 0.63641, 0.645181, 0.646187, 0.662946, 0.663207, 0.674013, 0.676214, 0.678331, 0.705945, 0.710725, 0.711895, 0.715706, 0.725901, 0.728703, 0.732853, 0.739299, 0.741246, 0.743396, 0.774811, 0.777137, 0.793986, 0.796217, 0.799687, 0.806549
elapsed time for k point: 7 seconds.
solve_kpoint (0.0940594,0.0940594,0):
Solving for bands 1 to 10...
Finished solving for bands 1 to 10 after 11 iterations.
Solving for bands 11 to 20...
Finished solving for bands 11 to 20 after 12 iterations.
Solving for bands 21 to 30...
Finished solving for bands 21 to 30 after 12 iterations.
Solving for bands 31 to 40...
Finished solving for bands 31 to 40 after 10 iterations.
Finished k-point with 11.25 mean iterations/band.
freqs:, 285, 0.0940594, 0.0940594, 0, 0.13302, 0.0812287, 0.0814027, 0.502511, 0.502612, 0.510437, 0.514436, 0.526297, 0.539144, 0.541899, 0.563013, 0.577584, 0.586058, 0.590503, 0.591311, 0.633621, 0.633748, 0.635757, 0.645425, 0.645782, 0.663227, 0.663404, 0.673502, 0.676316, 0.678168, 0.706549, 0.710925, 0.71225, 0.71536, 0.726244, 0.728757, 0.732696, 0.738693, 0.7407, 0.74268, 0.775216, 0.777313, 0.794654, 0.797076, 0.799859, 0.806482
elapsed time for k point: 8 seconds.
solve_kpoint (0.0891089,0.0891089,0):
Solving for bands 1 to 10...
Finished solving for bands 1 to 10 after 11 iterations.
Solving for bands 11 to 20...
Finished solving for bands 11 to 20 after 12 iterations.
Solving for bands 21 to 30...
Finished solving for bands 21 to 30 after 12 iterations.
Solving for bands 31 to 40...
Finished solving for bands 31 to 40 after 10 iterations.
Finished k-point with 11.25 mean iterations/band.
freqs:, 286, 0.0891089, 0.0891089, 0, 0.126019, 0.0770055, 0.0771537, 0.504219, 0.504847, 0.511147, 0.515002, 0.526087, 0.540017, 0.541317, 0.5627, 0.57592, 0.586131, 0.590236, 0.591011, 0.633336, 0.633643, 0.635128, 0.645456, 0.645675, 0.663487, 0.663593, 0.672975, 0.676413, 0.678026, 0.707158, 0.711114, 0.712541, 0.715047, 0.726571, 0.728815, 0.732607, 0.738083, 0.740172, 0.741985, 0.775612, 0.777491, 0.795329, 0.797962, 0.800055, 0.806415
elapsed time for k point: 7 seconds.
solve_kpoint (0.0841584,0.0841584,0):
Solving for bands 1 to 10...
Finished solving for bands 1 to 10 after 11 iterations.
Solving for bands 11 to 20...
Finished solving for bands 11 to 20 after 12 iterations.
Solving for bands 21 to 30...
Finished solving for bands 21 to 30 after 12 iterations.
Solving for bands 31 to 40...
Finished solving for bands 31 to 40 after 10 iterations.
Finished k-point with 11.25 mean iterations/band.
freqs:, 287, 0.0841584, 0.0841584, 0, 0.119018, 0.0727738, 0.0728989, 0.505901, 0.507061, 0.511843, 0.515523, 0.525917, 0.540746, 0.540895, 0.562329, 0.574248, 0.586199, 0.589961, 0.590702, 0.632942, 0.633594, 0.634526, 0.64524, 0.645907, 0.663727, 0.663774, 0.672435, 0.676508, 0.677902, 0.707771, 0.711291, 0.71277, 0.714765, 0.726883, 0.728878, 0.732581, 0.737472, 0.739664, 0.741314, 0.775997, 0.77767, 0.796009, 0.798872, 0.800275, 0.806346
elapsed time for k point: 7 seconds.
solve_kpoint (0.0792079,0.0792079,0):
Solving for bands 1 to 10...
Finished solving for bands 1 to 10 after 11 iterations.
Solving for bands 11 to 20...
Finished solving for bands 11 to 20 after 12 iterations.
Solving for bands 21 to 30...
Finished solving for bands 21 to 30 after 12 iterations.
Solving for bands 31 to 40...
Finished solving for bands 31 to 40 after 11 iterations.
Finished k-point with 11.5 mean iterations/band.
freqs:, 288, 0.0792079, 0.0792079, 0, 0.112017, 0.068534, 0.0686385, 0.507547, 0.509251, 0.512525, 0.516001, 0.525795, 0.540186, 0.541775, 0.561898, 0.57257, 0.586261, 0.589679, 0.590388, 0.632568, 0.633472, 0.633953, 0.64512, 0.646136, 0.663946, 0.663948, 0.671883, 0.676598, 0.677795, 0.708384, 0.711456, 0.712941, 0.714513, 0.72718, 0.728945, 0.732612, 0.736861, 0.739175, 0.740667, 0.77637, 0.777848, 0.796693, 0.799804, 0.800519, 0.806278
elapsed time for k point: 8 seconds.
solve_kpoint (0.0742574,0.0742574,0):
Solving for bands 1 to 10...
Finished solving for bands 1 to 10 after 11 iterations.
Solving for bands 11 to 20...
Finished solving for bands 11 to 20 after 12 iterations.
Solving for bands 21 to 30...
Finished solving for bands 21 to 30 after 12 iterations.
Solving for bands 31 to 40...
Finished solving for bands 31 to 40 after 12 iterations.
Finished k-point with 11.75 mean iterations/band.
freqs:, 289, 0.0742574, 0.0742574, 0, 0.105016, 0.0642867, 0.0643731, 0.509148, 0.511415, 0.51319, 0.516437, 0.52573, 0.53964, 0.542651, 0.561407, 0.570888, 0.586319, 0.589393, 0.590069, 0.632214, 0.633282, 0.633413, 0.645094, 0.646357, 0.664146, 0.664114, 0.671324, 0.676684, 0.677703, 0.708995, 0.711609, 0.71306, 0.71429, 0.727464, 0.729016, 0.732692, 0.736251, 0.738706, 0.740045, 0.776729, 0.778023, 0.797381, 0.800755, 0.800788, 0.806209
elapsed time for k point: 8 seconds.
solve_kpoint (0.0693069,0.0693069,0):
Solving for bands 1 to 10...
Finished solving for bands 1 to 10 after 11 iterations.
Solving for bands 11 to 20...
Finished solving for bands 11 to 20 after 12 iterations.
Solving for bands 21 to 30...
Finished solving for bands 21 to 30 after 12 iterations.
Solving for bands 31 to 40...
Finished solving for bands 31 to 40 after 12 iterations.
Finished k-point with 11.75 mean iterations/band.
freqs:, 290, 0.0693069, 0.0693069, 0, 0.0980148, 0.0600324, 0.0601028, 0.510687, 0.513549, 0.513837, 0.516835, 0.525734, 0.539108, 0.543517, 0.560854, 0.569205, 0.586372, 0.589107, 0.589746, 0.631881, 0.632907, 0.633034, 0.645156, 0.64657, 0.664327, 0.66427, 0.670762, 0.676765, 0.677625, 0.7096, 0.711752, 0.713134, 0.714095, 0.727734, 0.729091, 0.732813, 0.735647, 0.738258, 0.73945, 0.777072, 0.778195, 0.79807, 0.801078, 0.801724, 0.806142
elapsed time for k point: 7 seconds.
solve_kpoint (0.0643564,0.0643564,0):
Solving for bands 1 to 10...
Finished solving for bands 1 to 10 after 11 iterations.
Solving for bands 11 to 20...
Finished solving for bands 11 to 20 after 12 iterations.
Solving for bands 21 to 30...
Finished solving for bands 21 to 30 after 12 iterations.
Solving for bands 31 to 40...
Finished solving for bands 31 to 40 after 12 iterations.
Finished k-point with 11.75 mean iterations/band.
freqs:, 291, 0.0643564, 0.0643564, 0, 0.0910137, 0.0557715, 0.0558282, 0.512147, 0.514463, 0.51565, 0.517195, 0.525824, 0.538592, 0.544366, 0.560241, 0.567525, 0.58642, 0.588823, 0.589424, 0.631568, 0.632437, 0.63274, 0.645293, 0.646772, 0.66449, 0.664418, 0.670201, 0.676841, 0.67756, 0.710194, 0.711883, 0.713169, 0.713927, 0.727992, 0.729168, 0.732965, 0.735048, 0.73783, 0.738882, 0.777397, 0.778361, 0.798759, 0.801392, 0.802704, 0.806075
elapsed time for k point: 8 seconds.
solve_kpoint (0.0594059,0.0594059,0):
Solving for bands 1 to 10...
Finished solving for bands 1 to 10 after 11 iterations.
Solving for bands 11 to 20...
Finished solving for bands 11 to 20 after 12 iterations.
Solving for bands 21 to 30...
Finished solving for bands 21 to 30 after 12 iterations.
Solving for bands 31 to 40...
Finished solving for bands 31 to 40 after 13 iterations.
Finished k-point with 12 mean iterations/band.
freqs:, 292, 0.0594059, 0.0594059, 0, 0.0840127, 0.0515046, 0.0515494, 0.513504, 0.515066, 0.51752, 0.517712, 0.526019, 0.538092, 0.545193, 0.559568, 0.56585, 0.586464, 0.588544, 0.589103, 0.631277, 0.632002, 0.632413, 0.645491, 0.646964, 0.664636, 0.664555, 0.669644, 0.676913, 0.677506, 0.71077, 0.712004, 0.713173, 0.713788, 0.728237, 0.729249, 0.733142, 0.73446, 0.737426, 0.738342, 0.777702, 0.778521, 0.799446, 0.801727, 0.803691, 0.806011
elapsed time for k point: 8 seconds.
solve_kpoint (0.0544554,0.0544554,0):
Solving for bands 1 to 10...
Finished solving for bands 1 to 10 after 11 iterations.
Solving for bands 11 to 20...
Finished solving for bands 11 to 20 after 12 iterations.
Solving for bands 21 to 30...
Finished solving for bands 21 to 30 after 12 iterations.
Solving for bands 31 to 40...
Finished solving for bands 31 to 40 after 13 iterations.
Finished k-point with 12 mean iterations/band.
freqs:, 293, 0.0544554, 0.0544554, 0, 0.0770116, 0.047232, 0.0472668, 0.514732, 0.515645, 0.517812, 0.519729, 0.526342, 0.537612, 0.54599, 0.558838, 0.564185, 0.586503, 0.588275, 0.588787, 0.631007, 0.631604, 0.632067, 0.645738, 0.647145, 0.664766, 0.664684, 0.669097, 0.676979, 0.677462, 0.711319, 0.712114, 0.713152, 0.713683, 0.728471, 0.729332, 0.733333, 0.733884, 0.737043, 0.737832, 0.777988, 0.778674, 0.80013, 0.802081, 0.804678, 0.805949
elapsed time for k point: 8 seconds.
solve_kpoint (0.049505,0.049505,0):
Solving for bands 1 to 10...
Finished solving for bands 1 to 10 after 11 iterations.
Solving for bands 11 to 20...
Finished solving for bands 11 to 20 after 12 iterations.
Solving for bands 21 to 30...
Finished solving for bands 21 to 30 after 13 iterations.
Solving for bands 31 to 40...
Finished solving for bands 31 to 40 after 14 iterations.
Finished k-point with 12.5 mean iterations/band.
freqs:, 294, 0.049505, 0.049505, 0, 0.0700106, 0.0429544, 0.0429807, 0.515804, 0.516195, 0.518072, 0.521697, 0.526813, 0.537154, 0.546751, 0.558053, 0.562536, 0.586538, 0.588018, 0.588479, 0.63076, 0.631243, 0.631714, 0.646019, 0.647313, 0.66488, 0.664801, 0.668564, 0.67704, 0.677426, 0.711823, 0.712213, 0.713114, 0.713624, 0.728692, 0.729417, 0.733325, 0.733532, 0.736685, 0.737353, 0.778252, 0.778818, 0.800807, 0.802453, 0.805657, 0.80589
elapsed time for k point: 8 seconds.
solve_kpoint (0.0445545,0.0445545,0):
Solving for bands 1 to 10...
Finished solving for bands 1 to 10 after 11 iterations.
Solving for bands 11 to 20...
Finished solving for bands 11 to 20 after 12 iterations.
Solving for bands 21 to 30...
Finished solving for bands 21 to 30 after 14 iterations.
Solving for bands 31 to 40...
Finished solving for bands 31 to 40 after 15 iterations.
Finished k-point with 13 mean iterations/band.
freqs:, 295, 0.0445545, 0.0445545, 0, 0.0630095, 0.0386721, 0.0386915, 0.516698, 0.516717, 0.518302, 0.523605, 0.527445, 0.536721, 0.547469, 0.557221, 0.560911, 0.586569, 0.587777, 0.588182, 0.630535, 0.630919, 0.631366, 0.646321, 0.647467, 0.664981, 0.664909, 0.668051, 0.677096, 0.677398, 0.712249, 0.712303, 0.713063, 0.713638, 0.728902, 0.729501, 0.732787, 0.733731, 0.736353, 0.736906, 0.778493, 0.778952, 0.801475, 0.80284, 0.805834, 0.806619
elapsed time for k point: 9 seconds.
solve_kpoint (0.039604,0.039604,0):
Solving for bands 1 to 10...
Finished solving for bands 1 to 10 after 11 iterations.
Solving for bands 11 to 20...
Finished solving for bands 11 to 20 after 12 iterations.
Solving for bands 21 to 30...
Finished solving for bands 21 to 30 after 15 iterations.
Solving for bands 31 to 40...
Finished solving for bands 31 to 40 after 15 iterations.
Finished k-point with 13.25 mean iterations/band.
freqs:, 296, 0.039604, 0.039604, 0, 0.0560085, 0.0343857, 0.0343995, 0.517195, 0.517422, 0.518504, 0.525444, 0.528233, 0.536315, 0.548137, 0.556349, 0.559317, 0.586597, 0.587554, 0.587901, 0.630333, 0.630632, 0.631032, 0.646631, 0.647608, 0.665068, 0.665006, 0.667564, 0.677145, 0.677377, 0.712382, 0.712545, 0.713005, 0.713769, 0.729099, 0.729585, 0.732276, 0.733925, 0.736046, 0.736494, 0.77871, 0.779075, 0.80213, 0.803237, 0.805783, 0.807553
elapsed time for k point: 8 seconds.
solve_kpoint (0.0346535,0.0346535,0):
Solving for bands 1 to 10...
Finished solving for bands 1 to 10 after 11 iterations.
Solving for bands 11 to 20...
Finished solving for bands 11 to 20 after 12 iterations.
Solving for bands 21 to 30...
Finished solving for bands 21 to 30 after 17 iterations.
Solving for bands 31 to 40...
Finished solving for bands 31 to 40 after 15 iterations.
Finished k-point with 13.75 mean iterations/band.
freqs:, 297, 0.0346535, 0.0346535, 0, 0.0490074, 0.0300956, 0.030105, 0.517638, 0.517975, 0.518679, 0.5272, 0.529151, 0.535942, 0.548747, 0.555449, 0.55777, 0.58662, 0.587351, 0.58764, 0.630154, 0.63038, 0.63072, 0.646939, 0.647734, 0.665142, 0.665092, 0.66711, 0.677188, 0.677361, 0.712452, 0.712694, 0.712944, 0.714028, 0.729282, 0.729666, 0.731797, 0.734108, 0.735768, 0.736117, 0.778903, 0.779186, 0.802766, 0.803638, 0.805737, 0.808444
elapsed time for k point: 10 seconds.
solve_kpoint (0.029703,0.029703,0):
Solving for bands 1 to 10...
Finished solving for bands 1 to 10 after 11 iterations.
Solving for bands 11 to 20...
Finished solving for bands 11 to 20 after 12 iterations.
Solving for bands 21 to 30...
Finished solving for bands 21 to 30 after 17 iterations.
Solving for bands 31 to 40...
Finished solving for bands 31 to 40 after 16 iterations.
Finished k-point with 14 mean iterations/band.
freqs:, 298, 0.029703, 0.029703, 0, 0.0420063, 0.0258022, 0.0258084, 0.518036, 0.518386, 0.518828, 0.528854, 0.530157, 0.535604, 0.549292, 0.554539, 0.556285, 0.58664, 0.587172, 0.587401, 0.629997, 0.630165, 0.630438, 0.647233, 0.647845, 0.665205, 0.665166, 0.666695, 0.677224, 0.67735, 0.712512, 0.712745, 0.712885, 0.714358, 0.729451, 0.729744, 0.731358, 0.734275, 0.73552, 0.735779, 0.779071, 0.779285, 0.803375, 0.804038, 0.805695, 0.809278
elapsed time for k point: 9 seconds.
solve_kpoint (0.0247525,0.0247525,0):
Solving for bands 1 to 10...
Finished solving for bands 1 to 10 after 11 iterations.
Solving for bands 11 to 20...
Finished solving for bands 11 to 20 after 12 iterations.
Solving for bands 21 to 30...
Finished solving for bands 21 to 30 after 17 iterations.
Solving for bands 31 to 40...
Finished solving for bands 31 to 40 after 17 iterations.
Finished k-point with 14.25 mean iterations/band.
freqs:, 299, 0.0247525, 0.0247525, 0, 0.0350053, 0.0215061, 0.0215098, 0.518384, 0.518683, 0.518953, 0.530382, 0.531199, 0.535308, 0.549767, 0.553642, 0.554889, 0.586657, 0.587017, 0.587191, 0.629864, 0.629985, 0.63019, 0.647503, 0.647941, 0.665257, 0.66523, 0.666327, 0.677252, 0.677346, 0.712562, 0.712752, 0.71283, 0.714696, 0.729602, 0.729815, 0.730965, 0.734422, 0.735304, 0.735483, 0.779212, 0.77937, 0.803949, 0.804425, 0.805659, 0.810036
elapsed time for k point: 9 seconds.
solve_kpoint (0.019802,0.019802,0):
Solving for bands 1 to 10...
Finished solving for bands 1 to 10 after 11 iterations.
Solving for bands 11 to 20...
Finished solving for bands 11 to 20 after 12 iterations.
Solving for bands 21 to 30...
Finished solving for bands 21 to 30 after 19 iterations.
Solving for bands 31 to 40...
Finished solving for bands 31 to 40 after 17 iterations.
Finished k-point with 14.75 mean iterations/band.
freqs:, 300, 0.019802, 0.019802, 0, 0.0280042, 0.0172076, 0.0172097, 0.518679, 0.518893, 0.519054, 0.531748, 0.532216, 0.535056, 0.550165, 0.552792, 0.553616, 0.58667, 0.586888, 0.587013, 0.629753, 0.62984, 0.629982, 0.647738, 0.648021, 0.665298, 0.665282, 0.666013, 0.67727, 0.677347, 0.712602, 0.712742, 0.712782, 0.715004, 0.729734, 0.729878, 0.730627, 0.734547, 0.735122, 0.735232, 0.779328, 0.779442, 0.804472, 0.804786, 0.805629, 0.810698
elapsed time for k point: 10 seconds.
solve_kpoint (0.0148515,0.0148515,0):
Solving for bands 1 to 10...
Finished solving for bands 1 to 10 after 11 iterations.
Solving for bands 11 to 20...
Finished solving for bands 11 to 20 after 12 iterations.
Solving for bands 21 to 30...
Finished solving for bands 21 to 30 after 21 iterations.
Solving for bands 31 to 40...
Finished solving for bands 31 to 40 after 17 iterations.
Finished k-point with 15.25 mean iterations/band.
freqs:, 301, 0.0148515, 0.0148515, 0, 0.0210032, 0.0129074, 0.0129084, 0.518914, 0.519036, 0.519133, 0.53291, 0.533137, 0.534855, 0.55048, 0.552033, 0.552514, 0.58668, 0.586787, 0.58687, 0.629663, 0.629731, 0.629817, 0.647927, 0.64809, 0.66533, 0.665322, 0.66576, 0.67728, 0.677353, 0.712631, 0.712729, 0.712744, 0.715262, 0.729842, 0.72993, 0.730354, 0.734646, 0.734978, 0.735031, 0.779416, 0.7795, 0.804925, 0.805105, 0.805606, 0.811243
elapsed time for k point: 10 seconds.
solve_kpoint (0.00990099,0.00990099,0):
Solving for bands 1 to 10...
Finished solving for bands 1 to 10 after 12 iterations.
Solving for bands 11 to 20...
Finished solving for bands 11 to 20 after 13 iterations.
Solving for bands 21 to 30...
Finished solving for bands 21 to 30 after 22 iterations.
Solving for bands 31 to 40...
Finished solving for bands 31 to 40 after 18 iterations.
Finished k-point with 16.25 mean iterations/band.
freqs:, 302, 0.00990099, 0.00990099, 0, 0.0140021, 0.00860569, 0.00860615, 0.519083, 0.519128, 0.51919, 0.533808, 0.533886, 0.534708, 0.550709, 0.551422, 0.551646, 0.586686, 0.586714, 0.586767, 0.629597, 0.629656, 0.629697, 0.648053, 0.648153, 0.665352, 0.665349, 0.665574, 0.677284, 0.677361, 0.712649, 0.712717, 0.71272, 0.715456, 0.729922, 0.72997, 0.730151, 0.734717, 0.734874, 0.734883, 0.779478, 0.779544, 0.805282, 0.805358, 0.805589, 0.81165
elapsed time for k point: 11 seconds.
solve_kpoint (0.0049505,0.0049505,0):
Solving for bands 1 to 10...
Finished solving for bands 1 to 10 after 14 iterations.
Solving for bands 11 to 20...
Finished solving for bands 11 to 20 after 13 iterations.
Solving for bands 21 to 30...
Finished solving for bands 21 to 30 after 22 iterations.
Solving for bands 31 to 40...
Finished solving for bands 31 to 40 after 18 iterations.
Finished k-point with 16.75 mean iterations/band.
freqs:, 303, 0.0049505, 0.0049505, 0, 0.00700106, 0.00430309, 0.00430325, 0.51917, 0.519195, 0.519226, 0.53438, 0.534382, 0.53462, 0.550847, 0.551019, 0.551084, 0.586664, 0.586692, 0.586707, 0.629555, 0.629613, 0.629624, 0.64811, 0.648213, 0.665366, 0.665363, 0.665463, 0.677286, 0.677366, 0.712655, 0.712708, 0.712711, 0.715576, 0.729972, 0.729994, 0.730027, 0.734756, 0.734792, 0.734816, 0.779513, 0.779572, 0.805514, 0.80552, 0.805583, 0.811903
elapsed time for k point: 10 seconds.
solve_kpoint (0,0,0):
Solving for bands 3 to 12...
Finished solving for bands 3 to 12 after 15 iterations.
Solving for bands 13 to 22...
Finished solving for bands 13 to 22 after 14 iterations.
Solving for bands 23 to 32...
Finished solving for bands 23 to 32 after 23 iterations.
Solving for bands 33 to 40...
Finished solving for bands 33 to 40 after 22 iterations.
Finished k-point with 17.4 mean iterations/band.
freqs:, 304, 0, 0, 0, 0, 0, 0, 0.519189, 0.519225, 0.51924, 0.534554, 0.534557, 0.534614, 0.550877, 0.550879, 0.550903, 0.58665, 0.586682, 0.586698, 0.629541, 0.629599, 0.6296, 0.648126, 0.648238, 0.665356, 0.665378, 0.665428, 0.677287, 0.677368, 0.712655, 0.712706, 0.712709, 0.715616, 0.729971, 0.730002, 0.730004, 0.734766, 0.734761, 0.734799, 0.779524, 0.779581, 0.805561, 0.805592, 0.805597, 0.81199
elapsed time for k point: 12 seconds.
solve_kpoint (0.0049505,0.0049505,0.0049505):
Solving for bands 1 to 10...
    iteration   30: trace = 2.272843926432904 (0.000448279% change)
    iteration   60: trace = 2.272798376810511 (9.40388e-05% change)
    iteration   90: trace = 2.272494370072937 (6.87375e-05% change)
Finished solving for bands 1 to 10 after 92 iterations.
Solving for bands 11 to 20...
Finished solving for bands 11 to 20 after 18 iterations.
Solving for bands 21 to 30...
Finished solving for bands 21 to 30 after 24 iterations.
Solving for bands 31 to 40...
Finished solving for bands 31 to 40 after 23 iterations.
Finished k-point with 39.25 mean iterations/band.
freqs:, 305, 0.0049505, 0.0049505, 0.0049505, 0.00857451, 0.00527009, 0.00527026, 0.519156, 0.519191, 0.519213, 0.534176, 0.534499, 0.534539, 0.550904, 0.550921, 0.551268, 0.58667, 0.586702, 0.586709, 0.629568, 0.629624, 0.629627, 0.648096, 0.648208, 0.665335, 0.665415, 0.665456, 0.677285, 0.677366, 0.712656, 0.712705, 0.712716, 0.715556, 0.72996, 0.730053, 0.729988, 0.734749, 0.7348, 0.734833, 0.779508, 0.779566, 0.805476, 0.8055, 0.805575, 0.811931
elapsed time for k point: 24 seconds.
solve_kpoint (0.00990099,0.00990099,0.00990099):
Solving for bands 1 to 10...
Finished solving for bands 1 to 10 after 12 iterations.
Solving for bands 11 to 20...
Finished solving for bands 11 to 20 after 16 iterations.
Solving for bands 21 to 30...
    iteration   25: trace = 4.904954626485114 (1.15975e-05% change)
    iteration   50: trace = 4.904548587015771 (0.000173755% change)
Finished solving for bands 21 to 30 after 66 iterations.
Solving for bands 31 to 40...
    iteration   24: trace = 5.972774039358157 (0.000900087% change)
Finished solving for bands 31 to 40 after 33 iterations.
Finished k-point with 31.75 mean iterations/band.
freqs:, 306, 0.00990099, 0.00990099, 0.00990099, 0.017149, 0.0105395, 0.0105398, 0.519057, 0.51909, 0.519132, 0.533088, 0.534327, 0.534364, 0.550978, 0.550996, 0.552322, 0.586692, 0.58676, 0.586783, 0.629644, 0.629699, 0.629712, 0.648009, 0.64812, 0.66527, 0.665521, 0.66554, 0.677279, 0.677361, 0.712642, 0.712714, 0.712739, 0.715378, 0.729902, 0.729922, 0.730254, 0.7347, 0.734907, 0.734938, 0.77946, 0.779519, 0.805204, 0.805228, 0.805554, 0.811471
elapsed time for k point: 21 seconds.
solve_kpoint (0.0148515,0.0148515,0.0148515):
Solving for bands 1 to 10...
Finished solving for bands 1 to 10 after 11 iterations.
Solving for bands 11 to 20...
    iteration   26: trace = 3.811818858545188 (1.94293e-05% change)
Finished solving for bands 11 to 20 after 27 iterations.
Solving for bands 21 to 30...
Finished solving for bands 21 to 30 after 22 iterations.
Solving for bands 31 to 40...
Finished solving for bands 31 to 40 after 18 iterations.
Finished k-point with 19.5 mean iterations/band.
freqs:, 307, 0.0148515, 0.0148515, 0.0148515, 0.0257235, 0.0158073, 0.0158078, 0.51889, 0.518921, 0.519002, 0.5315, 0.534042, 0.534077, 0.5511, 0.551119, 0.553852, 0.586701, 0.58688, 0.586905, 0.629764, 0.629829, 0.629852, 0.647869, 0.647981, 0.665093, 0.665697, 0.665739, 0.677271, 0.677352, 0.712598, 0.712745, 0.712776, 0.715098, 0.729801, 0.729823, 0.730573, 0.734614, 0.735086, 0.735115, 0.779382, 0.779439, 0.804799, 0.804823, 0.80552, 0.810867
elapsed time for k point: 12 seconds.
solve_kpoint (0.019802,0.019802,0.019802):
Solving for bands 1 to 10...
Finished solving for bands 1 to 10 after 11 iterations.
Solving for bands 11 to 20...
Finished solving for bands 11 to 20 after 13 iterations.
Solving for bands 21 to 30...
Finished solving for bands 21 to 30 after 22 iterations.
Solving for bands 31 to 40...
Finished solving for bands 31 to 40 after 17 iterations.
Finished k-point with 15.75 mean iterations/band.
freqs:, 308, 0.019802, 0.019802, 0.019802, 0.034298, 0.0210729, 0.0210735, 0.518657, 0.518686, 0.518822, 0.529587, 0.533651, 0.533683, 0.551268, 0.551289, 0.555683, 0.586709, 0.587046, 0.587071, 0.629924, 0.630016, 0.630045, 0.647685, 0.647796, 0.66488, 0.665932, 0.665973, 0.67726, 0.677341, 0.71252, 0.712795, 0.712827, 0.714737, 0.72967, 0.729691, 0.730998, 0.734495, 0.735327, 0.735356, 0.779271, 0.779329, 0.804309, 0.804333, 0.805474, 0.810074
elapsed time for k point: 10 seconds.
solve_kpoint (0.0247525,0.0247525,0.0247525):
Solving for bands 1 to 10...
Finished solving for bands 1 to 10 after 11 iterations.
Solving for bands 11 to 20...
Finished solving for bands 11 to 20 after 13 iterations.
Solving for bands 21 to 30...
Finished solving for bands 21 to 30 after 19 iterations.
Solving for bands 31 to 40...
Finished solving for bands 31 to 40 after 17 iterations.
Finished k-point with 15 mean iterations/band.
freqs:, 309, 0.0247525, 0.0247525, 0.0247525, 0.0428725, 0.0263354, 0.0263362, 0.518358, 0.518387, 0.518593, 0.527467, 0.533158, 0.533188, 0.551479, 0.551503, 0.557698, 0.586718, 0.58725, 0.587276, 0.630124, 0.630258, 0.63029, 0.647466, 0.647576, 0.664605, 0.66622, 0.666261, 0.677247, 0.677328, 0.712396, 0.712858, 0.712891, 0.714328, 0.729512, 0.729533, 0.731515, 0.734345, 0.735625, 0.735655, 0.779129, 0.779186, 0.803769, 0.803794, 0.805414, 0.809131
elapsed time for k point: 10 seconds.
solve_kpoint (0.029703,0.029703,0.029703):
Solving for bands 1 to 10...
Finished solving for bands 1 to 10 after 11 iterations.
Solving for bands 11 to 20...
Finished solving for bands 11 to 20 after 13 iterations.
Solving for bands 21 to 30...
Finished solving for bands 21 to 30 after 18 iterations.
Solving for bands 31 to 40...
Finished solving for bands 31 to 40 after 16 iterations.
Finished k-point with 14.5 mean iterations/band.
freqs:, 310, 0.029703, 0.029703, 0.029703, 0.0514471, 0.0315942, 0.0315952, 0.517996, 0.518025, 0.518316, 0.525211, 0.532572, 0.532598, 0.551731, 0.551758, 0.559826, 0.586728, 0.587487, 0.587512, 0.630364, 0.630548, 0.630581, 0.647222, 0.647331, 0.664266, 0.666552, 0.666593, 0.677234, 0.677315, 0.712195, 0.712935, 0.712968, 0.713916, 0.729332, 0.729353, 0.732107, 0.734167, 0.735978, 0.736008, 0.778955, 0.779012, 0.803207, 0.803233, 0.80534, 0.808075
elapsed time for k point: 10 seconds.
solve_kpoint (0.0346535,0.0346535,0.0346535):
Solving for bands 1 to 10...
Finished solving for bands 1 to 10 after 11 iterations.
Solving for bands 11 to 20...
Finished solving for bands 11 to 20 after 12 iterations.
Solving for bands 21 to 30...
Finished solving for bands 21 to 30 after 17 iterations.
Solving for bands 31 to 40...
Finished solving for bands 31 to 40 after 15 iterations.
Finished k-point with 13.75 mean iterations/band.
freqs:, 311, 0.0346535, 0.0346535, 0.0346535, 0.0600216, 0.0368484, 0.0368495, 0.517572, 0.517601, 0.517992, 0.522863, 0.531902, 0.531925, 0.552021, 0.55205, 0.562022, 0.586737, 0.587749, 0.587775, 0.630645, 0.630881, 0.630915, 0.646965, 0.647073, 0.663861, 0.66692, 0.666961, 0.677221, 0.677303, 0.711879, 0.713024, 0.713057, 0.713556, 0.729134, 0.729154, 0.73276, 0.733965, 0.736381, 0.736411, 0.778751, 0.778807, 0.80264, 0.802667, 0.805252, 0.806939
elapsed time for k point: 9 seconds.
solve_kpoint (0.039604,0.039604,0.039604):
Solving for bands 1 to 10...
Finished solving for bands 1 to 10 after 11 iterations.
Solving for bands 11 to 20...
Finished solving for bands 11 to 20 after 12 iterations.
Solving for bands 21 to 30...
Finished solving for bands 21 to 30 after 15 iterations.
Solving for bands 31 to 40...
Finished solving for bands 31 to 40 after 15 iterations.
Finished k-point with 13.25 mean iterations/band.
freqs:, 312, 0.039604, 0.039604, 0.039604, 0.0685961, 0.0420973, 0.0420986, 0.517087, 0.517116, 0.517622, 0.520449, 0.531157, 0.531177, 0.552344, 0.552375, 0.564262, 0.586746, 0.588031, 0.588056, 0.630965, 0.631249, 0.631284, 0.64671, 0.646817, 0.663389, 0.667314, 0.667356, 0.677212, 0.677293, 0.711424, 0.713122, 0.713156, 0.713283, 0.72892, 0.72894, 0.733463, 0.73374, 0.736832, 0.736863, 0.778515, 0.778572, 0.802082, 0.802109, 0.805149, 0.80575
elapsed time for k point: 8 seconds.
solve_kpoint (0.0445545,0.0445545,0.0445545):
Solving for bands 1 to 10...
Finished solving for bands 1 to 10 after 11 iterations.
Solving for bands 11 to 20...
Finished solving for bands 11 to 20 after 12 iterations.
Solving for bands 21 to 30...
Finished solving for bands 21 to 30 after 14 iterations.
Solving for bands 31 to 40...
Finished solving for bands 31 to 40 after 14 iterations.
Finished k-point with 12.75 mean iterations/band.
freqs:, 313, 0.0445545, 0.0445545, 0.0445545, 0.0771706, 0.0473401, 0.0473416, 0.516543, 0.516573, 0.517209, 0.517987, 0.530348, 0.530365, 0.552695, 0.552729, 0.566526, 0.586753, 0.588325, 0.58835, 0.631324, 0.631645, 0.63168, 0.64647, 0.646575, 0.662848, 0.667726, 0.667767, 0.677208, 0.677289, 0.710849, 0.713084, 0.713236, 0.713265, 0.728693, 0.728712, 0.733499, 0.734206, 0.737329, 0.73736, 0.778251, 0.778306, 0.801541, 0.801569, 0.804529, 0.805032
elapsed time for k point: 9 seconds.
solve_kpoint (0.049505,0.049505,0.049505):
Solving for bands 1 to 10...
Finished solving for bands 1 to 10 after 11 iterations.
Solving for bands 11 to 20...
Finished solving for bands 11 to 20 after 11 iterations.
Solving for bands 21 to 30...
Finished solving for bands 21 to 30 after 13 iterations.
Solving for bands 31 to 40...
Finished solving for bands 31 to 40 after 13 iterations.
Finished k-point with 12 mean iterations/band.
freqs:, 314, 0.049505, 0.049505, 0.049505, 0.0857451, 0.052576, 0.0525777, 0.515487, 0.515941, 0.515971, 0.516754, 0.529485, 0.5295, 0.553071, 0.553107, 0.568803, 0.586757, 0.588626, 0.58865, 0.63172, 0.632057, 0.632093, 0.646261, 0.646365, 0.662238, 0.668145, 0.668186, 0.677213, 0.677293, 0.710191, 0.712941, 0.713352, 0.713382, 0.728453, 0.728472, 0.733244, 0.734981, 0.737871, 0.737902, 0.777957, 0.778013, 0.801026, 0.801055, 0.803293, 0.8049
elapsed time for k point: 8 seconds.
solve_kpoint (0.0544554,0.0544554,0.0544554):
Solving for bands 1 to 10...
Finished solving for bands 1 to 10 after 11 iterations.
Solving for bands 11 to 20...
Finished solving for bands 11 to 20 after 11 iterations.
Solving for bands 21 to 30...
Finished solving for bands 21 to 30 after 12 iterations.
Solving for bands 31 to 40...
Finished solving for bands 31 to 40 after 13 iterations.
Finished k-point with 11.75 mean iterations/band.
freqs:, 315, 0.0544554, 0.0544554, 0.0544554, 0.0943196, 0.0578042, 0.0578061, 0.51296, 0.51528, 0.51531, 0.516259, 0.52858, 0.528594, 0.553467, 0.553505, 0.571086, 0.586757, 0.588927, 0.588951, 0.632152, 0.632474, 0.63251, 0.646098, 0.646201, 0.661554, 0.668563, 0.668604, 0.677229, 0.67731, 0.709481, 0.712825, 0.713477, 0.713506, 0.728202, 0.728221, 0.732981, 0.735782, 0.738457, 0.738489, 0.777637, 0.777692, 0.80054, 0.80057, 0.802056, 0.804752
elapsed time for k point: 7 seconds.
solve_kpoint (0.0594059,0.0594059,0.0594059):
Solving for bands 1 to 10...
Finished solving for bands 1 to 10 after 11 iterations.
Solving for bands 11 to 20...
Finished solving for bands 11 to 20 after 11 iterations.
Solving for bands 21 to 30...
Finished solving for bands 21 to 30 after 12 iterations.
Solving for bands 31 to 40...
Finished solving for bands 31 to 40 after 13 iterations.
Finished k-point with 11.75 mean iterations/band.
freqs:, 316, 0.0594059, 0.0594059, 0.0594059, 0.102894, 0.063024, 0.063026, 0.510409, 0.514562, 0.514592, 0.515726, 0.527644, 0.527657, 0.553878, 0.553917, 0.573368, 0.586753, 0.589224, 0.589248, 0.632618, 0.632881, 0.632918, 0.646, 0.6461, 0.660797, 0.66897, 0.669012, 0.677262, 0.677343, 0.708737, 0.712722, 0.713607, 0.713636, 0.72794, 0.727958, 0.732714, 0.736603, 0.739086, 0.739119, 0.777291, 0.777345, 0.800088, 0.800119, 0.80083, 0.804588
elapsed time for k point: 8 seconds.
solve_kpoint (0.0643564,0.0643564,0.0643564):
Solving for bands 1 to 10...
Finished solving for bands 1 to 10 after 11 iterations.
Solving for bands 11 to 20...
Finished solving for bands 11 to 20 after 10 iterations.
Solving for bands 21 to 30...
Finished solving for bands 21 to 30 after 12 iterations.
Solving for bands 31 to 40...
Finished solving for bands 31 to 40 after 12 iterations.
Finished k-point with 11.25 mean iterations/band.
freqs:, 317, 0.0643564, 0.0643564, 0.0643564, 0.111469, 0.0682345, 0.0682367, 0.50784, 0.513786, 0.513816, 0.515158, 0.526688, 0.526701, 0.554299, 0.554339, 0.575645, 0.586743, 0.589513, 0.589537, 0.633115, 0.633263, 0.633301, 0.645984, 0.646081, 0.659965, 0.669359, 0.669401, 0.677317, 0.677397, 0.707973, 0.712627, 0.713742, 0.71377, 0.727666, 0.727685, 0.732449, 0.73744, 0.739759, 0.739792, 0.776922, 0.776976, 0.799618, 0.799674, 0.799707, 0.804408
elapsed time for k point: 7 seconds.
solve_kpoint (0.0693069,0.0693069,0.0693069):
Solving for bands 1 to 10...
Finished solving for bands 1 to 10 after 11 iterations.
Solving for bands 11 to 20...
Finished solving for bands 11 to 20 after 10 iterations.
Solving for bands 21 to 30...
Finished solving for bands 21 to 30 after 12 iterations.
Solving for bands 31 to 40...
Finished solving for bands 31 to 40 after 12 iterations.
Finished k-point with 11.25 mean iterations/band.
freqs:, 318, 0.0693069, 0.0693069, 0.0693069, 0.120043, 0.073435, 0.0734373, 0.505256, 0.512952, 0.512983, 0.514556, 0.525721, 0.525734, 0.554725, 0.554766, 0.577914, 0.586726, 0.589791, 0.589814, 0.633593, 0.633641, 0.633656, 0.646066, 0.64616, 0.659055, 0.669721, 0.669762, 0.677398, 0.677478, 0.707196, 0.712535, 0.713879, 0.713907, 0.727382, 0.7274, 0.732191, 0.73829, 0.740474, 0.740508, 0.776533, 0.776586, 0.798435, 0.799298, 0.799331, 0.80421
elapsed time for k point: 8 seconds.
solve_kpoint (0.0742574,0.0742574,0.0742574):
Solving for bands 1 to 10...
Finished solving for bands 1 to 10 after 11 iterations.
Solving for bands 11 to 20...
Finished solving for bands 11 to 20 after 10 iterations.
Solving for bands 21 to 30...
Finished solving for bands 21 to 30 after 11 iterations.
Solving for bands 31 to 40...
Finished solving for bands 31 to 40 after 11 iterations.
Finished k-point with 10.75 mean iterations/band.
freqs:, 319, 0.0742574, 0.0742574, 0.0742574, 0.128618, 0.0786244, 0.0786269, 0.502659, 0.51206, 0.512091, 0.513923, 0.524755, 0.524768, 0.555152, 0.555193, 0.580171, 0.5867, 0.590055, 0.590079, 0.633882, 0.633929, 0.634206, 0.64626, 0.64635, 0.658067, 0.670047, 0.670088, 0.677512, 0.677591, 0.706414, 0.712445, 0.714019, 0.714046, 0.727087, 0.727105, 0.731945, 0.739151, 0.741232, 0.741266, 0.776126, 0.776178, 0.797278, 0.798964, 0.798998, 0.803996
elapsed time for k point: 7 seconds.
solve_kpoint (0.0792079,0.0792079,0.0792079):
Solving for bands 1 to 10...
Finished solving for bands 1 to 10 after 10 iterations.
Solving for bands 11 to 20...
Finished solving for bands 11 to 20 after 10 iterations.
Solving for bands 21 to 30...
Finished solving for bands 21 to 30 after 11 iterations.
Solving for bands 31 to 40...
Finished solving for bands 31 to 40 after 11 iterations.
Finished k-point with 10.5 mean iterations/band.
freqs:, 320, 0.0792079, 0.0792079, 0.0792079, 0.137192, 0.0838022, 0.0838048, 0.500052, 0.511112, 0.511143, 0.513262, 0.523797, 0.523811, 0.555573, 0.555615, 0.582415, 0.586665, 0.590306, 0.59033, 0.6341, 0.63415, 0.63479, 0.646575, 0.646661, 0.656999, 0.67033, 0.670372, 0.677663, 0.677741, 0.705629, 0.712354, 0.714159, 0.714185, 0.726781, 0.726798, 0.731716, 0.74002, 0.742031, 0.742066, 0.775705, 0.775756, 0.796152, 0.798672, 0.798707, 0.803763
elapsed time for k point: 7 seconds.
solve_kpoint (0.0841584,0.0841584,0.0841584):
Solving for bands 1 to 10...
Finished solving for bands 1 to 10 after 10 iterations.
Solving for bands 11 to 20...
Finished solving for bands 11 to 20 after 10 iterations.
Solving for bands 21 to 30...
Finished solving for bands 21 to 30 after 11 iterations.
Solving for bands 31 to 40...
Finished solving for bands 31 to 40 after 11 iterations.
Finished k-point with 10.5 mean iterations/band.
freqs:, 321, 0.0841584, 0.0841584, 0.0841584, 0.145767, 0.0889672, 0.08897, 0.497436, 0.510107, 0.510138, 0.512574, 0.522855, 0.52287, 0.555986, 0.556028, 0.584643, 0.58662, 0.590543, 0.590567, 0.634246, 0.634299, 0.635399, 0.647015, 0.647097, 0.655852, 0.670565, 0.670608, 0.677856, 0.677932, 0.704848, 0.712264, 0.714297, 0.714323, 0.726464, 0.726482, 0.731509, 0.740895, 0.74287, 0.742906, 0.775272, 0.775324, 0.795061, 0.798424, 0.798459, 0.803513
elapsed time for k point: 7 seconds.
solve_kpoint (0.0891089,0.0891089,0.0891089):
Solving for bands 1 to 10...
Finished solving for bands 1 to 10 after 10 iterations.
Solving for bands 11 to 20...
Finished solving for bands 11 to 20 after 11 iterations.
Solving for bands 21 to 30...
Finished solving for bands 21 to 30 after 11 iterations.
Solving for bands 31 to 40...
Finished solving for bands 31 to 40 after 10 iterations.
Finished k-point with 10.5 mean iterations/band.
freqs:, 322, 0.0891089, 0.0891089, 0.0891089, 0.154341, 0.0941188, 0.0941217, 0.494813, 0.509048, 0.509078, 0.511862, 0.521935, 0.52195, 0.556384, 0.556426, 0.586564, 0.586855, 0.590766, 0.59079, 0.634321, 0.634377, 0.63603, 0.647576, 0.647653, 0.654623, 0.670749, 0.670792, 0.678092, 0.678168, 0.704071, 0.712173, 0.714434, 0.714459, 0.726138, 0.726155, 0.73133, 0.741775, 0.74375, 0.743785, 0.774832, 0.774883, 0.794005, 0.79822, 0.798256, 0.803244
elapsed time for k point: 7 seconds.
solve_kpoint (0.0940594,0.0940594,0.0940594):
Solving for bands 1 to 10...
Finished solving for bands 1 to 10 after 10 iterations.
Solving for bands 11 to 20...
Finished solving for bands 11 to 20 after 11 iterations.
Solving for bands 21 to 30...
Finished solving for bands 21 to 30 after 11 iterations.
Solving for bands 31 to 40...
Finished solving for bands 31 to 40 after 10 iterations.
Finished k-point with 10.5 mean iterations/band.
freqs:, 323, 0.0940594, 0.0940594, 0.0940594, 0.162916, 0.0992559, 0.099259, 0.492185, 0.507938, 0.507967, 0.511129, 0.521042, 0.521058, 0.556764, 0.556805, 0.586494, 0.589048, 0.590977, 0.591002, 0.63433, 0.63439, 0.636681, 0.64825, 0.648322, 0.653315, 0.67088, 0.670924, 0.678373, 0.678447, 0.703304, 0.712081, 0.714566, 0.71459, 0.725802, 0.725819, 0.731182, 0.742658, 0.744667, 0.744703, 0.774389, 0.774439, 0.792985, 0.79806, 0.798097, 0.802956
elapsed time for k point: 7 seconds.
solve_kpoint (0.0990099,0.0990099,0.0990099):
Solving for bands 1 to 10...
Finished solving for bands 1 to 10 after 10 iterations.
Solving for bands 11 to 20...
Finished solving for bands 11 to 20 after 11 iterations.
Solving for bands 21 to 30...
Finished solving for bands 21 to 30 after 10 iterations.
Solving for bands 31 to 40...
Finished solving for bands 31 to 40 after 10 iterations.
Finished k-point with 10.25 mean iterations/band.
freqs:, 324, 0.0990099, 0.0990099, 0.0990099, 0.17149, 0.104378, 0.104381, 0.489552, 0.506779, 0.506807, 0.510376, 0.520178, 0.520195, 0.557119, 0.55716, 0.586411, 0.591177, 0.591204, 0.591222, 0.634282, 0.634345, 0.637351, 0.649023, 0.649091, 0.651927, 0.670961, 0.671006, 0.678696, 0.678769, 0.702548, 0.711989, 0.714692, 0.714716, 0.725457, 0.725474, 0.73107, 0.743543, 0.74562, 0.745656, 0.773946, 0.773996, 0.792001, 0.797945, 0.797982, 0.802648
elapsed time for k point: 6 seconds.
solve_kpoint (0.10396,0.10396,0.10396):
Solving for bands 1 to 10...
Finished solving for bands 1 to 10 after 10 iterations.
Solving for bands 11 to 20...
Finished solving for bands 11 to 20 after 11 iterations.
Solving for bands 21 to 30...
Finished solving for bands 21 to 30 after 10 iterations.
Solving for bands 31 to 40...
Finished solving for bands 31 to 40 after 10 iterations.
Finished k-point with 10.25 mean iterations/band.
freqs:, 325, 0.10396, 0.10396, 0.10396, 0.180065, 0.109483, 0.109487, 0.486916, 0.505575, 0.505603, 0.509606, 0.519347, 0.519364, 0.557446, 0.557486, 0.586313, 0.591372, 0.591399, 0.593374, 0.634186, 0.634252, 0.638035, 0.649881, 0.649945, 0.650461, 0.670994, 0.67104, 0.679058, 0.679129, 0.701806, 0.711897, 0.714811, 0.714834, 0.725106, 0.725123, 0.730998, 0.744429, 0.746606, 0.746643, 0.773506, 0.773556, 0.791053, 0.797875, 0.797913, 0.802322
elapsed time for k point: 7 seconds.
solve_kpoint (0.108911,0.108911,0.108911):
Solving for bands 1 to 10...
Finished solving for bands 1 to 10 after 10 iterations.
Solving for bands 11 to 20...
Finished solving for bands 11 to 20 after 12 iterations.
Solving for bands 21 to 30...
Finished solving for bands 21 to 30 after 10 iterations.
Solving for bands 31 to 40...
Finished solving for bands 31 to 40 after 10 iterations.
Finished k-point with 10.5 mean iterations/band.
freqs:, 326, 0.108911, 0.108911, 0.108911, 0.188639, 0.114572, 0.114575, 0.484278, 0.504333, 0.50436, 0.508821, 0.518549, 0.518567, 0.557741, 0.55778, 0.586199, 0.591562, 0.59159, 0.595505, 0.634053, 0.634121, 0.638733, 0.648917, 0.65081, 0.650871, 0.670985, 0.671032, 0.679455, 0.679525, 0.701079, 0.711805, 0.71492, 0.714943, 0.72475, 0.724767, 0.730968, 0.745315, 0.747625, 0.747661, 0.773074, 0.773123, 0.790141, 0.797851, 0.79789, 0.801975
elapsed time for k point: 7 seconds.
solve_kpoint (0.113861,0.113861,0.113861):
Solving for bands 1 to 10...
Finished solving for bands 1 to 10 after 10 iterations.
Solving for bands 11 to 20...
Finished solving for bands 11 to 20 after 12 iterations.
Solving for bands 21 to 30...
Finished solving for bands 21 to 30 after 10 iterations.
Solving for bands 31 to 40...
Finished solving for bands 31 to 40 after 10 iterations.
Finished k-point with 10.5 mean iterations/band.
freqs:, 327, 0.113861, 0.113861, 0.113861, 0.197214, 0.119642, 0.119646, 0.481639, 0.503057, 0.503083, 0.508024, 0.517783, 0.517802, 0.557998, 0.558036, 0.586068, 0.591751, 0.591781, 0.597612, 0.63389, 0.633961, 0.639442, 0.647297, 0.651795, 0.651854, 0.670938, 0.670986, 0.679883, 0.679952, 0.700371, 0.711714, 0.715016, 0.715038, 0.724393, 0.724409, 0.730984, 0.746201, 0.748671, 0.748708, 0.772653, 0.772702, 0.789264, 0.797875, 0.797914, 0.801609
elapsed time for k point: 7 seconds.
solve_kpoint (0.118812,0.118812,0.118812):
Solving for bands 1 to 10...
Finished solving for bands 1 to 10 after 10 iterations.
Solving for bands 11 to 20...
Finished solving for bands 11 to 20 after 12 iterations.
Solving for bands 21 to 30...
Finished solving for bands 21 to 30 after 10 iterations.
Solving for bands 31 to 40...
Finished solving for bands 31 to 40 after 10 iterations.
Finished k-point with 10.5 mean iterations/band.
freqs:, 328, 0.118812, 0.118812, 0.118812, 0.205788, 0.124693, 0.124697, 0.478999, 0.501752, 0.501777, 0.507216, 0.517051, 0.51707, 0.558215, 0.558252, 0.585918, 0.591944, 0.591975, 0.599696, 0.633705, 0.633778, 0.64016, 0.645605, 0.652824, 0.65288, 0.67086, 0.670909, 0.680338, 0.680405, 0.699684, 0.711624, 0.715096, 0.715118, 0.724037, 0.724053, 0.731048, 0.747086, 0.749742, 0.74978, 0.772247, 0.772295, 0.788422, 0.797946, 0.797986, 0.801223
elapsed time for k point: 7 seconds.
solve_kpoint (0.123762,0.123762,0.123762):
Solving for bands 1 to 10...
Finished solving for bands 1 to 10 after 10 iterations.
Solving for bands 11 to 20...
Finished solving for bands 11 to 20 after 12 iterations.
Solving for bands 21 to 30...
Finished solving for bands 21 to 30 after 10 iterations.
Solving for bands 31 to 40...
Finished solving for bands 31 to 40 after 10 iterations.
Finished k-point with 10.5 mean iterations/band.
freqs:, 329, 0.123762, 0.123762, 0.123762, 0.214363, 0.129724, 0.129728, 0.476361, 0.500424, 0.500448, 0.5064, 0.51635, 0.51637, 0.558386, 0.558422, 0.58575, 0.592143, 0.592176, 0.601754, 0.633503, 0.633578, 0.640884, 0.643842, 0.653885, 0.653938, 0.670756, 0.670805, 0.680814, 0.68088, 0.699018, 0.711536, 0.715155, 0.715177, 0.723689, 0.723704, 0.731162, 0.747969, 0.750835, 0.750873, 0.771857, 0.771905, 0.787612, 0.798066, 0.798107, 0.800818
elapsed time for k point: 7 seconds.
solve_kpoint (0.128713,0.128713,0.128713):
Solving for bands 1 to 10...
Finished solving for bands 1 to 10 after 10 iterations.
Solving for bands 11 to 20...
Finished solving for bands 11 to 20 after 12 iterations.
Solving for bands 21 to 30...
Finished solving for bands 21 to 30 after 10 iterations.
Solving for bands 31 to 40...
Finished solving for bands 31 to 40 after 10 iterations.
Finished k-point with 10.5 mean iterations/band.
freqs:, 330, 0.128713, 0.128713, 0.128713, 0.222937, 0.134734, 0.134738, 0.473723, 0.499078, 0.499101, 0.505578, 0.51568, 0.515701, 0.558509, 0.558544, 0.585561, 0.592352, 0.592387, 0.603787, 0.633289, 0.633365, 0.641612, 0.642011, 0.654966, 0.655018, 0.670631, 0.67068, 0.68131, 0.681374, 0.698377, 0.71145, 0.715189, 0.715211, 0.723353, 0.723368, 0.731328, 0.748849, 0.751945, 0.751983, 0.771488, 0.771535, 0.786834, 0.798237, 0.798278, 0.800393
elapsed time for k point: 7 seconds.
solve_kpoint (0.133663,0.133663,0.133663):
Solving for bands 1 to 10...
Finished solving for bands 1 to 10 after 10 iterations.
Solving for bands 11 to 20...
Finished solving for bands 11 to 20 after 13 iterations.
Solving for bands 21 to 30...
Finished solving for bands 21 to 30 after 10 iterations.
Solving for bands 31 to 40...
Finished solving for bands 31 to 40 after 10 iterations.
Finished k-point with 10.75 mean iterations/band.
freqs:, 331, 0.133663, 0.133663, 0.133663, 0.231512, 0.139722, 0.139726, 0.471088, 0.497719, 0.497742, 0.504752, 0.51504, 0.515062, 0.558581, 0.558615, 0.58535, 0.592574, 0.592612, 0.605793, 0.633066, 0.633143, 0.640116, 0.642342, 0.656058, 0.656108, 0.67049, 0.670539, 0.681822, 0.681885, 0.697762, 0.711367, 0.715192, 0.715214, 0.723038, 0.723053, 0.731546, 0.749726, 0.753069, 0.753106, 0.771141, 0.771189, 0.786087, 0.79846, 0.798502, 0.79995
elapsed time for k point: 7 seconds.
solve_kpoint (0.138614,0.138614,0.138614):
Solving for bands 1 to 10...
Finished solving for bands 1 to 10 after 10 iterations.
Solving for bands 11 to 20...
Finished solving for bands 11 to 20 after 14 iterations.
Solving for bands 21 to 30...
Finished solving for bands 21 to 30 after 10 iterations.
Solving for bands 31 to 40...
Finished solving for bands 31 to 40 after 10 iterations.
Finished k-point with 11 mean iterations/band.
freqs:, 332, 0.138614, 0.138614, 0.138614, 0.240086, 0.144686, 0.14469, 0.468457, 0.496353, 0.496375, 0.503923, 0.514429, 0.514452, 0.5586, 0.558632, 0.585118, 0.592813, 0.592853, 0.607772, 0.632836, 0.632914, 0.638159, 0.643071, 0.657151, 0.657201, 0.670336, 0.670386, 0.682349, 0.68241, 0.697174, 0.711287, 0.715157, 0.715179, 0.722751, 0.722765, 0.731818, 0.750598, 0.7542, 0.754237, 0.77082, 0.770867, 0.785369, 0.798738, 0.79878, 0.799487
elapsed time for k point: 7 seconds.
solve_kpoint (0.143564,0.143564,0.143564):
Solving for bands 1 to 10...
Finished solving for bands 1 to 10 after 10 iterations.
Solving for bands 11 to 20...
Finished solving for bands 11 to 20 after 14 iterations.
Solving for bands 21 to 30...
Finished solving for bands 21 to 30 after 10 iterations.
Solving for bands 31 to 40...
Finished solving for bands 31 to 40 after 10 iterations.
Finished k-point with 11 mean iterations/band.
freqs:, 333, 0.143564, 0.143564, 0.143564, 0.248661, 0.149626, 0.14963, 0.465829, 0.494984, 0.495004, 0.503094, 0.513846, 0.51387, 0.558563, 0.558594, 0.584861, 0.593071, 0.593112, 0.609723, 0.6326, 0.632679, 0.636146, 0.643798, 0.658237, 0.658286, 0.670176, 0.670226, 0.682888, 0.682948, 0.696616, 0.711211, 0.715077, 0.715099, 0.7225, 0.722515, 0.732144, 0.751466, 0.755334, 0.755372, 0.770526, 0.770573, 0.78468, 0.799006, 0.799074, 0.799116
elapsed time for k point: 7 seconds.
solve_kpoint (0.148515,0.148515,0.148515):
Solving for bands 1 to 10...
Finished solving for bands 1 to 10 after 10 iterations.
Solving for bands 11 to 20...
Finished solving for bands 11 to 20 after 15 iterations.
Solving for bands 21 to 30...
Finished solving for bands 21 to 30 after 10 iterations.
Solving for bands 31 to 40...
Finished solving for bands 31 to 40 after 10 iterations.
Finished k-point with 11.25 mean iterations/band.
freqs:, 334, 0.148515, 0.148515, 0.148515, 0.257235, 0.15454, 0.154544, 0.463206, 0.493615, 0.493635, 0.502266, 0.51329, 0.513314, 0.558469, 0.558499, 0.584581, 0.593349, 0.593392, 0.611645, 0.632358, 0.632438, 0.634078, 0.64452, 0.659307, 0.659355, 0.670014, 0.670063, 0.68344, 0.683498, 0.69609, 0.711141, 0.714944, 0.714966, 0.722296, 0.72231, 0.732524, 0.752328, 0.756466, 0.756503, 0.770261, 0.770307, 0.784019, 0.798509, 0.799468, 0.799511
elapsed time for k point: 8 seconds.
solve_kpoint (0.153465,0.153465,0.153465):
Solving for bands 1 to 10...
Finished solving for bands 1 to 10 after 10 iterations.
Solving for bands 11 to 20...
Finished solving for bands 11 to 20 after 17 iterations.
Solving for bands 21 to 30...
Finished solving for bands 21 to 30 after 10 iterations.
Solving for bands 31 to 40...
Finished solving for bands 31 to 40 after 10 iterations.
Finished k-point with 11.75 mean iterations/band.
freqs:, 335, 0.153465, 0.153465, 0.153465, 0.26581, 0.159427, 0.159432, 0.460589, 0.492252, 0.492272, 0.501441, 0.51276, 0.512785, 0.558318, 0.558348, 0.584276, 0.593649, 0.593694, 0.613537, 0.63196, 0.632112, 0.632193, 0.645236, 0.660352, 0.6604, 0.669855, 0.669904, 0.684003, 0.684059, 0.695595, 0.711076, 0.714755, 0.714777, 0.722144, 0.722158, 0.732958, 0.753184, 0.75759, 0.757627, 0.770027, 0.770073, 0.783384, 0.797996, 0.799926, 0.799969
elapsed time for k point: 7 seconds.
solve_kpoint (0.158416,0.158416,0.158416):
Solving for bands 1 to 10...
Finished solving for bands 1 to 10 after 10 iterations.
Solving for bands 11 to 20...
Finished solving for bands 11 to 20 after 18 iterations.
Solving for bands 21 to 30...
Finished solving for bands 21 to 30 after 10 iterations.
Solving for bands 31 to 40...
Finished solving for bands 31 to 40 after 9 iterations.
Finished k-point with 11.75 mean iterations/band.
freqs:, 336, 0.158416, 0.158416, 0.158416, 0.274384, 0.164286, 0.164291, 0.457978, 0.490898, 0.490917, 0.500621, 0.512255, 0.512281, 0.55811, 0.558139, 0.583944, 0.593971, 0.594018, 0.615398, 0.629797, 0.631861, 0.631942, 0.645944, 0.661361, 0.661409, 0.669706, 0.669755, 0.684576, 0.684631, 0.695135, 0.711017, 0.714505, 0.714527, 0.72205, 0.722064, 0.733445, 0.754032, 0.7587, 0.758737, 0.769824, 0.769871, 0.782775, 0.797467, 0.80045, 0.800493
elapsed time for k point: 8 seconds.
solve_kpoint (0.163366,0.163366,0.163366):
Solving for bands 1 to 10...
Finished solving for bands 1 to 10 after 10 iterations.
Solving for bands 11 to 20...
Finished solving for bands 11 to 20 after 20 iterations.
Solving for bands 21 to 30...
Finished solving for bands 21 to 30 after 10 iterations.
Solving for bands 31 to 40...
Finished solving for bands 31 to 40 after 9 iterations.
Finished k-point with 12.25 mean iterations/band.
freqs:, 337, 0.163366, 0.163366, 0.163366, 0.282959, 0.169116, 0.169121, 0.455375, 0.489555, 0.489574, 0.499807, 0.511776, 0.511802, 0.557845, 0.557873, 0.583585, 0.594316, 0.594364, 0.617229, 0.627592, 0.631604, 0.631686, 0.646641, 0.662323, 0.662371, 0.669576, 0.669624, 0.68516, 0.685213, 0.694709, 0.710965, 0.714194, 0.714217, 0.722016, 0.72203, 0.733985, 0.754871, 0.75979, 0.759827, 0.769656, 0.769702, 0.782191, 0.796924, 0.801043, 0.801087
elapsed time for k point: 8 seconds.
solve_kpoint (0.168317,0.168317,0.168317):
Solving for bands 1 to 10...
Finished solving for bands 1 to 10 after 10 iterations.
Solving for bands 11 to 20...
Finished solving for bands 11 to 20 after 21 iterations.
Solving for bands 21 to 30...
Finished solving for bands 21 to 30 after 9 iterations.
Solving for bands 31 to 40...
Finished solving for bands 31 to 40 after 9 iterations.
Finished k-point with 12.25 mean iterations/band.
freqs:, 338, 0.168317, 0.168317, 0.168317, 0.291533, 0.173915, 0.17392, 0.452779, 0.488229, 0.488247, 0.499002, 0.511321, 0.511348, 0.557525, 0.557552, 0.583199, 0.594681, 0.594732, 0.619026, 0.625349, 0.631341, 0.631424, 0.647327, 0.663221, 0.66327, 0.669478, 0.669526, 0.685755, 0.685806, 0.694319, 0.710922, 0.713827, 0.713849, 0.722042, 0.722056, 0.734578, 0.755701, 0.760854, 0.760892, 0.769522, 0.769568, 0.781631, 0.796369, 0.801709, 0.801752
elapsed time for k point: 8 seconds.
solve_kpoint (0.173267,0.173267,0.173267):
Solving for bands 1 to 10...
Finished solving for bands 1 to 10 after 10 iterations.
Solving for bands 11 to 20...
Finished solving for bands 11 to 20 after 22 iterations.
Solving for bands 21 to 30...
Finished solving for bands 21 to 30 after 9 iterations.
Solving for bands 31 to 40...
Finished solving for bands 31 to 40 after 9 iterations.
Finished k-point with 12.5 mean iterations/band.
freqs:, 339, 0.173267, 0.173267, 0.173267, 0.300108, 0.178682, 0.178688, 0.450193, 0.48692, 0.486938, 0.498206, 0.510891, 0.510919, 0.557151, 0.557178, 0.582784, 0.595067, 0.595119, 0.620782, 0.623082, 0.631073, 0.631156, 0.647999, 0.664035, 0.664084, 0.66943, 0.669479, 0.686361, 0.68641, 0.693966, 0.710887, 0.713407, 0.713429, 0.722125, 0.722139, 0.735221, 0.75652, 0.761887, 0.761924, 0.769423, 0.769469, 0.781094, 0.795804, 0.802449, 0.802492
elapsed time for k point: 8 seconds.
solve_kpoint (0.178218,0.178218,0.178218):
Solving for bands 1 to 10...
Finished solving for bands 1 to 10 after 10 iterations.
Solving for bands 11 to 20...
Finished solving for bands 11 to 20 after 22 iterations.
Solving for bands 21 to 30...
Finished solving for bands 21 to 30 after 9 iterations.
Solving for bands 31 to 40...
Finished solving for bands 31 to 40 after 9 iterations.
Finished k-point with 12.5 mean iterations/band.
freqs:, 340, 0.178218, 0.178218, 0.178218, 0.308682, 0.183416, 0.183422, 0.447616, 0.485634, 0.485651, 0.497421, 0.510485, 0.510513, 0.556726, 0.556752, 0.58234, 0.595471, 0.595524, 0.620727, 0.622563, 0.630798, 0.630881, 0.648657, 0.664735, 0.664784, 0.669461, 0.669509, 0.686977, 0.687024, 0.69365, 0.710861, 0.712941, 0.712963, 0.72226, 0.722275, 0.735914, 0.757326, 0.762881, 0.762918, 0.769362, 0.769408, 0.780581, 0.79523, 0.803267, 0.80331
elapsed time for k point: 8 seconds.
solve_kpoint (0.183168,0.183168,0.183168):
Solving for bands 1 to 10...
Finished solving for bands 1 to 10 after 10 iterations.
Solving for bands 11 to 20...
Finished solving for bands 11 to 20 after 22 iterations.
Solving for bands 21 to 30...
Finished solving for bands 21 to 30 after 9 iterations.
Solving for bands 31 to 40...
Finished solving for bands 31 to 40 after 9 iterations.
Finished k-point with 12.5 mean iterations/band.
freqs:, 341, 0.183168, 0.183168, 0.183168, 0.317257, 0.188115, 0.188121, 0.44505, 0.484371, 0.484388, 0.496648, 0.510103, 0.510132, 0.556251, 0.556276, 0.581866, 0.595889, 0.595944, 0.618406, 0.624249, 0.630517, 0.630601, 0.6493, 0.665286, 0.665336, 0.669602, 0.66965, 0.687604, 0.687649, 0.693372, 0.710846, 0.712436, 0.712458, 0.722444, 0.722458, 0.736656, 0.758117, 0.763831, 0.763867, 0.76934, 0.769387, 0.780091, 0.794649, 0.804165, 0.804207
elapsed time for k point: 8 seconds.
solve_kpoint (0.188119,0.188119,0.188119):
Solving for bands 1 to 10...
Finished solving for bands 1 to 10 after 10 iterations.
Solving for bands 11 to 20...
Finished solving for bands 11 to 20 after 22 iterations.
Solving for bands 21 to 30...
Finished solving for bands 21 to 30 after 9 iterations.
Solving for bands 31 to 40...
Finished solving for bands 31 to 40 after 9 iterations.
Finished k-point with 12.5 mean iterations/band.
freqs:, 342, 0.188119, 0.188119, 0.188119, 0.325831, 0.192778, 0.192784, 0.442495, 0.483134, 0.483151, 0.495889, 0.509744, 0.509774, 0.55573, 0.555755, 0.581361, 0.59632, 0.596375, 0.616047, 0.625916, 0.63023, 0.630314, 0.649926, 0.665662, 0.665712, 0.669877, 0.669927, 0.688242, 0.688284, 0.693132, 0.710843, 0.711899, 0.711921, 0.72267, 0.722685, 0.737444, 0.758892, 0.76473, 0.764766, 0.769359, 0.769406, 0.779623, 0.794066, 0.805143, 0.805186
elapsed time for k point: 8 seconds.
solve_kpoint (0.193069,0.193069,0.193069):
Solving for bands 1 to 10...
Finished solving for bands 1 to 10 after 10 iterations.
Solving for bands 11 to 20...
Finished solving for bands 11 to 20 after 22 iterations.
Solving for bands 21 to 30...
Finished solving for bands 21 to 30 after 9 iterations.
Solving for bands 31 to 40...
Finished solving for bands 31 to 40 after 9 iterations.
Finished k-point with 12.5 mean iterations/band.
freqs:, 343, 0.193069, 0.193069, 0.193069, 0.334406, 0.197403, 0.197409, 0.439952, 0.481927, 0.481944, 0.495145, 0.50941, 0.50944, 0.555164, 0.555189, 0.580826, 0.596758, 0.596815, 0.613666, 0.627552, 0.629938, 0.630023, 0.650536, 0.665864, 0.665913, 0.670285, 0.670336, 0.68889, 0.68893, 0.692929, 0.710851, 0.711336, 0.711358, 0.722936, 0.722951, 0.738278, 0.759647, 0.765572, 0.765608, 0.769422, 0.769469, 0.779179, 0.793482, 0.806204, 0.806246
elapsed time for k point: 9 seconds.
solve_kpoint (0.19802,0.19802,0.19802):
Solving for bands 1 to 10...
Finished solving for bands 1 to 10 after 9 iterations.
Solving for bands 11 to 20...
Finished solving for bands 11 to 20 after 22 iterations.
Solving for bands 21 to 30...
Finished solving for bands 21 to 30 after 9 iterations.
Solving for bands 31 to 40...
Finished solving for bands 31 to 40 after 9 iterations.
Finished k-point with 12.25 mean iterations/band.
freqs:, 344, 0.19802, 0.19802, 0.19802, 0.34298, 0.201989, 0.201994, 0.437423, 0.480751, 0.480767, 0.494418, 0.509099, 0.509129, 0.554558, 0.554583, 0.580259, 0.5972, 0.597258, 0.611268, 0.629154, 0.629643, 0.629727, 0.651127, 0.66592, 0.665969, 0.670797, 0.670849, 0.689548, 0.689586, 0.692763, 0.710753, 0.710776, 0.710873, 0.723237, 0.723252, 0.739155, 0.76038, 0.766349, 0.766384, 0.769534, 0.769582, 0.778758, 0.792901, 0.807346, 0.807388
elapsed time for k point: 8 seconds.
solve_kpoint (0.20297,0.20297,0.20297):
Solving for bands 1 to 10...
Finished solving for bands 1 to 10 after 9 iterations.
Solving for bands 11 to 20...
Finished solving for bands 11 to 20 after 21 iterations.
Solving for bands 21 to 30...
Finished solving for bands 21 to 30 after 9 iterations.
Solving for bands 31 to 40...
Finished solving for bands 31 to 40 after 9 iterations.
Finished k-point with 12 mean iterations/band.
freqs:, 345, 0.20297, 0.20297, 0.20297, 0.351555, 0.206533, 0.206539, 0.434907, 0.479609, 0.479625, 0.493708, 0.508811, 0.508842, 0.553914, 0.553939, 0.57966, 0.597641, 0.5977, 0.608856, 0.629345, 0.62943, 0.630723, 0.651701, 0.665868, 0.665916, 0.671372, 0.671426, 0.690217, 0.690252, 0.692634, 0.710156, 0.710178, 0.710909, 0.723569, 0.723585, 0.740072, 0.761088, 0.767052, 0.767087, 0.769701, 0.769749, 0.77836, 0.792327, 0.808569, 0.80861
elapsed time for k point: 7 seconds.
solve_kpoint (0.207921,0.207921,0.207921):
Solving for bands 1 to 10...
Finished solving for bands 1 to 10 after 9 iterations.
Solving for bands 11 to 20...
Finished solving for bands 11 to 20 after 21 iterations.
Solving for bands 21 to 30...
Finished solving for bands 21 to 30 after 9 iterations.
Solving for bands 31 to 40...
Finished solving for bands 31 to 40 after 10 iterations.
Finished k-point with 12.25 mean iterations/band.
freqs:, 346, 0.207921, 0.207921, 0.207921, 0.360129, 0.211035, 0.211041, 0.432407, 0.478502, 0.478518, 0.493016, 0.508548, 0.508579, 0.553236, 0.55326, 0.579029, 0.598075, 0.598135, 0.606433, 0.629049, 0.629134, 0.632258, 0.652257, 0.66574, 0.665787, 0.671981, 0.672036, 0.690894, 0.690928, 0.69254, 0.709548, 0.709571, 0.71096, 0.723929, 0.723945, 0.741029, 0.761767, 0.767675, 0.767709, 0.769928, 0.769978, 0.777987, 0.791765, 0.809869, 0.80991
elapsed time for k point: 8 seconds.
solve_kpoint (0.212871,0.212871,0.212871):
Solving for bands 1 to 10...
Finished solving for bands 1 to 10 after 9 iterations.
Solving for bands 11 to 20...
Finished solving for bands 11 to 20 after 20 iterations.
Solving for bands 21 to 30...
Finished solving for bands 21 to 30 after 9 iterations.
Solving for bands 31 to 40...
Finished solving for bands 31 to 40 after 10 iterations.
Finished k-point with 12 mean iterations/band.
freqs:, 347, 0.212871, 0.212871, 0.212871, 0.368704, 0.215492, 0.215498, 0.429921, 0.477433, 0.477449, 0.492345, 0.508307, 0.508339, 0.552525, 0.55255, 0.578366, 0.598498, 0.598558, 0.604003, 0.628756, 0.628841, 0.633759, 0.652796, 0.665555, 0.665602, 0.672602, 0.672658, 0.69158, 0.691612, 0.69248, 0.708934, 0.708957, 0.711027, 0.724315, 0.724332, 0.742021, 0.762412, 0.768212, 0.768246, 0.77022, 0.770269, 0.777639, 0.791219, 0.811245, 0.811285
elapsed time for k point: 8 seconds.
solve_kpoint (0.217822,0.217822,0.217822):
Solving for bands 1 to 10...
Finished solving for bands 1 to 10 after 9 iterations.
Solving for bands 11 to 20...
Finished solving for bands 11 to 20 after 18 iterations.
Solving for bands 21 to 30...
Finished solving for bands 21 to 30 after 9 iterations.
Solving for bands 31 to 40...
Finished solving for bands 31 to 40 after 10 iterations.
Finished k-point with 11.5 mean iterations/band.
freqs:, 348, 0.217822, 0.217822, 0.217822, 0.377278, 0.219903, 0.219909, 0.427453, 0.476404, 0.476419, 0.491694, 0.508091, 0.508123, 0.551786, 0.551811, 0.577671, 0.598901, 0.598963, 0.601568, 0.628472, 0.628556, 0.635226, 0.653317, 0.665325, 0.665372, 0.673224, 0.673281, 0.692274, 0.692303, 0.692453, 0.708318, 0.708341, 0.71111, 0.724724, 0.724741, 0.743046, 0.763019, 0.768671, 0.768705, 0.770568, 0.770618, 0.777318, 0.790696, 0.812691, 0.81273
elapsed time for k point: 8 seconds.
solve_kpoint (0.222772,0.222772,0.222772):
Solving for bands 1 to 10...
Finished solving for bands 1 to 10 after 9 iterations.
Solving for bands 11 to 20...
Finished solving for bands 11 to 20 after 14 iterations.
Solving for bands 21 to 30...
Finished solving for bands 21 to 30 after 9 iterations.
Solving for bands 31 to 40...
Finished solving for bands 31 to 40 after 11 iterations.
Finished k-point with 10.75 mean iterations/band.
freqs:, 349, 0.222772, 0.222772, 0.222772, 0.385853, 0.224266, 0.224272, 0.425002, 0.475416, 0.475432, 0.491066, 0.507898, 0.50793, 0.551021, 0.551045, 0.576944, 0.599131, 0.599279, 0.599342, 0.6282, 0.628284, 0.636658, 0.653822, 0.665056, 0.665103, 0.673841, 0.673899, 0.692457, 0.692974, 0.693001, 0.707702, 0.707725, 0.711211, 0.725153, 0.725171, 0.7441, 0.763581, 0.769069, 0.769104, 0.770955, 0.771005, 0.777026, 0.790201, 0.814202, 0.81424
elapsed time for k point: 7 seconds.
solve_kpoint (0.227723,0.227723,0.227723):
Solving for bands 1 to 10...
Finished solving for bands 1 to 10 after 8 iterations.
Solving for bands 11 to 20...
Finished solving for bands 11 to 20 after 12 iterations.
Solving for bands 21 to 30...
Finished solving for bands 21 to 30 after 9 iterations.
Solving for bands 31 to 40...
Finished solving for bands 31 to 40 after 12 iterations.
Finished k-point with 10.25 mean iterations/band.
freqs:, 350, 0.227723, 0.227723, 0.227723, 0.394427, 0.228578, 0.228585, 0.422569, 0.474473, 0.474488, 0.49046, 0.507729, 0.507761, 0.550233, 0.550257, 0.576184, 0.596696, 0.599624, 0.599688, 0.627946, 0.62803, 0.638056, 0.65431, 0.664752, 0.664799, 0.67445, 0.674509, 0.692491, 0.693679, 0.693705, 0.70709, 0.707113, 0.71133, 0.725601, 0.725619, 0.74518, 0.764093, 0.769429, 0.769464, 0.77136, 0.771409, 0.776765, 0.789742, 0.815771, 0.815809
elapsed time for k point: 7 seconds.
solve_kpoint (0.232673,0.232673,0.232673):
Solving for bands 1 to 10...
Finished solving for bands 1 to 10 after 8 iterations.
Solving for bands 11 to 20...
Finished solving for bands 11 to 20 after 12 iterations.
Solving for bands 21 to 30...
Finished solving for bands 21 to 30 after 9 iterations.
Solving for bands 31 to 40...
Finished solving for bands 31 to 40 after 12 iterations.
Finished k-point with 10.25 mean iterations/band.
freqs:, 351, 0.232673, 0.232673, 0.232673, 0.403002, 0.232839, 0.232845, 0.420156, 0.473575, 0.47359, 0.489877, 0.507583, 0.507616, 0.549424, 0.549449, 0.575392, 0.594263, 0.599929, 0.599993, 0.627716, 0.6278, 0.63942, 0.654784, 0.664414, 0.664461, 0.675051, 0.67511, 0.692552, 0.694389, 0.694412, 0.706485, 0.706508, 0.711468, 0.726064, 0.726083, 0.746281, 0.764547, 0.769771, 0.769806, 0.771762, 0.771812, 0.776537, 0.789326, 0.817391, 0.817427
elapsed time for k point: 6 seconds.
solve_kpoint (0.237624,0.237624,0.237624):
Solving for bands 1 to 10...
Finished solving for bands 1 to 10 after 8 iterations.
Solving for bands 11 to 20...
Finished solving for bands 11 to 20 after 11 iterations.
Solving for bands 21 to 30...
Finished solving for bands 21 to 30 after 9 iterations.
Solving for bands 31 to 40...
Finished solving for bands 31 to 40 after 12 iterations.
Finished k-point with 10 mean iterations/band.
freqs:, 352, 0.237624, 0.237624, 0.237624, 0.411576, 0.237046, 0.237052, 0.417762, 0.472724, 0.47274, 0.48932, 0.507461, 0.507494, 0.548597, 0.548622, 0.574569, 0.591838, 0.600186, 0.600251, 0.627517, 0.6276, 0.640751, 0.655243, 0.664041, 0.664088, 0.675645, 0.675705, 0.692639, 0.695101, 0.695123, 0.705888, 0.705911, 0.711626, 0.726542, 0.726561, 0.747398, 0.764936, 0.770107, 0.770143, 0.772151, 0.7722, 0.776347, 0.78896, 0.819051, 0.819087
elapsed time for k point: 7 seconds.
solve_kpoint (0.242574,0.242574,0.242574):
Solving for bands 1 to 10...
Finished solving for bands 1 to 10 after 8 iterations.
Solving for bands 11 to 20...
Finished solving for bands 11 to 20 after 11 iterations.
Solving for bands 21 to 30...
Finished solving for bands 21 to 30 after 9 iterations.
Solving for bands 31 to 40...
Finished solving for bands 31 to 40 after 13 iterations.
Finished k-point with 10.25 mean iterations/band.
freqs:, 353, 0.242574, 0.242574, 0.242574, 0.420151, 0.241196, 0.241202, 0.41539, 0.471923, 0.471938, 0.488788, 0.507362, 0.507395, 0.547755, 0.54778, 0.573715, 0.58942, 0.600387, 0.600453, 0.627356, 0.627438, 0.642047, 0.655688, 0.663633, 0.66368, 0.676233, 0.676293, 0.692748, 0.695813, 0.695834, 0.705303, 0.705326, 0.711804, 0.727031, 0.72705, 0.748526, 0.765254, 0.770447, 0.770483, 0.772517, 0.772566, 0.776198, 0.788654, 0.820741, 0.820776
elapsed time for k point: 7 seconds.
solve_kpoint (0.247525,0.247525,0.247525):
Solving for bands 1 to 10...
Finished solving for bands 1 to 10 after 8 iterations.
Solving for bands 11 to 20...
Finished solving for bands 11 to 20 after 11 iterations.
Solving for bands 21 to 30...
Finished solving for bands 21 to 30 after 9 iterations.
Solving for bands 31 to 40...
Finished solving for bands 31 to 40 after 13 iterations.
Finished k-point with 10.25 mean iterations/band.
freqs:, 354, 0.247525, 0.247525, 0.247525, 0.428725, 0.245288, 0.245295, 0.41304, 0.471173, 0.471189, 0.488282, 0.507287, 0.507321, 0.546899, 0.546924, 0.572829, 0.587014, 0.600524, 0.600591, 0.627239, 0.627321, 0.64331, 0.656122, 0.663189, 0.663237, 0.676817, 0.676878, 0.692879, 0.696525, 0.696544, 0.704732, 0.704755, 0.712002, 0.727529, 0.727549, 0.749657, 0.765492, 0.770794, 0.77083, 0.772858, 0.772907, 0.776096, 0.788414, 0.822448, 0.822481
elapsed time for k point: 7 seconds.
solve_kpoint (0.252475,0.252475,0.252475):
Solving for bands 1 to 10...
Finished solving for bands 1 to 10 after 8 iterations.
Solving for bands 11 to 20...
Finished solving for bands 11 to 20 after 11 iterations.
Solving for bands 21 to 30...
Finished solving for bands 21 to 30 after 9 iterations.
Solving for bands 31 to 40...
Finished solving for bands 31 to 40 after 14 iterations.
Finished k-point with 10.5 mean iterations/band.
freqs:, 355, 0.252475, 0.252475, 0.252475, 0.4373, 0.24932, 0.249326, 0.410713, 0.470476, 0.470492, 0.487803, 0.507236, 0.507269, 0.546032, 0.546058, 0.571914, 0.58462, 0.600591, 0.600659, 0.627174, 0.627255, 0.64454, 0.656544, 0.662708, 0.662757, 0.6774, 0.677461, 0.693029, 0.697232, 0.69725, 0.704178, 0.704202, 0.71222, 0.728035, 0.728056, 0.750784, 0.765646, 0.771151, 0.771187, 0.773172, 0.773221, 0.776046, 0.788247, 0.824155, 0.824187
elapsed time for k point: 7 seconds.
solve_kpoint (0.257426,0.257426,0.257426):
Solving for bands 1 to 10...
Finished solving for bands 1 to 10 after 8 iterations.
Solving for bands 11 to 20...
Finished solving for bands 11 to 20 after 11 iterations.
Solving for bands 21 to 30...
Finished solving for bands 21 to 30 after 9 iterations.
Solving for bands 31 to 40...
Finished solving for bands 31 to 40 after 15 iterations.
Finished k-point with 10.75 mean iterations/band.
freqs:, 356, 0.257426, 0.257426, 0.257426, 0.445874, 0.253288, 0.253295, 0.408409, 0.469834, 0.46985, 0.487352, 0.507208, 0.507242, 0.545156, 0.545182, 0.570968, 0.582242, 0.600581, 0.60065, 0.627165, 0.627245, 0.645736, 0.656957, 0.66219, 0.662238, 0.677984, 0.678045, 0.693196, 0.697929, 0.697946, 0.703649, 0.703673, 0.71246, 0.728547, 0.728568, 0.751898, 0.76571, 0.771518, 0.771555, 0.773459, 0.773509, 0.776057, 0.788159, 0.825842, 0.825872
elapsed time for k point: 7 seconds.
solve_kpoint (0.262376,0.262376,0.262376):
Solving for bands 1 to 10...
Finished solving for bands 1 to 10 after 8 iterations.
Solving for bands 11 to 20...
Finished solving for bands 11 to 20 after 11 iterations.
Solving for bands 21 to 30...
Finished solving for bands 21 to 30 after 9 iterations.
Solving for bands 31 to 40...
Finished solving for bands 31 to 40 after 16 iterations.
Finished k-point with 11 mean iterations/band.
freqs:, 357, 0.262376, 0.262376, 0.262376, 0.454449, 0.257192, 0.257199, 0.406131, 0.469248, 0.469264, 0.48693, 0.507203, 0.507237, 0.544273, 0.544299, 0.569994, 0.579882, 0.600489, 0.600559, 0.627219, 0.627298, 0.6469, 0.65736, 0.661633, 0.661682, 0.678569, 0.67863, 0.693378, 0.698608, 0.698624, 0.703152, 0.703176, 0.71272, 0.729062, 0.729083, 0.75299, 0.765681, 0.771896, 0.771933, 0.77372, 0.77377, 0.776135, 0.788152, 0.827483, 0.827512
elapsed time for k point: 7 seconds.
solve_kpoint (0.267327,0.267327,0.267327):
Solving for bands 1 to 10...
Finished solving for bands 1 to 10 after 8 iterations.
Solving for bands 11 to 20...
Finished solving for bands 11 to 20 after 11 iterations.
Solving for bands 21 to 30...
Finished solving for bands 21 to 30 after 9 iterations.
Solving for bands 31 to 40...
Finished solving for bands 31 to 40 after 22 iterations.
Finished k-point with 12.5 mean iterations/band.
freqs:, 358, 0.267327, 0.267327, 0.267327, 0.463023, 0.261029, 0.261035, 0.403878, 0.468721, 0.468736, 0.486536, 0.507222, 0.507255, 0.543385, 0.543411, 0.568992, 0.577541, 0.600312, 0.600383, 0.627338, 0.627416, 0.648032, 0.657755, 0.661038, 0.661087, 0.679157, 0.679219, 0.693573, 0.699246, 0.699261, 0.702709, 0.702734, 0.713, 0.729579, 0.729601, 0.754049, 0.765559, 0.772283, 0.77232, 0.773956, 0.774006, 0.77629, 0.788229, 0.82904, 0.829067
elapsed time for k point: 9 seconds.
solve_kpoint (0.272277,0.272277,0.272277):
Solving for bands 1 to 10...
Finished solving for bands 1 to 10 after 8 iterations.
Solving for bands 11 to 20...
Finished solving for bands 11 to 20 after 11 iterations.
Solving for bands 21 to 30...
Finished solving for bands 21 to 30 after 9 iterations.
Solving for bands 31 to 40...
    iteration   24: trace = 6.152648633239409 (8.1332e-06% change)
Finished solving for bands 31 to 40 after 24 iterations.
Finished k-point with 13 mean iterations/band.
freqs:, 359, 0.272277, 0.272277, 0.272277, 0.471598, 0.264795, 0.264802, 0.401652, 0.468253, 0.468269, 0.486172, 0.507263, 0.507297, 0.542493, 0.54252, 0.567963, 0.575221, 0.600047, 0.60012, 0.627525, 0.627602, 0.649132, 0.658143, 0.660404, 0.660455, 0.67975, 0.679811, 0.693781, 0.699793, 0.699807, 0.702372, 0.702397, 0.713301, 0.730096, 0.730118, 0.755062, 0.765345, 0.772678, 0.772715, 0.774168, 0.774218, 0.776533, 0.788387, 0.830454, 0.830479
elapsed time for k point: 8 seconds.
solve_kpoint (0.277228,0.277228,0.277228):
Solving for bands 1 to 10...
Finished solving for bands 1 to 10 after 8 iterations.
Solving for bands 11 to 20...
Finished solving for bands 11 to 20 after 10 iterations.
Solving for bands 21 to 30...
Finished solving for bands 21 to 30 after 9 iterations.
Solving for bands 31 to 40...
    iteration   24: trace = 6.160142336604017 (2.29833e-05% change)
Finished solving for bands 31 to 40 after 26 iterations.
Finished k-point with 13.25 mean iterations/band.
freqs:, 360, 0.277228, 0.277228, 0.277228, 0.480173, 0.26849, 0.268497, 0.399454, 0.467847, 0.467862, 0.485838, 0.507327, 0.507361, 0.541599, 0.541626, 0.566907, 0.572924, 0.599696, 0.59977, 0.62778, 0.627855, 0.650201, 0.658524, 0.659733, 0.659785, 0.680347, 0.680408, 0.693999, 0.70013, 0.700145, 0.702259, 0.702283, 0.713621, 0.730611, 0.730634, 0.756019, 0.765042, 0.773079, 0.773115, 0.774358, 0.774408, 0.776873, 0.788625, 0.831593, 0.831615
elapsed time for k point: 9 seconds.
solve_kpoint (0.282178,0.282178,0.282178):
Solving for bands 1 to 10...
Finished solving for bands 1 to 10 after 8 iterations.
Solving for bands 11 to 20...
Finished solving for bands 11 to 20 after 10 iterations.
Solving for bands 21 to 30...
Finished solving for bands 21 to 30 after 9 iterations.
Solving for bands 31 to 40...
    iteration   24: trace = 6.165702094412614 (3.79991e-05% change)
Finished solving for bands 31 to 40 after 26 iterations.
Finished k-point with 13.25 mean iterations/band.
freqs:, 361, 0.282178, 0.282178, 0.282178, 0.488747, 0.27211, 0.272117, 0.397285, 0.467503, 0.467519, 0.485534, 0.507413, 0.507448, 0.540705, 0.540732, 0.565826, 0.570653, 0.59926, 0.599335, 0.6281, 0.628174, 0.651238, 0.6589, 0.659026, 0.659078, 0.680948, 0.681009, 0.694227, 0.70014, 0.700156, 0.70249, 0.702511, 0.713961, 0.731123, 0.731146, 0.756907, 0.764655, 0.773483, 0.773519, 0.774527, 0.774577, 0.777321, 0.788938, 0.832149, 0.832168
elapsed time for k point: 9 seconds.
solve_kpoint (0.287129,0.287129,0.287129):
Solving for bands 1 to 10...
Finished solving for bands 1 to 10 after 8 iterations.
Solving for bands 11 to 20...
Finished solving for bands 11 to 20 after 10 iterations.
Solving for bands 21 to 30...
Finished solving for bands 21 to 30 after 9 iterations.
Solving for bands 31 to 40...
    iteration   24: trace = 6.168604076866118 (1.62726e-05% change)
Finished solving for bands 31 to 40 after 25 iterations.
Finished k-point with 13 mean iterations/band.
freqs:, 362, 0.287129, 0.287129, 0.287129, 0.497322, 0.275654, 0.27566, 0.395146, 0.467224, 0.467239, 0.485262, 0.507522, 0.507556, 0.539812, 0.53984, 0.564721, 0.568408, 0.598741, 0.598817, 0.628485, 0.628558, 0.652245, 0.658284, 0.658337, 0.659271, 0.681553, 0.681614, 0.694463, 0.699901, 0.699918, 0.702985, 0.703004, 0.714318, 0.731631, 0.731654, 0.757717, 0.764192, 0.773887, 0.773924, 0.774676, 0.774727, 0.777885, 0.789319, 0.831907, 0.831924
elapsed time for k point: 9 seconds.
solve_kpoint (0.292079,0.292079,0.292079):
Solving for bands 1 to 10...
Finished solving for bands 1 to 10 after 8 iterations.
Solving for bands 11 to 20...
Finished solving for bands 11 to 20 after 10 iterations.
Solving for bands 21 to 30...
Finished solving for bands 21 to 30 after 9 iterations.
Solving for bands 31 to 40...
Finished solving for bands 31 to 40 after 23 iterations.
Finished k-point with 12.5 mean iterations/band.
freqs:, 363, 0.292079, 0.292079, 0.292079, 0.505896, 0.279118, 0.279125, 0.393037, 0.46701, 0.467026, 0.485021, 0.507653, 0.507687, 0.538922, 0.53895, 0.563593, 0.566191, 0.598144, 0.598221, 0.628929, 0.629001, 0.653222, 0.657509, 0.657563, 0.659638, 0.68216, 0.682221, 0.694707, 0.699555, 0.699573, 0.703603, 0.70362, 0.714692, 0.732132, 0.732156, 0.758441, 0.763657, 0.774288, 0.774325, 0.77481, 0.774861, 0.77857, 0.789762, 0.831202, 0.831219
elapsed time for k point: 8 seconds.
solve_kpoint (0.29703,0.29703,0.29703):
Solving for bands 1 to 10...
Finished solving for bands 1 to 10 after 8 iterations.
Solving for bands 11 to 20...
Finished solving for bands 11 to 20 after 10 iterations.
Solving for bands 21 to 30...
Finished solving for bands 21 to 30 after 9 iterations.
Solving for bands 31 to 40...
Finished solving for bands 31 to 40 after 18 iterations.
Finished k-point with 11.25 mean iterations/band.
freqs:, 364, 0.29703, 0.29703, 0.29703, 0.514471, 0.282501, 0.282508, 0.39096, 0.466863, 0.466879, 0.484812, 0.507805, 0.507839, 0.538036, 0.538064, 0.562442, 0.564005, 0.597474, 0.597551, 0.629429, 0.629499, 0.654169, 0.656704, 0.656758, 0.66, 0.682768, 0.682828, 0.694958, 0.699174, 0.699193, 0.704273, 0.704289, 0.715081, 0.732627, 0.732652, 0.759074, 0.76306, 0.774674, 0.774712, 0.774936, 0.774986, 0.779381, 0.79026, 0.830324, 0.830341
elapsed time for k point: 7 seconds.
solve_kpoint (0.30198,0.30198,0.30198):
Solving for bands 1 to 10...
Finished solving for bands 1 to 10 after 7 iterations.
Solving for bands 11 to 20...
Finished solving for bands 11 to 20 after 10 iterations.
Solving for bands 21 to 30...
Finished solving for bands 21 to 30 after 9 iterations.
Solving for bands 31 to 40...
Finished solving for bands 31 to 40 after 17 iterations.
Finished k-point with 10.75 mean iterations/band.
freqs:, 365, 0.30198, 0.30198, 0.30198, 0.523045, 0.2858, 0.285807, 0.388916, 0.466784, 0.4668, 0.484634, 0.507978, 0.508012, 0.537155, 0.537183, 0.561271, 0.561851, 0.596735, 0.596813, 0.629977, 0.630046, 0.655087, 0.655872, 0.655926, 0.660359, 0.683373, 0.683432, 0.695216, 0.698787, 0.698806, 0.704968, 0.704984, 0.715486, 0.733114, 0.733139, 0.759617, 0.762406, 0.774956, 0.775002, 0.775143, 0.775184, 0.780315, 0.790807, 0.829373, 0.829389
elapsed time for k point: 8 seconds.
solve_kpoint (0.306931,0.306931,0.306931):
Solving for bands 1 to 10...
Finished solving for bands 1 to 10 after 7 iterations.
Solving for bands 11 to 20...
Finished solving for bands 11 to 20 after 10 iterations.
Solving for bands 21 to 30...
Finished solving for bands 21 to 30 after 9 iterations.
Solving for bands 31 to 40...
Finished solving for bands 31 to 40 after 17 iterations.
Finished k-point with 10.75 mean iterations/band.
freqs:, 366, 0.306931, 0.306931, 0.306931, 0.53162, 0.289013, 0.28902, 0.386906, 0.466774, 0.46679, 0.48449, 0.508171, 0.508205, 0.536281, 0.536309, 0.55973, 0.56008, 0.595934, 0.596013, 0.630569, 0.630637, 0.655015, 0.65507, 0.655977, 0.660714, 0.683971, 0.684031, 0.695481, 0.698408, 0.698426, 0.705677, 0.705693, 0.715903, 0.733591, 0.733617, 0.760072, 0.761703, 0.775065, 0.775116, 0.775495, 0.775533, 0.781368, 0.791396, 0.828386, 0.828403
elapsed time for k point: 7 seconds.
solve_kpoint (0.311881,0.311881,0.311881):
Solving for bands 1 to 10...
Finished solving for bands 1 to 10 after 7 iterations.
Solving for bands 11 to 20...
Finished solving for bands 11 to 20 after 10 iterations.
Solving for bands 21 to 30...
Finished solving for bands 21 to 30 after 9 iterations.
Solving for bands 31 to 40...
Finished solving for bands 31 to 40 after 16 iterations.
Finished k-point with 10.5 mean iterations/band.
freqs:, 367, 0.311881, 0.311881, 0.311881, 0.540194, 0.292139, 0.292145, 0.38493, 0.466834, 0.46685, 0.484378, 0.508384, 0.508418, 0.535414, 0.535443, 0.557643, 0.558871, 0.595077, 0.595157, 0.631197, 0.631264, 0.654139, 0.654195, 0.656838, 0.661066, 0.684559, 0.684619, 0.695753, 0.698046, 0.698063, 0.706394, 0.706409, 0.716332, 0.73406, 0.734086, 0.760444, 0.760956, 0.775135, 0.775187, 0.775858, 0.775895, 0.782533, 0.792021, 0.82738, 0.827397
elapsed time for k point: 7 seconds.
solve_kpoint (0.316832,0.316832,0.316832):
Solving for bands 1 to 10...
Finished solving for bands 1 to 10 after 7 iterations.
Solving for bands 11 to 20...
Finished solving for bands 11 to 20 after 10 iterations.
Solving for bands 21 to 30...
Finished solving for bands 21 to 30 after 9 iterations.
Solving for bands 31 to 40...
Finished solving for bands 31 to 40 after 15 iterations.
Finished k-point with 10.25 mean iterations/band.
freqs:, 368, 0.316832, 0.316832, 0.316832, 0.548769, 0.295174, 0.29518, 0.38299, 0.466964, 0.46698, 0.484298, 0.508616, 0.50865, 0.534556, 0.534585, 0.555593, 0.557645, 0.594169, 0.594249, 0.631853, 0.63192, 0.653248, 0.653304, 0.657671, 0.661414, 0.685131, 0.68519, 0.696032, 0.697708, 0.697725, 0.707115, 0.70713, 0.716771, 0.734517, 0.734544, 0.760172, 0.760742, 0.775187, 0.775239, 0.776206, 0.776243, 0.783801, 0.792676, 0.826366, 0.826383
elapsed time for k point: 7 seconds.
solve_kpoint (0.321782,0.321782,0.321782):
Solving for bands 1 to 10...
Finished solving for bands 1 to 10 after 7 iterations.
Solving for bands 11 to 20...
Finished solving for bands 11 to 20 after 10 iterations.
Solving for bands 21 to 30...
Finished solving for bands 21 to 30 after 9 iterations.
Solving for bands 31 to 40...
Finished solving for bands 31 to 40 after 12 iterations.
Finished k-point with 9.5 mean iterations/band.
freqs:, 369, 0.321782, 0.321782, 0.321782, 0.557343, 0.298117, 0.298124, 0.381087, 0.467165, 0.467181, 0.484252, 0.508867, 0.508901, 0.533708, 0.533737, 0.553581, 0.556403, 0.593215, 0.593297, 0.632531, 0.632596, 0.652349, 0.652406, 0.658477, 0.661759, 0.685677, 0.685736, 0.696319, 0.697401, 0.697418, 0.707839, 0.707854, 0.717219, 0.734965, 0.734992, 0.759355, 0.760973, 0.775224, 0.775277, 0.776534, 0.77657, 0.785161, 0.793356, 0.825351, 0.825369
elapsed time for k point: 6 seconds.
solve_kpoint (0.326733,0.326733,0.326733):
Solving for bands 1 to 10...
Finished solving for bands 1 to 10 after 7 iterations.
Solving for bands 11 to 20...
Finished solving for bands 11 to 20 after 10 iterations.
Solving for bands 21 to 30...
Finished solving for bands 21 to 30 after 9 iterations.
Solving for bands 31 to 40...
Finished solving for bands 31 to 40 after 12 iterations.
Finished k-point with 9.5 mean iterations/band.
freqs:, 370, 0.326733, 0.326733, 0.326733, 0.565918, 0.300967, 0.300974, 0.379222, 0.467436, 0.467453, 0.484238, 0.509136, 0.509169, 0.532871, 0.532901, 0.551607, 0.555147, 0.592222, 0.592304, 0.633219, 0.633283, 0.65145, 0.651507, 0.659257, 0.6621, 0.68619, 0.686248, 0.696613, 0.697136, 0.697152, 0.708564, 0.708579, 0.717673, 0.735401, 0.735429, 0.75851, 0.761147, 0.775247, 0.7753, 0.776835, 0.776872, 0.786603, 0.794058, 0.824341, 0.824359
elapsed time for k point: 7 seconds.
solve_kpoint (0.331683,0.331683,0.331683):
Solving for bands 1 to 10...
Finished solving for bands 1 to 10 after 7 iterations.
Solving for bands 11 to 20...
Finished solving for bands 11 to 20 after 9 iterations.
Solving for bands 21 to 30...
Finished solving for bands 21 to 30 after 9 iterations.
Solving for bands 31 to 40...
Finished solving for bands 31 to 40 after 12 iterations.
Finished k-point with 9.25 mean iterations/band.
freqs:, 371, 0.331683, 0.331683, 0.331683, 0.574492, 0.303722, 0.303729, 0.377396, 0.467778, 0.467795, 0.484258, 0.509421, 0.509454, 0.532046, 0.532076, 0.549674, 0.553877, 0.591193, 0.591276, 0.633905, 0.633969, 0.650561, 0.650618, 0.660009, 0.662437, 0.686657, 0.686715, 0.696914, 0.696922, 0.696936, 0.709289, 0.709305, 0.718132, 0.735826, 0.735854, 0.757641, 0.761272, 0.775257, 0.77531, 0.777107, 0.777144, 0.788116, 0.794776, 0.823341, 0.823359
elapsed time for k point: 6 seconds.
solve_kpoint (0.336634,0.336634,0.336634):
Solving for bands 1 to 10...
Finished solving for bands 1 to 10 after 7 iterations.
Solving for bands 11 to 20...
Finished solving for bands 11 to 20 after 9 iterations.
Solving for bands 21 to 30...
Finished solving for bands 21 to 30 after 9 iterations.
Solving for bands 31 to 40...
Finished solving for bands 31 to 40 after 12 iterations.
Finished k-point with 9.25 mean iterations/band.
freqs:, 372, 0.336634, 0.336634, 0.336634, 0.583067, 0.306381, 0.306388, 0.375609, 0.468191, 0.468208, 0.48431, 0.509721, 0.509754, 0.531233, 0.531263, 0.547782, 0.552596, 0.590134, 0.590217, 0.634576, 0.634639, 0.649696, 0.649753, 0.660736, 0.662769, 0.687067, 0.687124, 0.696768, 0.696782, 0.697228, 0.710014, 0.71003, 0.718595, 0.736239, 0.736268, 0.756752, 0.761356, 0.775254, 0.775307, 0.777344, 0.777381, 0.789692, 0.795507, 0.822357, 0.822375
elapsed time for k point: 6 seconds.
solve_kpoint (0.341584,0.341584,0.341584):
Solving for bands 1 to 10...
Finished solving for bands 1 to 10 after 7 iterations.
Solving for bands 11 to 20...
Finished solving for bands 11 to 20 after 9 iterations.
Solving for bands 21 to 30...
Finished solving for bands 21 to 30 after 9 iterations.
Solving for bands 31 to 40...
Finished solving for bands 31 to 40 after 11 iterations.
Finished k-point with 9 mean iterations/band.
freqs:, 373, 0.341584, 0.341584, 0.341584, 0.591641, 0.308943, 0.308949, 0.373863, 0.468673, 0.46869, 0.484396, 0.510036, 0.510069, 0.530435, 0.530465, 0.545934, 0.551305, 0.58905, 0.589133, 0.635211, 0.635274, 0.648875, 0.648932, 0.661437, 0.663097, 0.687403, 0.68746, 0.696689, 0.696704, 0.697548, 0.710738, 0.710754, 0.719059, 0.736641, 0.736671, 0.755847, 0.761406, 0.775238, 0.775291, 0.777543, 0.777579, 0.791321, 0.796248, 0.821394, 0.821413
elapsed time for k point: 6 seconds.
solve_kpoint (0.346535,0.346535,0.346535):
Solving for bands 1 to 10...
Finished solving for bands 1 to 10 after 7 iterations.
Solving for bands 11 to 20...
Finished solving for bands 11 to 20 after 9 iterations.
Solving for bands 21 to 30...
Finished solving for bands 21 to 30 after 9 iterations.
Solving for bands 31 to 40...
Finished solving for bands 31 to 40 after 11 iterations.
Finished k-point with 9 mean iterations/band.
freqs:, 374, 0.346535, 0.346535, 0.346535, 0.600216, 0.311406, 0.311412, 0.372158, 0.469223, 0.46924, 0.484514, 0.510365, 0.510397, 0.529651, 0.529681, 0.544129, 0.550005, 0.587944, 0.588028, 0.635783, 0.635846, 0.648123, 0.64818, 0.662113, 0.66342, 0.687654, 0.68771, 0.696696, 0.696712, 0.697879, 0.71146, 0.711476, 0.719524, 0.737033, 0.737063, 0.754927, 0.761427, 0.775208, 0.775261, 0.777698, 0.777735, 0.792996, 0.796996, 0.820459, 0.820478
elapsed time for k point: 6 seconds.
solve_kpoint (0.351485,0.351485,0.351485):
Solving for bands 1 to 10...
Finished solving for bands 1 to 10 after 7 iterations.
Solving for bands 11 to 20...
Finished solving for bands 11 to 20 after 9 iterations.
Solving for bands 21 to 30...
Finished solving for bands 21 to 30 after 9 iterations.
Solving for bands 31 to 40...
Finished solving for bands 31 to 40 after 11 iterations.
Finished k-point with 9 mean iterations/band.
freqs:, 375, 0.351485, 0.351485, 0.351485, 0.60879, 0.313771, 0.313777, 0.370497, 0.469841, 0.469858, 0.484665, 0.510705, 0.510737, 0.528882, 0.528913, 0.542369, 0.548697, 0.58682, 0.586905, 0.636257, 0.63632, 0.647477, 0.647533, 0.662765, 0.663737, 0.68781, 0.687864, 0.696797, 0.696814, 0.69822, 0.71218, 0.712196, 0.719986, 0.737413, 0.737444, 0.753997, 0.761425, 0.775165, 0.775218, 0.777807, 0.777844, 0.794709, 0.797747, 0.819556, 0.819575
elapsed time for k point: 6 seconds.
solve_kpoint (0.356436,0.356436,0.356436):
Solving for bands 1 to 10...
Finished solving for bands 1 to 10 after 8 iterations.
Solving for bands 11 to 20...
Finished solving for bands 11 to 20 after 9 iterations.
Solving for bands 21 to 30...
Finished solving for bands 21 to 30 after 9 iterations.
Solving for bands 31 to 40...
Finished solving for bands 31 to 40 after 11 iterations.
Finished k-point with 9.25 mean iterations/band.
freqs:, 376, 0.356436, 0.356436, 0.356436, 0.617365, 0.316037, 0.316043, 0.368879, 0.470524, 0.470541, 0.484848, 0.511056, 0.511088, 0.52813, 0.528161, 0.540656, 0.547383, 0.585683, 0.585768, 0.636588, 0.636651, 0.64698, 0.647036, 0.663391, 0.664049, 0.687866, 0.687918, 0.696995, 0.697013, 0.698571, 0.712896, 0.712912, 0.720445, 0.737783, 0.737815, 0.753058, 0.761404, 0.775106, 0.77516, 0.777865, 0.777903, 0.796454, 0.7985, 0.818691, 0.81871
elapsed time for k point: 6 seconds.
solve_kpoint (0.361386,0.361386,0.361386):
Solving for bands 1 to 10...
Finished solving for bands 1 to 10 after 8 iterations.
Solving for bands 11 to 20...
Finished solving for bands 11 to 20 after 9 iterations.
Solving for bands 21 to 30...
Finished solving for bands 21 to 30 after 9 iterations.
Solving for bands 31 to 40...
Finished solving for bands 31 to 40 after 11 iterations.
Finished k-point with 9.25 mean iterations/band.
freqs:, 377, 0.361386, 0.361386, 0.361386, 0.625939, 0.318203, 0.318209, 0.367306, 0.47127, 0.471287, 0.485063, 0.511415, 0.511447, 0.527394, 0.527426, 0.538991, 0.546065, 0.584537, 0.584622, 0.636731, 0.636795, 0.64668, 0.646735, 0.663994, 0.664353, 0.687824, 0.687874, 0.697285, 0.697305, 0.698935, 0.713608, 0.713623, 0.720899, 0.738143, 0.738176, 0.752113, 0.761368, 0.775032, 0.775085, 0.777872, 0.777909, 0.798225, 0.799251, 0.817868, 0.817888
elapsed time for k point: 7 seconds.
solve_kpoint (0.366337,0.366337,0.366337):
Solving for bands 1 to 10...
Finished solving for bands 1 to 10 after 8 iterations.
Solving for bands 11 to 20...
Finished solving for bands 11 to 20 after 9 iterations.
Solving for bands 21 to 30...
Finished solving for bands 21 to 30 after 10 iterations.
Solving for bands 31 to 40...
Finished solving for bands 31 to 40 after 11 iterations.
Finished k-point with 9.5 mean iterations/band.
freqs:, 378, 0.366337, 0.366337, 0.366337, 0.634514, 0.320271, 0.320277, 0.365778, 0.472077, 0.472094, 0.485309, 0.511782, 0.511813, 0.526677, 0.526708, 0.537374, 0.544744, 0.583384, 0.58347, 0.636652, 0.636716, 0.64661, 0.646664, 0.664573, 0.664651, 0.687691, 0.68774, 0.697658, 0.697681, 0.699309, 0.714314, 0.71433, 0.721346, 0.738495, 0.738528, 0.751165, 0.76132, 0.774939, 0.774992, 0.777825, 0.777863, 0.799998, 0.800018, 0.817094, 0.817114
elapsed time for k point: 6 seconds.
solve_kpoint (0.371287,0.371287,0.371287):
Solving for bands 1 to 10...
Finished solving for bands 1 to 10 after 8 iterations.
Solving for bands 11 to 20...
Finished solving for bands 11 to 20 after 9 iterations.
Solving for bands 21 to 30...
Finished solving for bands 21 to 30 after 10 iterations.
Solving for bands 31 to 40...
Finished solving for bands 31 to 40 after 11 iterations.
Finished k-point with 9.5 mean iterations/band.
freqs:, 379, 0.371287, 0.371287, 0.371287, 0.643088, 0.322241, 0.322247, 0.364296, 0.472941, 0.472959, 0.485587, 0.512153, 0.512183, 0.525978, 0.52601, 0.535806, 0.543422, 0.58223, 0.582316, 0.636346, 0.636411, 0.646776, 0.646828, 0.664941, 0.665128, 0.687478, 0.687525, 0.698103, 0.698127, 0.699696, 0.715014, 0.71503, 0.721785, 0.738838, 0.738872, 0.750216, 0.761262, 0.774824, 0.774877, 0.777725, 0.777764, 0.800739, 0.801826, 0.816371, 0.816391
elapsed time for k point: 6 seconds.
solve_kpoint (0.376238,0.376238,0.376238):
Solving for bands 1 to 10...
Finished solving for bands 1 to 10 after 8 iterations.
Solving for bands 11 to 20...
Finished solving for bands 11 to 20 after 9 iterations.
Solving for bands 21 to 30...
Finished solving for bands 21 to 30 after 10 iterations.
Solving for bands 31 to 40...
Finished solving for bands 31 to 40 after 11 iterations.
Finished k-point with 9.5 mean iterations/band.
freqs:, 380, 0.376238, 0.376238, 0.376238, 0.651663, 0.324113, 0.324119, 0.362862, 0.47386, 0.473878, 0.485895, 0.512527, 0.512557, 0.525298, 0.52533, 0.53429, 0.5421, 0.581076, 0.581162, 0.635839, 0.635905, 0.647152, 0.647204, 0.665224, 0.665661, 0.687196, 0.687241, 0.698605, 0.698631, 0.700095, 0.715707, 0.715723, 0.722214, 0.739174, 0.739209, 0.749267, 0.761196, 0.774683, 0.774735, 0.777575, 0.777615, 0.801472, 0.803645, 0.815703, 0.815724
elapsed time for k point: 7 seconds.
solve_kpoint (0.381188,0.381188,0.381188):
Solving for bands 1 to 10...
Finished solving for bands 1 to 10 after 8 iterations.
Solving for bands 11 to 20...
Finished solving for bands 11 to 20 after 9 iterations.
Solving for bands 21 to 30...
Finished solving for bands 21 to 30 after 10 iterations.
Solving for bands 31 to 40...
Finished solving for bands 31 to 40 after 11 iterations.
Finished k-point with 9.5 mean iterations/band.
freqs:, 381, 0.381188, 0.381188, 0.381188, 0.660237, 0.325889, 0.325895, 0.361477, 0.47483, 0.474848, 0.486233, 0.512901, 0.512931, 0.524638, 0.52467, 0.532824, 0.54078, 0.579927, 0.580014, 0.635174, 0.63524, 0.647699, 0.64775, 0.665497, 0.66617, 0.686855, 0.686899, 0.699153, 0.69918, 0.700506, 0.71639, 0.716406, 0.72263, 0.739504, 0.73954, 0.748321, 0.761126, 0.774508, 0.77456, 0.777382, 0.777422, 0.802195, 0.805472, 0.815093, 0.815114
elapsed time for k point: 6 seconds.
solve_kpoint (0.386139,0.386139,0.386139):
Solving for bands 1 to 10...
Finished solving for bands 1 to 10 after 8 iterations.
Solving for bands 11 to 20...
Finished solving for bands 11 to 20 after 9 iterations.
Solving for bands 21 to 30...
Finished solving for bands 21 to 30 after 11 iterations.
Solving for bands 31 to 40...
Finished solving for bands 31 to 40 after 11 iterations.
Finished k-point with 9.75 mean iterations/band.
freqs:, 382, 0.386139, 0.386139, 0.386139, 0.668812, 0.327571, 0.327576, 0.36014, 0.475846, 0.475865, 0.486601, 0.513274, 0.513303, 0.523999, 0.524031, 0.531412, 0.539464, 0.578787, 0.578874, 0.634393, 0.634461, 0.648374, 0.648424, 0.665762, 0.666657, 0.686465, 0.686507, 0.699735, 0.699763, 0.700929, 0.717064, 0.717079, 0.723034, 0.73983, 0.739867, 0.747381, 0.761051, 0.77429, 0.774341, 0.777153, 0.777195, 0.802906, 0.8073, 0.814543, 0.814564
elapsed time for k point: 6 seconds.
solve_kpoint (0.391089,0.391089,0.391089):
Solving for bands 1 to 10...
Finished solving for bands 1 to 10 after 8 iterations.
Solving for bands 11 to 20...
Finished solving for bands 11 to 20 after 9 iterations.
Solving for bands 21 to 30...
Finished solving for bands 21 to 30 after 12 iterations.
Solving for bands 31 to 40...
Finished solving for bands 31 to 40 after 11 iterations.
Finished k-point with 10 mean iterations/band.
freqs:, 383, 0.391089, 0.391089, 0.391089, 0.677386, 0.329158, 0.329164, 0.358853, 0.476905, 0.476924, 0.486996, 0.513642, 0.51367, 0.523381, 0.523413, 0.530052, 0.538153, 0.577658, 0.577746, 0.633534, 0.633601, 0.649142, 0.649191, 0.666018, 0.667122, 0.686032, 0.686074, 0.700342, 0.700371, 0.701365, 0.717725, 0.717741, 0.723422, 0.740152, 0.740191, 0.746449, 0.760973, 0.774019, 0.774068, 0.776903, 0.776946, 0.803601, 0.809126, 0.814053, 0.814074
elapsed time for k point: 7 seconds.
solve_kpoint (0.39604,0.39604,0.39604):
Solving for bands 1 to 10...
Finished solving for bands 1 to 10 after 8 iterations.
Solving for bands 11 to 20...
Finished solving for bands 11 to 20 after 9 iterations.
Solving for bands 21 to 30...
Finished solving for bands 21 to 30 after 12 iterations.
Solving for bands 31 to 40...
Finished solving for bands 31 to 40 after 11 iterations.
Finished k-point with 10 mean iterations/band.
freqs:, 384, 0.39604, 0.39604, 0.39604, 0.685961, 0.330654, 0.330659, 0.357618, 0.478002, 0.478021, 0.487419, 0.514002, 0.514029, 0.522785, 0.522817, 0.528747, 0.53685, 0.576546, 0.576634, 0.632622, 0.632691, 0.649978, 0.650027, 0.666263, 0.667564, 0.685563, 0.685604, 0.700965, 0.700995, 0.701812, 0.718373, 0.718388, 0.723793, 0.740473, 0.740513, 0.745526, 0.760894, 0.773682, 0.773729, 0.776646, 0.77669, 0.804281, 0.810946, 0.813623, 0.813644
elapsed time for k point: 7 seconds.
solve_kpoint (0.40099,0.40099,0.40099):
Solving for bands 1 to 10...
Finished solving for bands 1 to 10 after 8 iterations.
Solving for bands 11 to 20...
Finished solving for bands 11 to 20 after 9 iterations.
Solving for bands 21 to 30...
Finished solving for bands 21 to 30 after 12 iterations.
Solving for bands 31 to 40...
Finished solving for bands 31 to 40 after 11 iterations.
Finished k-point with 10 mean iterations/band.
freqs:, 385, 0.40099, 0.40099, 0.40099, 0.694535, 0.33206, 0.332065, 0.356434, 0.479131, 0.47915, 0.487868, 0.514351, 0.514378, 0.522211, 0.522244, 0.527497, 0.535555, 0.575452, 0.57554, 0.631679, 0.631748, 0.650864, 0.650912, 0.666499, 0.667985, 0.685062, 0.685102, 0.701598, 0.701629, 0.70227, 0.719005, 0.71902, 0.724146, 0.740795, 0.740835, 0.744617, 0.760815, 0.773268, 0.773314, 0.776395, 0.776441, 0.804942, 0.812754, 0.813251, 0.813272
elapsed time for k point: 6 seconds.
solve_kpoint (0.405941,0.405941,0.405941):
Solving for bands 1 to 10...
Finished solving for bands 1 to 10 after 8 iterations.
Solving for bands 11 to 20...
Finished solving for bands 11 to 20 after 9 iterations.
Solving for bands 21 to 30...
Finished solving for bands 21 to 30 after 12 iterations.
Solving for bands 31 to 40...
Finished solving for bands 31 to 40 after 11 iterations.
Finished k-point with 10 mean iterations/band.
freqs:, 386, 0.405941, 0.405941, 0.405941, 0.70311, 0.333378, 0.333383, 0.355302, 0.480287, 0.480306, 0.488342, 0.514687, 0.514713, 0.521661, 0.521694, 0.526303, 0.534273, 0.574381, 0.57447, 0.630721, 0.63079, 0.651787, 0.651834, 0.666725, 0.668384, 0.684533, 0.684572, 0.702236, 0.702267, 0.702738, 0.719619, 0.719634, 0.724478, 0.741118, 0.74116, 0.743723, 0.760736, 0.772772, 0.772816, 0.776163, 0.776211, 0.805584, 0.812934, 0.812955, 0.814546
elapsed time for k point: 7 seconds.
solve_kpoint (0.410891,0.410891,0.410891):
Solving for bands 1 to 10...
Finished solving for bands 1 to 10 after 9 iterations.
Solving for bands 11 to 20...
Finished solving for bands 11 to 20 after 9 iterations.
Solving for bands 21 to 30...
Finished solving for bands 21 to 30 after 13 iterations.
Solving for bands 31 to 40...
Finished solving for bands 31 to 40 after 11 iterations.
Finished k-point with 10.5 mean iterations/band.
freqs:, 387, 0.410891, 0.410891, 0.410891, 0.711684, 0.334611, 0.334616, 0.354223, 0.481464, 0.481484, 0.488839, 0.515004, 0.51503, 0.521136, 0.521168, 0.525165, 0.533004, 0.573337, 0.573426, 0.629758, 0.629828, 0.652736, 0.652782, 0.666939, 0.668761, 0.683978, 0.684016, 0.702873, 0.702904, 0.703216, 0.720214, 0.720229, 0.724787, 0.741446, 0.741488, 0.742848, 0.760658, 0.772194, 0.772237, 0.775954, 0.776003, 0.806203, 0.81267, 0.812691, 0.816317
elapsed time for k point: 7 seconds.
solve_kpoint (0.415842,0.415842,0.415842):
Solving for bands 1 to 10...
Finished solving for bands 1 to 10 after 9 iterations.
Solving for bands 11 to 20...
Finished solving for bands 11 to 20 after 9 iterations.
Solving for bands 21 to 30...
Finished solving for bands 21 to 30 after 14 iterations.
Solving for bands 31 to 40...
Finished solving for bands 31 to 40 after 11 iterations.
Finished k-point with 10.75 mean iterations/band.
freqs:, 388, 0.415842, 0.415842, 0.415842, 0.720259, 0.33576, 0.335765, 0.353199, 0.482657, 0.482677, 0.489357, 0.515301, 0.515326, 0.520636, 0.520668, 0.524085, 0.531752, 0.572323, 0.572413, 0.6288, 0.628871, 0.653704, 0.65375, 0.667143, 0.669117, 0.683399, 0.683437, 0.703504, 0.703536, 0.703702, 0.720786, 0.720802, 0.725072, 0.741779, 0.741823, 0.741994, 0.760582, 0.771541, 0.771582, 0.775768, 0.775819, 0.806799, 0.812454, 0.812475, 0.818062
elapsed time for k point: 7 seconds.
solve_kpoint (0.420792,0.420792,0.420792):
Solving for bands 1 to 10...
Finished solving for bands 1 to 10 after 9 iterations.
Solving for bands 11 to 20...
Finished solving for bands 11 to 20 after 9 iterations.
Solving for bands 21 to 30...
Finished solving for bands 21 to 30 after 14 iterations.
Solving for bands 31 to 40...
Finished solving for bands 31 to 40 after 11 iterations.
Finished k-point with 10.75 mean iterations/band.
freqs:, 389, 0.420792, 0.420792, 0.420792, 0.728833, 0.336828, 0.336833, 0.352228, 0.483858, 0.483878, 0.489895, 0.515572, 0.515596, 0.520163, 0.520196, 0.523063, 0.530518, 0.571343, 0.571434, 0.627857, 0.627928, 0.654686, 0.654731, 0.667335, 0.669452, 0.682798, 0.682836, 0.704125, 0.704159, 0.704197, 0.721335, 0.72135, 0.725331, 0.742121, 0.742166, 0.741167, 0.760508, 0.770821, 0.770861, 0.775604, 0.775657, 0.80737, 0.812282, 0.812303, 0.819774
elapsed time for k point: 7 seconds.
solve_kpoint (0.425743,0.425743,0.425743):
Solving for bands 1 to 10...
Finished solving for bands 1 to 10 after 9 iterations.
Solving for bands 11 to 20...
Finished solving for bands 11 to 20 after 9 iterations.
Solving for bands 21 to 30...
Finished solving for bands 21 to 30 after 15 iterations.
Solving for bands 31 to 40...
Finished solving for bands 31 to 40 after 11 iterations.
Finished k-point with 11 mean iterations/band.
freqs:, 390, 0.425743, 0.425743, 0.425743, 0.737408, 0.337818, 0.337822, 0.351314, 0.48506, 0.485081, 0.49045, 0.515812, 0.515835, 0.519721, 0.519753, 0.522099, 0.529307, 0.570402, 0.570493, 0.626934, 0.627005, 0.655678, 0.655722, 0.667517, 0.669766, 0.682176, 0.682213, 0.704687, 0.704742, 0.704769, 0.721858, 0.721873, 0.72556, 0.742472, 0.742519, 0.740369, 0.760437, 0.770047, 0.770085, 0.775459, 0.775512, 0.807913, 0.812149, 0.812171, 0.821448
elapsed time for k point: 8 seconds.
solve_kpoint (0.430693,0.430693,0.430693):
Solving for bands 1 to 10...
Finished solving for bands 1 to 10 after 9 iterations.
Solving for bands 11 to 20...
Finished solving for bands 11 to 20 after 9 iterations.
Solving for bands 21 to 30...
Finished solving for bands 21 to 30 after 15 iterations.
Solving for bands 31 to 40...
Finished solving for bands 31 to 40 after 11 iterations.
Finished k-point with 11 mean iterations/band.
freqs:, 391, 0.430693, 0.430693, 0.430693, 0.745982, 0.338731, 0.338735, 0.350455, 0.486257, 0.486279, 0.491019, 0.516016, 0.516038, 0.519312, 0.519344, 0.521195, 0.528121, 0.569502, 0.569594, 0.626038, 0.62611, 0.656675, 0.656719, 0.667687, 0.670059, 0.681534, 0.681571, 0.705189, 0.705332, 0.705362, 0.722352, 0.722367, 0.725759, 0.742835, 0.742884, 0.739605, 0.760369, 0.769229, 0.769265, 0.775329, 0.775383, 0.808429, 0.812051, 0.812073, 0.823077
elapsed time for k point: 7 seconds.
solve_kpoint (0.435644,0.435644,0.435644):
Solving for bands 1 to 10...
Finished solving for bands 1 to 10 after 10 iterations.
Solving for bands 11 to 20...
Finished solving for bands 11 to 20 after 9 iterations.
Solving for bands 21 to 30...
Finished solving for bands 21 to 30 after 16 iterations.
Solving for bands 31 to 40...
Finished solving for bands 31 to 40 after 11 iterations.
Finished k-point with 11.5 mean iterations/band.
freqs:, 392, 0.435644, 0.435644, 0.435644, 0.754557, 0.339569, 0.339574, 0.349652, 0.487442, 0.487463, 0.491599, 0.516177, 0.516198, 0.518941, 0.518973, 0.52035, 0.526964, 0.568648, 0.56874, 0.625175, 0.625248, 0.657675, 0.657718, 0.667845, 0.670331, 0.680873, 0.68091, 0.70569, 0.705905, 0.705935, 0.722815, 0.72283, 0.725924, 0.74321, 0.743261, 0.738881, 0.760305, 0.768378, 0.768413, 0.775212, 0.775267, 0.808914, 0.811983, 0.812005, 0.824655
elapsed time for k point: 7 seconds.
solve_kpoint (0.440594,0.440594,0.440594):
Solving for bands 1 to 10...
Finished solving for bands 1 to 10 after 10 iterations.
Solving for bands 11 to 20...
Finished solving for bands 11 to 20 after 9 iterations.
Solving for bands 21 to 30...
Finished solving for bands 21 to 30 after 17 iterations.
Solving for bands 31 to 40...
Finished solving for bands 31 to 40 after 11 iterations.
Finished k-point with 11.75 mean iterations/band.
freqs:, 393, 0.440594, 0.440594, 0.440594, 0.763131, 0.340336, 0.34034, 0.348907, 0.488604, 0.488626, 0.492186, 0.516285, 0.516305, 0.518617, 0.518648, 0.519566, 0.525841, 0.567843, 0.567935, 0.624351, 0.624424, 0.658675, 0.658718, 0.667991, 0.670583, 0.680194, 0.680231, 0.706187, 0.706454, 0.706484, 0.723247, 0.723261, 0.726053, 0.743598, 0.743652, 0.738201, 0.760244, 0.767505, 0.767539, 0.775107, 0.775162, 0.809369, 0.81194, 0.811962, 0.826172
elapsed time for k point: 8 seconds.
solve_kpoint (0.445545,0.445545,0.445545):
Solving for bands 1 to 10...
Finished solving for bands 1 to 10 after 10 iterations.
Solving for bands 11 to 20...
Finished solving for bands 11 to 20 after 9 iterations.
Solving for bands 21 to 30...
    iteration   25: trace = 5.103550175096967 (0.00170651% change)
    iteration   50: trace = 5.101718469233545 (0.000639392% change)
    iteration   75: trace = 5.095374006901513 (0.00850438% change)
Finished solving for bands 21 to 30 after 87 iterations.
Solving for bands 31 to 40...
Finished solving for bands 31 to 40 after 16 iterations.
Finished k-point with 30.5 mean iterations/band.
freqs:, 394, 0.445545, 0.445545, 0.445545, 0.771706, 0.341033, 0.341037, 0.34822, 0.489737, 0.48976, 0.492776, 0.516331, 0.516349, 0.518349, 0.518379, 0.518843, 0.524756, 0.56709, 0.567183, 0.62357, 0.623644, 0.659672, 0.659714, 0.668126, 0.670814, 0.679498, 0.679534, 0.706677, 0.706977, 0.707006, 0.723644, 0.723659, 0.726146, 0.737567, 0.744044, 0.744013, 0.760187, 0.766621, 0.766654, 0.775011, 0.775067, 0.809791, 0.811918, 0.811939, 0.827622
elapsed time for k point: 20 seconds.
solve_kpoint (0.450495,0.450495,0.450495):
Solving for bands 1 to 10...
Finished solving for bands 1 to 10 after 10 iterations.
Solving for bands 11 to 20...
Finished solving for bands 11 to 20 after 10 iterations.
Solving for bands 21 to 30...
Finished solving for bands 21 to 30 after 12 iterations.
Solving for bands 31 to 40...
Finished solving for bands 31 to 40 after 11 iterations.
Finished k-point with 10.75 mean iterations/band.
freqs:, 395, 0.450495, 0.450495, 0.450495, 0.78028, 0.341662, 0.341666, 0.34759, 0.490831, 0.490854, 0.493363, 0.516307, 0.516325, 0.518145, 0.518172, 0.518182, 0.523716, 0.566393, 0.566486, 0.622838, 0.622912, 0.660665, 0.660707, 0.668249, 0.671025, 0.678785, 0.678821, 0.707157, 0.707469, 0.707498, 0.724007, 0.724022, 0.726201, 0.736987, 0.74446, 0.744429, 0.760135, 0.765737, 0.765768, 0.774925, 0.774981, 0.810181, 0.811912, 0.811933, 0.828995
elapsed time for k point: 7 seconds.
solve_kpoint (0.455446,0.455446,0.455446):
Solving for bands 1 to 10...
Finished solving for bands 1 to 10 after 11 iterations.
Solving for bands 11 to 20...
Finished solving for bands 11 to 20 after 11 iterations.
Solving for bands 21 to 30...
Finished solving for bands 21 to 30 after 12 iterations.
Solving for bands 31 to 40...
Finished solving for bands 31 to 40 after 11 iterations.
Finished k-point with 11.25 mean iterations/band.
freqs:, 396, 0.455446, 0.455446, 0.455446, 0.788855, 0.342225, 0.342229, 0.347019, 0.491875, 0.491899, 0.493941, 0.516214, 0.516232, 0.518003, 0.518028, 0.517582, 0.522727, 0.565755, 0.565848, 0.62216, 0.622234, 0.661651, 0.661692, 0.668361, 0.671216, 0.678056, 0.678092, 0.707621, 0.707927, 0.707956, 0.724334, 0.724348, 0.726219, 0.736465, 0.744887, 0.744855, 0.760087, 0.764863, 0.764893, 0.774847, 0.774903, 0.810535, 0.811919, 0.81194, 0.830281
elapsed time for k point: 7 seconds.
solve_kpoint (0.460396,0.460396,0.460396):
Solving for bands 1 to 10...
Finished solving for bands 1 to 10 after 11 iterations.
Solving for bands 11 to 20...
Finished solving for bands 11 to 20 after 12 iterations.
Solving for bands 21 to 30...
Finished solving for bands 21 to 30 after 13 iterations.
Solving for bands 31 to 40...
Finished solving for bands 31 to 40 after 11 iterations.
Finished k-point with 11.75 mean iterations/band.
freqs:, 397, 0.460396, 0.460396, 0.460396, 0.797429, 0.342724, 0.342728, 0.346507, 0.49286, 0.492885, 0.494502, 0.516067, 0.516087, 0.517912, 0.517936, 0.517044, 0.521797, 0.565177, 0.565272, 0.621539, 0.621614, 0.662627, 0.662667, 0.66846, 0.671386, 0.677313, 0.67735, 0.708064, 0.708349, 0.708377, 0.724624, 0.724639, 0.726203, 0.736004, 0.745319, 0.745286, 0.760044, 0.764011, 0.764039, 0.774777, 0.774834, 0.810855, 0.811934, 0.811956, 0.831471
elapsed time for k point: 8 seconds.
solve_kpoint (0.465347,0.465347,0.465347):
Solving for bands 1 to 10...
Finished solving for bands 1 to 10 after 12 iterations.
Solving for bands 11 to 20...
Finished solving for bands 11 to 20 after 13 iterations.
Solving for bands 21 to 30...
Finished solving for bands 21 to 30 after 14 iterations.
Solving for bands 31 to 40...
Finished solving for bands 31 to 40 after 11 iterations.
Finished k-point with 12.5 mean iterations/band.
freqs:, 398, 0.465347, 0.465347, 0.465347, 0.806004, 0.34316, 0.343164, 0.346054, 0.493773, 0.493798, 0.495038, 0.515888, 0.515909, 0.517855, 0.517878, 0.516569, 0.520934, 0.564664, 0.564758, 0.62098, 0.621055, 0.663591, 0.66363, 0.668548, 0.671536, 0.676557, 0.676594, 0.70848, 0.70873, 0.708758, 0.724879, 0.724894, 0.726156, 0.735604, 0.745751, 0.745717, 0.760005, 0.763194, 0.763221, 0.774715, 0.774772, 0.811139, 0.811956, 0.811977, 0.832555
elapsed time for k point: 8 seconds.
solve_kpoint (0.470297,0.470297,0.470297):
Solving for bands 1 to 10...
Finished solving for bands 1 to 10 after 13 iterations.
Solving for bands 11 to 20...
Finished solving for bands 11 to 20 after 14 iterations.
Solving for bands 21 to 30...
Finished solving for bands 21 to 30 after 15 iterations.
Solving for bands 31 to 40...
Finished solving for bands 31 to 40 after 11 iterations.
Finished k-point with 13.25 mean iterations/band.
freqs:, 399, 0.470297, 0.470297, 0.470297, 0.814578, 0.343535, 0.343539, 0.345661, 0.494603, 0.494629, 0.495539, 0.515697, 0.515719, 0.517817, 0.517839, 0.516158, 0.52015, 0.564215, 0.56431, 0.620487, 0.620563, 0.664538, 0.664577, 0.668624, 0.671666, 0.675792, 0.675829, 0.708862, 0.709068, 0.709095, 0.725097, 0.725112, 0.726085, 0.735266, 0.746174, 0.74614, 0.759972, 0.762427, 0.762451, 0.774662, 0.774719, 0.811386, 0.81198, 0.812002, 0.833522
elapsed time for k point: 9 seconds.
solve_kpoint (0.475248,0.475248,0.475248):
Solving for bands 1 to 10...
    iteration   30: trace = 2.159993774511245 (0.000529423% change)
    iteration   60: trace = 2.159591607632205 (0.000345668% change)
    iteration   90: trace = 2.158183707442706 (5.1448e-05% change)
Finished solving for bands 1 to 10 after 101 iterations.
Solving for bands 11 to 20...
Finished solving for bands 11 to 20 after 16 iterations.
Solving for bands 21 to 30...
Finished solving for bands 21 to 30 after 15 iterations.
Solving for bands 31 to 40...
Finished solving for bands 31 to 40 after 12 iterations.
Finished k-point with 36 mean iterations/band.
freqs:, 400, 0.475248, 0.475248, 0.475248, 0.823153, 0.34385, 0.343855, 0.345328, 0.495336, 0.495363, 0.495994, 0.51551, 0.515532, 0.515806, 0.5178, 0.517803, 0.519456, 0.563833, 0.563928, 0.620064, 0.62014, 0.665464, 0.665503, 0.668689, 0.671776, 0.675021, 0.675059, 0.709203, 0.70936, 0.709386, 0.72528, 0.725295, 0.726, 0.734989, 0.746578, 0.746542, 0.759943, 0.761724, 0.761747, 0.774616, 0.774673, 0.811595, 0.812005, 0.812027, 0.834361
elapsed time for k point: 21 seconds.
solve_kpoint (0.480198,0.480198,0.480198):
Solving for bands 1 to 10...
Finished solving for bands 1 to 10 after 13 iterations.
Solving for bands 11 to 20...
Finished solving for bands 11 to 20 after 16 iterations.
Solving for bands 21 to 30...
Finished solving for bands 21 to 30 after 16 iterations.
Solving for bands 31 to 40...
Finished solving for bands 31 to 40 after 12 iterations.
Finished k-point with 14.25 mean iterations/band.
freqs:, 401, 0.480198, 0.480198, 0.480198, 0.831727, 0.344107, 0.344111, 0.345056, 0.49596, 0.495987, 0.49639, 0.51534, 0.515362, 0.51552, 0.517776, 0.517779, 0.518864, 0.56352, 0.563615, 0.619713, 0.619789, 0.66636, 0.666398, 0.668742, 0.671866, 0.674253, 0.674291, 0.709495, 0.709603, 0.709628, 0.725428, 0.725443, 0.725909, 0.734769, 0.746947, 0.74691, 0.75992, 0.761106, 0.761127, 0.774579, 0.774636, 0.811768, 0.812029, 0.81205, 0.835064
elapsed time for k point: 9 seconds.
solve_kpoint (0.485149,0.485149,0.485149):
Solving for bands 1 to 10...
Finished solving for bands 1 to 10 after 13 iterations.
Solving for bands 11 to 20...
Finished solving for bands 11 to 20 after 16 iterations.
Solving for bands 21 to 30...
Finished solving for bands 21 to 30 after 16 iterations.
Solving for bands 31 to 40...
Finished solving for bands 31 to 40 after 12 iterations.
Finished k-point with 14.25 mean iterations/band.
freqs:, 402, 0.485149, 0.485149, 0.485149, 0.840302, 0.344305, 0.34431, 0.344843, 0.496461, 0.496489, 0.496716, 0.515198, 0.515217, 0.5153, 0.517757, 0.51776, 0.518385, 0.563275, 0.56337, 0.619437, 0.619514, 0.66721, 0.667247, 0.668783, 0.671936, 0.673505, 0.673543, 0.709729, 0.709797, 0.709819, 0.725542, 0.725557, 0.725824, 0.734603, 0.747264, 0.747227, 0.759902, 0.760592, 0.760611, 0.774549, 0.774607, 0.811902, 0.812049, 0.81207, 0.835622
elapsed time for k point: 9 seconds.
solve_kpoint (0.490099,0.490099,0.490099):
Solving for bands 1 to 10...
Finished solving for bands 1 to 10 after 13 iterations.
Solving for bands 11 to 20...
Finished solving for bands 11 to 20 after 17 iterations.
Solving for bands 21 to 30...
Finished solving for bands 21 to 30 after 16 iterations.
Solving for bands 31 to 40...
Finished solving for bands 31 to 40 after 12 iterations.
Finished k-point with 14.5 mean iterations/band.
freqs:, 403, 0.490099, 0.490099, 0.490099, 0.848876, 0.344447, 0.344451, 0.344692, 0.496827, 0.496858, 0.49696, 0.515089, 0.515103, 0.515146, 0.517742, 0.517746, 0.518034, 0.563099, 0.563195, 0.619239, 0.619315, 0.667975, 0.668012, 0.668812, 0.671985, 0.672811, 0.67285, 0.709898, 0.709942, 0.709957, 0.725622, 0.725638, 0.725756, 0.734487, 0.74751, 0.747472, 0.759888, 0.760204, 0.760221, 0.774529, 0.774586, 0.811996, 0.812066, 0.812085, 0.836026
elapsed time for k point: 10 seconds.
solve_kpoint (0.49505,0.49505,0.49505):
Solving for bands 1 to 10...
Finished solving for bands 1 to 10 after 13 iterations.
Solving for bands 11 to 20...
Finished solving for bands 11 to 20 after 17 iterations.
Solving for bands 21 to 30...
Finished solving for bands 21 to 30 after 16 iterations.
Solving for bands 31 to 40...
Finished solving for bands 31 to 40 after 12 iterations.
Finished k-point with 14.5 mean iterations/band.
freqs:, 404, 0.49505, 0.49505, 0.49505, 0.857451, 0.344531, 0.344536, 0.344601, 0.497047, 0.497083, 0.497114, 0.515022, 0.515025, 0.515061, 0.517733, 0.517736, 0.517819, 0.562994, 0.56309, 0.619119, 0.619196, 0.668568, 0.668606, 0.668832, 0.672015, 0.672259, 0.6723, 0.709995, 0.710036, 0.71004, 0.725667, 0.725687, 0.725713, 0.734419, 0.747666, 0.747629, 0.75988, 0.75996, 0.759978, 0.774516, 0.774574, 0.812048, 0.812082, 0.812095, 0.836271
elapsed time for k point: 9 seconds.
solve_kpoint (0.5,0.5,0.5):
Solving for bands 1 to 10...
Finished solving for bands 1 to 10 after 13 iterations.
Solving for bands 11 to 20...
Finished solving for bands 11 to 20 after 18 iterations.
Solving for bands 21 to 30...
Finished solving for bands 21 to 30 after 16 iterations.
Solving for bands 31 to 40...
Finished solving for bands 31 to 40 after 12 iterations.
Finished k-point with 14.75 mean iterations/band.
freqs:, 405, 0.5, 0.5, 0.5, 0.866025, 0.34456, 0.344564, 0.34457, 0.497119, 0.497159, 0.497169, 0.514996, 0.514999, 0.515035, 0.517729, 0.517731, 0.517749, 0.562959, 0.563054, 0.619079, 0.619155, 0.668798, 0.668851, 0.668853, 0.672024, 0.672029, 0.672071, 0.710026, 0.710069, 0.710069, 0.725677, 0.725702, 0.725704, 0.734397, 0.747721, 0.747684, 0.759873, 0.759877, 0.759898, 0.774512, 0.77457, 0.812061, 0.812092, 0.812098, 0.836354
elapsed time for k point: 10 seconds.
solve_kpoint (0.5,0.49505,0.49505):
Solving for bands 1 to 10...
Finished solving for bands 1 to 10 after 12 iterations.
Solving for bands 11 to 20...
Finished solving for bands 11 to 20 after 17 iterations.
Solving for bands 21 to 30...
Finished solving for bands 21 to 30 after 16 iterations.
Solving for bands 31 to 40...
Finished solving for bands 31 to 40 after 11 iterations.
Finished k-point with 14 mean iterations/band.
freqs:, 406, 0.5, 0.49505, 0.49505, 0.860319, 0.344542, 0.344548, 0.344587, 0.497065, 0.49711, 0.497137, 0.514998, 0.515002, 0.515081, 0.517717, 0.517767, 0.517778, 0.562979, 0.563081, 0.619104, 0.619184, 0.668636, 0.668683, 0.668847, 0.672062, 0.672171, 0.672196, 0.71, 0.710049, 0.710054, 0.725682, 0.725686, 0.725705, 0.734412, 0.747702, 0.74763, 0.759898, 0.759906, 0.759958, 0.774514, 0.774573, 0.812049, 0.812084, 0.812101, 0.836321
elapsed time for k point: 9 seconds.
solve_kpoint (0.5,0.490099,0.490099):
Solving for bands 1 to 10...
Finished solving for bands 1 to 10 after 13 iterations.
Solving for bands 11 to 20...
    iteration   26: trace = 3.729409139554928 (9.36504e-05% change)
Finished solving for bands 11 to 20 after 31 iterations.
Solving for bands 21 to 30...
    iteration   25: trace = 5.095032616029258 (0.000786986% change)
Finished solving for bands 21 to 30 after 40 iterations.
Solving for bands 31 to 40...
Finished solving for bands 31 to 40 after 12 iterations.
Finished k-point with 24 mean iterations/band.
freqs:, 407, 0.5, 0.490099, 0.490099, 0.854631, 0.344479, 0.344504, 0.344641, 0.496905, 0.496965, 0.497041, 0.514998, 0.515018, 0.515217, 0.517679, 0.517851, 0.517889, 0.56304, 0.563161, 0.619177, 0.61927, 0.668222, 0.668251, 0.668828, 0.671992, 0.672587, 0.672625, 0.709922, 0.709988, 0.71001, 0.725622, 0.725707, 0.725711, 0.734457, 0.747368, 0.747754, 0.759931, 0.759975, 0.760187, 0.77452, 0.774584, 0.812014, 0.812059, 0.812108, 0.836221
elapsed time for k point: 15 seconds.
solve_kpoint (0.5,0.485149,0.485149):
Solving for bands 1 to 10...
    iteration   30: trace = 2.160408996024175 (3.68459e-05% change)
Finished solving for bands 1 to 10 after 32 iterations.
Solving for bands 11 to 20...
Finished solving for bands 11 to 20 after 16 iterations.
Solving for bands 21 to 30...
Finished solving for bands 21 to 30 after 15 iterations.
Solving for bands 31 to 40...
    iteration   24: trace = 6.169760984211312 (0.000105623% change)
Finished solving for bands 31 to 40 after 30 iterations.
Finished k-point with 23.25 mean iterations/band.
freqs:, 408, 0.5, 0.485149, 0.485149, 0.848963, 0.344375, 0.344431, 0.344731, 0.496639, 0.496729, 0.496885, 0.514998, 0.515044, 0.51544, 0.517577, 0.518, 0.518104, 0.563141, 0.563293, 0.6193, 0.619413, 0.667659, 0.667672, 0.668797, 0.671965, 0.67312, 0.673143, 0.709792, 0.709887, 0.709936, 0.725521, 0.72571, 0.725752, 0.734532, 0.747022, 0.747769, 0.759974, 0.760102, 0.760549, 0.774531, 0.774601, 0.811957, 0.812019, 0.812122, 0.835912
elapsed time for k point: 15 seconds.
solve_kpoint (0.5,0.480198,0.480198):
Solving for bands 1 to 10...
Finished solving for bands 1 to 10 after 12 iterations.
Solving for bands 11 to 20...
Finished solving for bands 11 to 20 after 16 iterations.
Solving for bands 21 to 30...
Finished solving for bands 21 to 30 after 15 iterations.
Solving for bands 31 to 40...
Finished solving for bands 31 to 40 after 11 iterations.
Finished k-point with 13.5 mean iterations/band.
freqs:, 409, 0.5, 0.480198, 0.480198, 0.843315, 0.34423, 0.344328, 0.344858, 0.49627, 0.496409, 0.496674, 0.514997, 0.515077, 0.515742, 0.517459, 0.518191, 0.51839, 0.563283, 0.563478, 0.61947, 0.619612, 0.666993, 0.667038, 0.668753, 0.671926, 0.673704, 0.673734, 0.709614, 0.709747, 0.709835, 0.725381, 0.72571, 0.725806, 0.734637, 0.746569, 0.747788, 0.760033, 0.760279, 0.761025, 0.774546, 0.774625, 0.811877, 0.811962, 0.812141, 0.835573
elapsed time for k point: 9 seconds.
solve_kpoint (0.5,0.475248,0.475248):
Solving for bands 1 to 10...
Finished solving for bands 1 to 10 after 12 iterations.
Solving for bands 11 to 20...
Finished solving for bands 11 to 20 after 15 iterations.
Solving for bands 21 to 30...
Finished solving for bands 21 to 30 after 15 iterations.
Solving for bands 31 to 40...
Finished solving for bands 31 to 40 after 11 iterations.
Finished k-point with 13.25 mean iterations/band.
freqs:, 410, 0.5, 0.475248, 0.475248, 0.837688, 0.344043, 0.344195, 0.34502, 0.495802, 0.496014, 0.496414, 0.514996, 0.515111, 0.516117, 0.517318, 0.518432, 0.518746, 0.563465, 0.563714, 0.619687, 0.619866, 0.666272, 0.666366, 0.668698, 0.671877, 0.674301, 0.674368, 0.70939, 0.70957, 0.709707, 0.725202, 0.725707, 0.725873, 0.734772, 0.746034, 0.74781, 0.760108, 0.760507, 0.76159, 0.774565, 0.774656, 0.811776, 0.81189, 0.812165, 0.835144
elapsed time for k point: 8 seconds.
solve_kpoint (0.5,0.470297,0.470297):
Solving for bands 1 to 10...
Finished solving for bands 1 to 10 after 13 iterations.
Solving for bands 11 to 20...
Finished solving for bands 11 to 20 after 15 iterations.
Solving for bands 21 to 30...
Finished solving for bands 21 to 30 after 14 iterations.
Solving for bands 31 to 40...
Finished solving for bands 31 to 40 after 11 iterations.
Finished k-point with 13.25 mean iterations/band.
freqs:, 411, 0.5, 0.470297, 0.470297, 0.832081, 0.343815, 0.344033, 0.345218, 0.495238, 0.495553, 0.496112, 0.514995, 0.515139, 0.516555, 0.517163, 0.51872, 0.519165, 0.563688, 0.564001, 0.619951, 0.620174, 0.665516, 0.66567, 0.668629, 0.671816, 0.674903, 0.675021, 0.709121, 0.709357, 0.709553, 0.724985, 0.725696, 0.72595, 0.734938, 0.745435, 0.747832, 0.760197, 0.760786, 0.762226, 0.774589, 0.774693, 0.811654, 0.811803, 0.812196, 0.834629
elapsed time for k point: 9 seconds.
solve_kpoint (0.5,0.465347,0.465347):
Solving for bands 1 to 10...
Finished solving for bands 1 to 10 after 13 iterations.
Solving for bands 11 to 20...
Finished solving for bands 11 to 20 after 14 iterations.
Solving for bands 21 to 30...
Finished solving for bands 21 to 30 after 13 iterations.
Solving for bands 31 to 40...
Finished solving for bands 31 to 40 after 11 iterations.
Finished k-point with 12.75 mean iterations/band.
freqs:, 412, 0.5, 0.465347, 0.465347, 0.826495, 0.343546, 0.343841, 0.34545, 0.494583, 0.495035, 0.495775, 0.514993, 0.515145, 0.517004, 0.517055, 0.519052, 0.519641, 0.563951, 0.564338, 0.62026, 0.620533, 0.664735, 0.664958, 0.668549, 0.671745, 0.675503, 0.675682, 0.708812, 0.70911, 0.709375, 0.724731, 0.725676, 0.726033, 0.735134, 0.744793, 0.747852, 0.7603, 0.761117, 0.762914, 0.774617, 0.774737, 0.811513, 0.811701, 0.812234, 0.834034
elapsed time for k point: 8 seconds.
solve_kpoint (0.5,0.460396,0.460396):
Solving for bands 1 to 10...
Finished solving for bands 1 to 10 after 18 iterations.
Solving for bands 11 to 20...
Finished solving for bands 11 to 20 after 13 iterations.
Solving for bands 21 to 30...
Finished solving for bands 21 to 30 after 12 iterations.
Solving for bands 31 to 40...
Finished solving for bands 31 to 40 after 11 iterations.
Finished k-point with 13.5 mean iterations/band.
freqs:, 413, 0.5, 0.460396, 0.460396, 0.820932, 0.343236, 0.343619, 0.345716, 0.493842, 0.494469, 0.49541, 0.51499, 0.51511, 0.51688, 0.517593, 0.519427, 0.520165, 0.564254, 0.564724, 0.620612, 0.620943, 0.663933, 0.664235, 0.668456, 0.671662, 0.676096, 0.676346, 0.708465, 0.708832, 0.709173, 0.724441, 0.725643, 0.72612, 0.735359, 0.744121, 0.747868, 0.760416, 0.761498, 0.76364, 0.77465, 0.774787, 0.811355, 0.811584, 0.812278, 0.833364
elapsed time for k point: 9 seconds.
solve_kpoint (0.5,0.455446,0.455446):
Solving for bands 1 to 10...
Finished solving for bands 1 to 10 after 11 iterations.
Solving for bands 11 to 20...
Finished solving for bands 11 to 20 after 12 iterations.
Solving for bands 21 to 30...
Finished solving for bands 21 to 30 after 12 iterations.
Solving for bands 31 to 40...
Finished solving for bands 31 to 40 after 11 iterations.
Finished k-point with 11.5 mean iterations/band.
freqs:, 414, 0.5, 0.455446, 0.455446, 0.81539, 0.342885, 0.343367, 0.346015, 0.493017, 0.493863, 0.495024, 0.514992, 0.515007, 0.516804, 0.518178, 0.519836, 0.520731, 0.564598, 0.565158, 0.621007, 0.6214, 0.663115, 0.663506, 0.668351, 0.671569, 0.676678, 0.67701, 0.708084, 0.708524, 0.708951, 0.724116, 0.725595, 0.726207, 0.735613, 0.743432, 0.747877, 0.760543, 0.761929, 0.764393, 0.774688, 0.774843, 0.81118, 0.811453, 0.81233, 0.832625
elapsed time for k point: 7 seconds.
solve_kpoint (0.5,0.450495,0.450495):
Solving for bands 1 to 10...
Finished solving for bands 1 to 10 after 11 iterations.
Solving for bands 11 to 20...
Finished solving for bands 11 to 20 after 12 iterations.
Solving for bands 21 to 30...
Finished solving for bands 21 to 30 after 11 iterations.
Solving for bands 31 to 40...
Finished solving for bands 31 to 40 after 11 iterations.
Finished k-point with 11.25 mean iterations/band.
freqs:, 415, 0.5, 0.450495, 0.450495, 0.809871, 0.342494, 0.343085, 0.346347, 0.492114, 0.493225, 0.494623, 0.514822, 0.514996, 0.516797, 0.518798, 0.520279, 0.521331, 0.564981, 0.565637, 0.621442, 0.621902, 0.662283, 0.66277, 0.668235, 0.671466, 0.67725, 0.677671, 0.707671, 0.708189, 0.70871, 0.723758, 0.725532, 0.726289, 0.735895, 0.742736, 0.747878, 0.76068, 0.762409, 0.765164, 0.774731, 0.774905, 0.810991, 0.811309, 0.812389, 0.831825
elapsed time for k point: 8 seconds.
solve_kpoint (0.5,0.445545,0.445545):
Solving for bands 1 to 10...
Finished solving for bands 1 to 10 after 11 iterations.
Solving for bands 11 to 20...
Finished solving for bands 11 to 20 after 10 iterations.
Solving for bands 21 to 30...
Finished solving for bands 21 to 30 after 11 iterations.
Solving for bands 31 to 40...
Finished solving for bands 31 to 40 after 11 iterations.
Finished k-point with 10.75 mean iterations/band.
freqs:, 416, 0.5, 0.445545, 0.445545, 0.804375, 0.342063, 0.342772, 0.346709, 0.491135, 0.492561, 0.494213, 0.514556, 0.515004, 0.516861, 0.51945, 0.520752, 0.521961, 0.565404, 0.566162, 0.621916, 0.622447, 0.661439, 0.662032, 0.668106, 0.671351, 0.677807, 0.678328, 0.707231, 0.707828, 0.708451, 0.723368, 0.72545, 0.726362, 0.736202, 0.742043, 0.747868, 0.760825, 0.762936, 0.765945, 0.774779, 0.774971, 0.810789, 0.811152, 0.812457, 0.830968
elapsed time for k point: 7 seconds.
solve_kpoint (0.5,0.440594,0.440594):
Solving for bands 1 to 10...
Finished solving for bands 1 to 10 after 11 iterations.
Solving for bands 11 to 20...
Finished solving for bands 11 to 20 after 10 iterations.
Solving for bands 21 to 30...
Finished solving for bands 21 to 30 after 10 iterations.
Solving for bands 31 to 40...
Finished solving for bands 31 to 40 after 11 iterations.
Finished k-point with 10.5 mean iterations/band.
freqs:, 417, 0.5, 0.440594, 0.440594, 0.798903, 0.341592, 0.342428, 0.347102, 0.490085, 0.491878, 0.4938, 0.514224, 0.515018, 0.516984, 0.520129, 0.521253, 0.522613, 0.565867, 0.566729, 0.622426, 0.623032, 0.660584, 0.66129, 0.667966, 0.671226, 0.678351, 0.678979, 0.706764, 0.707444, 0.708177, 0.722947, 0.725349, 0.726421, 0.736534, 0.741361, 0.747845, 0.760978, 0.763509, 0.76673, 0.774832, 0.775043, 0.810576, 0.810982, 0.812534, 0.830064
elapsed time for k point: 7 seconds.
solve_kpoint (0.5,0.435644,0.435644):
Solving for bands 1 to 10...
Finished solving for bands 1 to 10 after 10 iterations.
Solving for bands 11 to 20...
Finished solving for bands 11 to 20 after 9 iterations.
Solving for bands 21 to 30...
Finished solving for bands 21 to 30 after 10 iterations.
Solving for bands 31 to 40...
Finished solving for bands 31 to 40 after 11 iterations.
Finished k-point with 10 mean iterations/band.
freqs:, 418, 0.5, 0.435644, 0.435644, 0.793455, 0.341082, 0.342054, 0.347524, 0.488966, 0.491182, 0.493388, 0.51384, 0.515039, 0.517153, 0.520832, 0.521779, 0.523285, 0.566368, 0.567338, 0.622972, 0.623654, 0.65972, 0.660547, 0.667814, 0.67109, 0.67888, 0.679623, 0.706275, 0.707039, 0.707889, 0.722497, 0.72523, 0.726461, 0.736887, 0.740698, 0.747809, 0.761137, 0.764125, 0.767513, 0.774892, 0.775118, 0.810354, 0.8108, 0.81262, 0.829118
elapsed time for k point: 6 seconds.
solve_kpoint (0.5,0.430693,0.430693):
Solving for bands 1 to 10...
Finished solving for bands 1 to 10 after 10 iterations.
Solving for bands 11 to 20...
Finished solving for bands 11 to 20 after 9 iterations.
Solving for bands 21 to 30...
Finished solving for bands 21 to 30 after 10 iterations.
Solving for bands 31 to 40...
Finished solving for bands 31 to 40 after 11 iterations.
Finished k-point with 10 mean iterations/band.
freqs:, 419, 0.5, 0.430693, 0.430693, 0.788031, 0.340533, 0.341648, 0.347974, 0.487781, 0.490476, 0.492981, 0.513418, 0.515068, 0.517359, 0.521556, 0.522329, 0.52397, 0.566909, 0.567987, 0.623551, 0.624309, 0.658849, 0.659803, 0.667651, 0.670944, 0.679393, 0.68026, 0.705766, 0.706614, 0.70759, 0.722019, 0.725091, 0.726475, 0.73726, 0.740062, 0.747756, 0.7613, 0.764782, 0.76829, 0.774957, 0.775198, 0.810125, 0.810608, 0.812717, 0.828138
elapsed time for k point: 7 seconds.
solve_kpoint (0.5,0.425743,0.425743):
Solving for bands 1 to 10...
Finished solving for bands 1 to 10 after 10 iterations.
Solving for bands 11 to 20...
Finished solving for bands 11 to 20 after 8 iterations.
Solving for bands 21 to 30...
Finished solving for bands 21 to 30 after 10 iterations.
Solving for bands 31 to 40...
Finished solving for bands 31 to 40 after 11 iterations.
Finished k-point with 9.75 mean iterations/band.
freqs:, 420, 0.5, 0.425743, 0.425743, 0.782632, 0.339945, 0.341211, 0.348451, 0.486534, 0.489765, 0.492583, 0.512967, 0.515106, 0.517596, 0.5223, 0.5229, 0.524666, 0.567487, 0.568674, 0.62416, 0.624994, 0.657972, 0.659059, 0.667476, 0.670787, 0.679891, 0.680889, 0.705239, 0.706172, 0.707281, 0.721515, 0.724932, 0.726458, 0.737651, 0.739459, 0.747686, 0.761466, 0.765476, 0.769056, 0.775029, 0.77528, 0.809891, 0.810405, 0.812825, 0.82713
elapsed time for k point: 6 seconds.
solve_kpoint (0.5,0.420792,0.420792):
Solving for bands 1 to 10...
Finished solving for bands 1 to 10 after 10 iterations.
Solving for bands 11 to 20...
Finished solving for bands 11 to 20 after 8 iterations.
Solving for bands 21 to 30...
Finished solving for bands 21 to 30 after 9 iterations.
Solving for bands 31 to 40...
Finished solving for bands 31 to 40 after 10 iterations.
Finished k-point with 9.25 mean iterations/band.
freqs:, 421, 0.5, 0.420792, 0.420792, 0.777259, 0.33932, 0.340743, 0.348952, 0.485227, 0.489054, 0.492198, 0.512492, 0.515154, 0.517859, 0.523061, 0.523492, 0.525368, 0.568103, 0.569398, 0.624799, 0.625707, 0.657091, 0.658315, 0.66729, 0.67062, 0.680372, 0.681508, 0.704695, 0.705714, 0.706965, 0.720985, 0.724756, 0.726403, 0.738056, 0.738898, 0.747598, 0.761634, 0.766204, 0.769808, 0.775107, 0.775365, 0.809654, 0.810192, 0.812944, 0.826102
elapsed time for k point: 7 seconds.
solve_kpoint (0.5,0.415842,0.415842):
Solving for bands 1 to 10...
Finished solving for bands 1 to 10 after 10 iterations.
Solving for bands 11 to 20...
Finished solving for bands 11 to 20 after 8 iterations.
Solving for bands 21 to 30...
Finished solving for bands 21 to 30 after 9 iterations.
Solving for bands 31 to 40...
Finished solving for bands 31 to 40 after 10 iterations.
Finished k-point with 9.25 mean iterations/band.
freqs:, 422, 0.5, 0.415842, 0.415842, 0.771912, 0.338657, 0.340243, 0.349477, 0.483863, 0.488347, 0.491827, 0.512, 0.515213, 0.518147, 0.523839, 0.524102, 0.526075, 0.568755, 0.570156, 0.625464, 0.626441, 0.656209, 0.657572, 0.667093, 0.670443, 0.680836, 0.682117, 0.704138, 0.705242, 0.706643, 0.720432, 0.724561, 0.726304, 0.738385, 0.738474, 0.747491, 0.761802, 0.766963, 0.770541, 0.775192, 0.775452, 0.809417, 0.80997, 0.813075, 0.825061
elapsed time for k point: 6 seconds.
solve_kpoint (0.5,0.410891,0.410891):
Solving for bands 1 to 10...
Finished solving for bands 1 to 10 after 9 iterations.
Solving for bands 11 to 20...
Finished solving for bands 11 to 20 after 8 iterations.
Solving for bands 21 to 30...
Finished solving for bands 21 to 30 after 9 iterations.
Solving for bands 31 to 40...
Finished solving for bands 31 to 40 after 10 iterations.
Finished k-point with 9 mean iterations/band.
freqs:, 423, 0.5, 0.410891, 0.410891, 0.766592, 0.337957, 0.339711, 0.350023, 0.482443, 0.487646, 0.491474, 0.511495, 0.515284, 0.518456, 0.524633, 0.52473, 0.526784, 0.569444, 0.570946, 0.626155, 0.627195, 0.655326, 0.656831, 0.666886, 0.670256, 0.681282, 0.682715, 0.703568, 0.704757, 0.706317, 0.719856, 0.724349, 0.726156, 0.737926, 0.738903, 0.747363, 0.761971, 0.767747, 0.771253, 0.775285, 0.77554, 0.809181, 0.80974, 0.81322, 0.824013
elapsed time for k point: 6 seconds.
solve_kpoint (0.5,0.405941,0.405941):
Solving for bands 1 to 10...
Finished solving for bands 1 to 10 after 9 iterations.
Solving for bands 11 to 20...
Finished solving for bands 11 to 20 after 8 iterations.
Solving for bands 21 to 30...
Finished solving for bands 21 to 30 after 9 iterations.
Solving for bands 31 to 40...
Finished solving for bands 31 to 40 after 10 iterations.
Finished k-point with 9 mean iterations/band.
freqs:, 424, 0.5, 0.405941, 0.405941, 0.761299, 0.337221, 0.339147, 0.35059, 0.480971, 0.486955, 0.491141, 0.510981, 0.515367, 0.518787, 0.525442, 0.525375, 0.527492, 0.570167, 0.571768, 0.626868, 0.627962, 0.654446, 0.656093, 0.666667, 0.670059, 0.681711, 0.683301, 0.702988, 0.704261, 0.705989, 0.719258, 0.72412, 0.725954, 0.737526, 0.739339, 0.747215, 0.762138, 0.768553, 0.77194, 0.775385, 0.775628, 0.80895, 0.809503, 0.813378, 0.822966
elapsed time for k point: 6 seconds.
solve_kpoint (0.5,0.40099,0.40099):
Solving for bands 1 to 10...
Finished solving for bands 1 to 10 after 9 iterations.
Solving for bands 11 to 20...
Finished solving for bands 11 to 20 after 8 iterations.
Solving for bands 21 to 30...
Finished solving for bands 21 to 30 after 9 iterations.
Solving for bands 31 to 40...
Finished solving for bands 31 to 40 after 10 iterations.
Finished k-point with 9 mean iterations/band.
freqs:, 425, 0.5, 0.40099, 0.40099, 0.756033, 0.336449, 0.33855, 0.351174, 0.479449, 0.486277, 0.490829, 0.510461, 0.515464, 0.519139, 0.526266, 0.526035, 0.528197, 0.570924, 0.572619, 0.627603, 0.628738, 0.653572, 0.655356, 0.666438, 0.669851, 0.682121, 0.683874, 0.7024, 0.703755, 0.70566, 0.718641, 0.723877, 0.725696, 0.737187, 0.73978, 0.747044, 0.762303, 0.769376, 0.772599, 0.775493, 0.775716, 0.808724, 0.809259, 0.81355, 0.821927
elapsed time for k point: 6 seconds.
solve_kpoint (0.5,0.39604,0.39604):
Solving for bands 1 to 10...
Finished solving for bands 1 to 10 after 8 iterations.
Solving for bands 11 to 20...
Finished solving for bands 11 to 20 after 8 iterations.
Solving for bands 21 to 30...
Finished solving for bands 21 to 30 after 9 iterations.
Solving for bands 31 to 40...
Finished solving for bands 31 to 40 after 10 iterations.
Finished k-point with 8.75 mean iterations/band.
freqs:, 426, 0.5, 0.39604, 0.39604, 0.750796, 0.335643, 0.337922, 0.351775, 0.47788, 0.485616, 0.49054, 0.50994, 0.515574, 0.51951, 0.527104, 0.526711, 0.528899, 0.571713, 0.573497, 0.628357, 0.629517, 0.652709, 0.654624, 0.666199, 0.669634, 0.682513, 0.684434, 0.701803, 0.703241, 0.705332, 0.718005, 0.723619, 0.72538, 0.73691, 0.740226, 0.74685, 0.762465, 0.770211, 0.773226, 0.775609, 0.775802, 0.808507, 0.809009, 0.813736, 0.820903
elapsed time for k point: 6 seconds.
solve_kpoint (0.5,0.391089,0.391089):
Solving for bands 1 to 10...
Finished solving for bands 1 to 10 after 8 iterations.
Solving for bands 11 to 20...
Finished solving for bands 11 to 20 after 8 iterations.
Solving for bands 21 to 30...
Finished solving for bands 21 to 30 after 9 iterations.
Solving for bands 31 to 40...
Finished solving for bands 31 to 40 after 10 iterations.
Finished k-point with 8.75 mean iterations/band.
freqs:, 427, 0.5, 0.391089, 0.391089, 0.745588, 0.334802, 0.337261, 0.352389, 0.476265, 0.484975, 0.490276, 0.509419, 0.515699, 0.519901, 0.527957, 0.527401, 0.529596, 0.572534, 0.574401, 0.629128, 0.630291, 0.651861, 0.653895, 0.66595, 0.669406, 0.682884, 0.684978, 0.701202, 0.702719, 0.705007, 0.717352, 0.723348, 0.725009, 0.736695, 0.740672, 0.746632, 0.762623, 0.771051, 0.77382, 0.775734, 0.775886, 0.8083, 0.808754, 0.813938, 0.819902
elapsed time for k point: 5 seconds.
solve_kpoint (0.5,0.386139,0.386139):
Solving for bands 1 to 10...
Finished solving for bands 1 to 10 after 8 iterations.
Solving for bands 11 to 20...
Finished solving for bands 11 to 20 after 8 iterations.
Solving for bands 21 to 30...
Finished solving for bands 21 to 30 after 9 iterations.
Solving for bands 31 to 40...
Finished solving for bands 31 to 40 after 10 iterations.
Finished k-point with 8.75 mean iterations/band.
freqs:, 428, 0.5, 0.386139, 0.386139, 0.740409, 0.333929, 0.336567, 0.353016, 0.474606, 0.484355, 0.490037, 0.508901, 0.515838, 0.52031, 0.528823, 0.528104, 0.530287, 0.573385, 0.575329, 0.629915, 0.631053, 0.651035, 0.653171, 0.665692, 0.669169, 0.683236, 0.685506, 0.700596, 0.702191, 0.704687, 0.716681, 0.723065, 0.724585, 0.736537, 0.741118, 0.746389, 0.762778, 0.771893, 0.774376, 0.775869, 0.775968, 0.808107, 0.808495, 0.814156, 0.818932
elapsed time for k point: 6 seconds.
solve_kpoint (0.5,0.381188,0.381188):
Solving for bands 1 to 10...
Finished solving for bands 1 to 10 after 8 iterations.
Solving for bands 11 to 20...
Finished solving for bands 11 to 20 after 8 iterations.
Solving for bands 21 to 30...
Finished solving for bands 21 to 30 after 9 iterations.
Solving for bands 31 to 40...
Finished solving for bands 31 to 40 after 10 iterations.
Finished k-point with 8.75 mean iterations/band.
freqs:, 429, 0.5, 0.381188, 0.381188, 0.735261, 0.333023, 0.335842, 0.353652, 0.472907, 0.48376, 0.489825, 0.50839, 0.515992, 0.520739, 0.529704, 0.52882, 0.530971, 0.574264, 0.57628, 0.630716, 0.631793, 0.65024, 0.652452, 0.665423, 0.668923, 0.683567, 0.686015, 0.699988, 0.701659, 0.704373, 0.715996, 0.722771, 0.724113, 0.736432, 0.741561, 0.74612, 0.762927, 0.772728, 0.774893, 0.776013, 0.776046, 0.807928, 0.808232, 0.814389, 0.818
elapsed time for k point: 6 seconds.
solve_kpoint (0.5,0.376238,0.376238):
Solving for bands 1 to 10...
Finished solving for bands 1 to 10 after 8 iterations.
Solving for bands 11 to 20...
Finished solving for bands 11 to 20 after 8 iterations.
Solving for bands 21 to 30...
Finished solving for bands 21 to 30 after 9 iterations.
Solving for bands 31 to 40...
Finished solving for bands 31 to 40 after 10 iterations.
Finished k-point with 8.75 mean iterations/band.
freqs:, 430, 0.5, 0.376238, 0.376238, 0.730143, 0.332085, 0.335083, 0.354296, 0.471169, 0.483193, 0.48964, 0.507887, 0.516161, 0.521186, 0.530599, 0.529549, 0.531648, 0.575169, 0.577251, 0.631529, 0.632496, 0.649487, 0.651738, 0.665145, 0.668666, 0.683877, 0.686505, 0.699379, 0.701123, 0.704067, 0.715296, 0.722467, 0.7236, 0.736375, 0.742, 0.745825, 0.763071, 0.773551, 0.775367, 0.776116, 0.776169, 0.807767, 0.807966, 0.814639, 0.817115
elapsed time for k point: 6 seconds.
solve_kpoint (0.5,0.371287,0.371287):
Solving for bands 1 to 10...
Finished solving for bands 1 to 10 after 8 iterations.
Solving for bands 11 to 20...
Finished solving for bands 11 to 20 after 8 iterations.
Solving for bands 21 to 30...
Finished solving for bands 21 to 30 after 9 iterations.
Solving for bands 31 to 40...
Finished solving for bands 31 to 40 after 10 iterations.
Finished k-point with 8.75 mean iterations/band.
freqs:, 431, 0.5, 0.371287, 0.371287, 0.725057, 0.331117, 0.334293, 0.354945, 0.469395, 0.482657, 0.489483, 0.507396, 0.516346, 0.521651, 0.531508, 0.53029, 0.532318, 0.5761, 0.578241, 0.632352, 0.633147, 0.64879, 0.651032, 0.664858, 0.668401, 0.684164, 0.686971, 0.698773, 0.700584, 0.703771, 0.714583, 0.722155, 0.72305, 0.736359, 0.742433, 0.745501, 0.763209, 0.774355, 0.775797, 0.776184, 0.776334, 0.807624, 0.807699, 0.814905, 0.816286
elapsed time for k point: 6 seconds.
solve_kpoint (0.5,0.366337,0.366337):
Solving for bands 1 to 10...
Finished solving for bands 1 to 10 after 8 iterations.
Solving for bands 11 to 20...
Finished solving for bands 11 to 20 after 8 iterations.
Solving for bands 21 to 30...
Finished solving for bands 21 to 30 after 9 iterations.
Solving for bands 31 to 40...
Finished solving for bands 31 to 40 after 10 iterations.
Finished k-point with 8.75 mean iterations/band.
freqs:, 432, 0.5, 0.366337, 0.366337, 0.720004, 0.33012, 0.333471, 0.355597, 0.467586, 0.482154, 0.489355, 0.506917, 0.516546, 0.522134, 0.532431, 0.531042, 0.532979, 0.577053, 0.579249, 0.633185, 0.633727, 0.648168, 0.650332, 0.664563, 0.668125, 0.684427, 0.687413, 0.698172, 0.700043, 0.703486, 0.713857, 0.721835, 0.72247, 0.736377, 0.742857, 0.745148, 0.763342, 0.775131, 0.776179, 0.776245, 0.776511, 0.80743, 0.807502, 0.815187, 0.815522
elapsed time for k point: 6 seconds.
solve_kpoint (0.5,0.361386,0.361386):
Solving for bands 1 to 10...
Finished solving for bands 1 to 10 after 10 iterations.
Solving for bands 11 to 20...
Finished solving for bands 11 to 20 after 8 iterations.
Solving for bands 21 to 30...
Finished solving for bands 21 to 30 after 9 iterations.
Solving for bands 31 to 40...
Finished solving for bands 31 to 40 after 10 iterations.
Finished k-point with 9.25 mean iterations/band.
freqs:, 433, 0.5, 0.361386, 0.361386, 0.714982, 0.329093, 0.332616, 0.356249, 0.465744, 0.481686, 0.489256, 0.506454, 0.516762, 0.522635, 0.533368, 0.531805, 0.533632, 0.578027, 0.580274, 0.634025, 0.63421, 0.647644, 0.649641, 0.664258, 0.667841, 0.684666, 0.687824, 0.69758, 0.699501, 0.703214, 0.71312, 0.721509, 0.721866, 0.736426, 0.743271, 0.744764, 0.763468, 0.775873, 0.776298, 0.776514, 0.7767, 0.807161, 0.807402, 0.81483, 0.815487
elapsed time for k point: 6 seconds.
solve_kpoint (0.5,0.356436,0.356436):
Solving for bands 1 to 10...
    iteration   30: trace = 2.113080664917343 (0.00118469% change)
    iteration   60: trace = 2.112783911717461 (0.000225853% change)
Finished solving for bands 1 to 10 after 87 iterations.
Solving for bands 11 to 20...
Finished solving for bands 11 to 20 after 10 iterations.
Solving for bands 21 to 30...
Finished solving for bands 21 to 30 after 10 iterations.
Solving for bands 31 to 40...
Finished solving for bands 31 to 40 after 11 iterations.
Finished k-point with 29.5 mean iterations/band.
freqs:, 434, 0.5, 0.356436, 0.356436, 0.709995, 0.32804, 0.33173, 0.356899, 0.463873, 0.481257, 0.489185, 0.506007, 0.516993, 0.523153, 0.532574, 0.534274, 0.534326, 0.579021, 0.581313, 0.634569, 0.634872, 0.647244, 0.648959, 0.663945, 0.667547, 0.68488, 0.688201, 0.697001, 0.69896, 0.702956, 0.712373, 0.721179, 0.721243, 0.736499, 0.743674, 0.744349, 0.763588, 0.776344, 0.776573, 0.776799, 0.776901, 0.806893, 0.807324, 0.814222, 0.815802
elapsed time for k point: 17 seconds.
solve_kpoint (0.5,0.351485,0.351485):
Solving for bands 1 to 10...
Finished solving for bands 1 to 10 after 7 iterations.
Solving for bands 11 to 20...
Finished solving for bands 11 to 20 after 8 iterations.
Solving for bands 21 to 30...
Finished solving for bands 21 to 30 after 10 iterations.
Solving for bands 31 to 40...
Finished solving for bands 31 to 40 after 11 iterations.
Finished k-point with 9 mean iterations/band.
freqs:, 435, 0.5, 0.351485, 0.351485, 0.705042, 0.32696, 0.330813, 0.357544, 0.461973, 0.480869, 0.489144, 0.505579, 0.51724, 0.523689, 0.533356, 0.534911, 0.535292, 0.580032, 0.582365, 0.634778, 0.635723, 0.646994, 0.648287, 0.663625, 0.667243, 0.685068, 0.688536, 0.696443, 0.69842, 0.702715, 0.711616, 0.720604, 0.720845, 0.736591, 0.744064, 0.743902, 0.763702, 0.776381, 0.777032, 0.777114, 0.777223, 0.806626, 0.80727, 0.813705, 0.816133
elapsed time for k point: 6 seconds.
solve_kpoint (0.5,0.346535,0.346535):
Solving for bands 1 to 10...
Finished solving for bands 1 to 10 after 6 iterations.
Solving for bands 11 to 20...
Finished solving for bands 11 to 20 after 8 iterations.
Solving for bands 21 to 30...
Finished solving for bands 21 to 30 after 10 iterations.
Solving for bands 31 to 40...
Finished solving for bands 31 to 40 after 11 iterations.
Finished k-point with 8.75 mean iterations/band.
freqs:, 436, 0.5, 0.346535, 0.346535, 0.700123, 0.325854, 0.329865, 0.358182, 0.460047, 0.480524, 0.489133, 0.505172, 0.517503, 0.524242, 0.534146, 0.535539, 0.536274, 0.581057, 0.58343, 0.634817, 0.636577, 0.646911, 0.647625, 0.663296, 0.666931, 0.685227, 0.68882, 0.695914, 0.697882, 0.702492, 0.71085, 0.719955, 0.720509, 0.7367, 0.744439, 0.743422, 0.76381, 0.776409, 0.777215, 0.777342, 0.777815, 0.806361, 0.807239, 0.813287, 0.816479
elapsed time for k point: 6 seconds.
solve_kpoint (0.5,0.341584,0.341584):
Solving for bands 1 to 10...
Finished solving for bands 1 to 10 after 7 iterations.
Solving for bands 11 to 20...
Finished solving for bands 11 to 20 after 8 iterations.
Solving for bands 21 to 30...
Finished solving for bands 21 to 30 after 10 iterations.
Solving for bands 31 to 40...
Finished solving for bands 31 to 40 after 11 iterations.
Finished k-point with 9 mean iterations/band.
freqs:, 437, 0.5, 0.341584, 0.341584, 0.695241, 0.324725, 0.328886, 0.35881, 0.458096, 0.480225, 0.489151, 0.504786, 0.517781, 0.524813, 0.534945, 0.536159, 0.53727, 0.582096, 0.584505, 0.63468, 0.637433, 0.646975, 0.647001, 0.66296, 0.66661, 0.685358, 0.68904, 0.695426, 0.697347, 0.702288, 0.710077, 0.719298, 0.720172, 0.736821, 0.744797, 0.742907, 0.76391, 0.776428, 0.777346, 0.777583, 0.778344, 0.806099, 0.807231, 0.812977, 0.81684
elapsed time for k point: 6 seconds.
solve_kpoint (0.5,0.336634,0.336634):
Solving for bands 1 to 10...
Finished solving for bands 1 to 10 after 6 iterations.
Solving for bands 11 to 20...
Finished solving for bands 11 to 20 after 8 iterations.
Solving for bands 21 to 30...
Finished solving for bands 21 to 30 after 10 iterations.
Solving for bands 31 to 40...
Finished solving for bands 31 to 40 after 11 iterations.
Finished k-point with 8.75 mean iterations/band.
freqs:, 438, 0.5, 0.336634, 0.336634, 0.690394, 0.323573, 0.327878, 0.359426, 0.456123, 0.479974, 0.489198, 0.504423, 0.518075, 0.5254, 0.535751, 0.536771, 0.538281, 0.583144, 0.58559, 0.634374, 0.63829, 0.646339, 0.647254, 0.662617, 0.666279, 0.68546, 0.689182, 0.694993, 0.696816, 0.702105, 0.709297, 0.718635, 0.719836, 0.736951, 0.745137, 0.742356, 0.764005, 0.776436, 0.777426, 0.777838, 0.778804, 0.80584, 0.807246, 0.812779, 0.817214
elapsed time for k point: 6 seconds.
solve_kpoint (0.5,0.331683,0.331683):
Solving for bands 1 to 10...
Finished solving for bands 1 to 10 after 6 iterations.
Solving for bands 11 to 20...
Finished solving for bands 11 to 20 after 8 iterations.
Solving for bands 21 to 30...
Finished solving for bands 21 to 30 after 10 iterations.
Solving for bands 31 to 40...
Finished solving for bands 31 to 40 after 11 iterations.
Finished k-point with 8.75 mean iterations/band.
freqs:, 439, 0.5, 0.331683, 0.331683, 0.685585, 0.322398, 0.326841, 0.360027, 0.45413, 0.479773, 0.489274, 0.504085, 0.518384, 0.526004, 0.536565, 0.537375, 0.539306, 0.584201, 0.586684, 0.633919, 0.639147, 0.645717, 0.647651, 0.662267, 0.66594, 0.68553, 0.689227, 0.694633, 0.696289, 0.701945, 0.708512, 0.71797, 0.719503, 0.737088, 0.745458, 0.74177, 0.764093, 0.776434, 0.777457, 0.778108, 0.77919, 0.805587, 0.807282, 0.812699, 0.817601
elapsed time for k point: 6 seconds.
solve_kpoint (0.5,0.326733,0.326733):
Solving for bands 1 to 10...
Finished solving for bands 1 to 10 after 7 iterations.
Solving for bands 11 to 20...
Finished solving for bands 11 to 20 after 8 iterations.
Solving for bands 21 to 30...
Finished solving for bands 21 to 30 after 10 iterations.
Solving for bands 31 to 40...
Finished solving for bands 31 to 40 after 12 iterations.
Finished k-point with 9.25 mean iterations/band.
freqs:, 440, 0.5, 0.326733, 0.326733, 0.680815, 0.321203, 0.325774, 0.360611, 0.452118, 0.479625, 0.489379, 0.503772, 0.518709, 0.526624, 0.537385, 0.537971, 0.540346, 0.585263, 0.587784, 0.633341, 0.640001, 0.64511, 0.648165, 0.66191, 0.665591, 0.685569, 0.689162, 0.69436, 0.695769, 0.701809, 0.707721, 0.717305, 0.719172, 0.73723, 0.745757, 0.741148, 0.764174, 0.77642, 0.777439, 0.778394, 0.779502, 0.805338, 0.807337, 0.812737, 0.817999
elapsed time for k point: 6 seconds.
solve_kpoint (0.5,0.321782,0.321782):
Solving for bands 1 to 10...
Finished solving for bands 1 to 10 after 6 iterations.
Solving for bands 11 to 20...
Finished solving for bands 11 to 20 after 8 iterations.
Solving for bands 21 to 30...
Finished solving for bands 21 to 30 after 10 iterations.
Solving for bands 31 to 40...
Finished solving for bands 31 to 40 after 12 iterations.
Finished k-point with 9 mean iterations/band.
freqs:, 441, 0.5, 0.321782, 0.321782, 0.676082, 0.319989, 0.32468, 0.361176, 0.450089, 0.479532, 0.489512, 0.503484, 0.519049, 0.527261, 0.538211, 0.53856, 0.541399, 0.586328, 0.588891, 0.632665, 0.640853, 0.644521, 0.64877, 0.661547, 0.665234, 0.685575, 0.688979, 0.694179, 0.695254, 0.701697, 0.706927, 0.716641, 0.718847, 0.737374, 0.746034, 0.74049, 0.76425, 0.776396, 0.777374, 0.778695, 0.779739, 0.805096, 0.80741, 0.812894, 0.818407
elapsed time for k point: 6 seconds.
solve_kpoint (0.5,0.316832,0.316832):
Solving for bands 1 to 10...
Finished solving for bands 1 to 10 after 7 iterations.
Solving for bands 11 to 20...
Finished solving for bands 11 to 20 after 8 iterations.
Solving for bands 21 to 30...
    iteration   25: trace = 5.029061665158775 (0.000235912% change)
    iteration   50: trace = 5.02863011755238 (0.000454467% change)
    iteration   75: trace = 5.019890891691495 (0.00266932% change)
Finished solving for bands 21 to 30 after 92 iterations.
Solving for bands 31 to 40...
Finished solving for bands 31 to 40 after 17 iterations.
Finished k-point with 31 mean iterations/band.
freqs:, 442, 0.5, 0.316832, 0.316832, 0.67139, 0.318757, 0.323559, 0.361719, 0.448046, 0.479495, 0.489674, 0.503224, 0.519403, 0.527913, 0.539043, 0.539142, 0.542467, 0.587394, 0.590002, 0.631912, 0.641701, 0.64395, 0.649443, 0.661178, 0.664868, 0.685548, 0.688684, 0.694084, 0.694747, 0.701611, 0.706129, 0.71598, 0.718529, 0.737519, 0.739793, 0.746289, 0.764319, 0.77636, 0.777265, 0.779012, 0.779904, 0.804861, 0.807499, 0.813167, 0.818823
elapsed time for k point: 21 seconds.
solve_kpoint (0.5,0.311881,0.311881):
Solving for bands 1 to 10...
Finished solving for bands 1 to 10 after 7 iterations.
Solving for bands 11 to 20...
Finished solving for bands 11 to 20 after 9 iterations.
Solving for bands 21 to 30...
Finished solving for bands 21 to 30 after 9 iterations.
Solving for bands 31 to 40...
Finished solving for bands 31 to 40 after 12 iterations.
Finished k-point with 9.25 mean iterations/band.
freqs:, 443, 0.5, 0.311881, 0.311881, 0.666738, 0.317508, 0.322411, 0.362238, 0.445989, 0.479517, 0.489864, 0.502992, 0.519773, 0.528582, 0.539878, 0.539716, 0.543548, 0.588457, 0.591118, 0.631099, 0.642544, 0.6434, 0.650166, 0.660804, 0.664494, 0.685488, 0.688293, 0.69406, 0.694247, 0.701551, 0.705329, 0.715323, 0.718219, 0.737663, 0.739061, 0.746518, 0.764382, 0.776313, 0.777113, 0.779345, 0.780001, 0.804633, 0.8076, 0.81355, 0.819245
elapsed time for k point: 6 seconds.
solve_kpoint (0.5,0.306931,0.306931):
Solving for bands 1 to 10...
Finished solving for bands 1 to 10 after 7 iterations.
Solving for bands 11 to 20...
Finished solving for bands 11 to 20 after 9 iterations.
Solving for bands 21 to 30...
Finished solving for bands 21 to 30 after 10 iterations.
Solving for bands 31 to 40...
Finished solving for bands 31 to 40 after 12 iterations.
Finished k-point with 9.5 mean iterations/band.
freqs:, 444, 0.5, 0.306931, 0.306931, 0.662128, 0.316243, 0.321239, 0.362732, 0.443921, 0.479599, 0.490081, 0.502787, 0.520157, 0.529266, 0.540718, 0.540283, 0.544642, 0.589515, 0.592236, 0.630241, 0.642872, 0.64338, 0.650925, 0.660425, 0.664111, 0.685395, 0.687825, 0.693757, 0.694085, 0.701517, 0.704529, 0.714672, 0.717918, 0.737804, 0.738293, 0.746721, 0.764439, 0.776253, 0.776923, 0.779694, 0.780035, 0.804414, 0.807713, 0.814036, 0.81967
elapsed time for k point: 6 seconds.
solve_kpoint (0.5,0.30198,0.30198):
Solving for bands 1 to 10...
Finished solving for bands 1 to 10 after 7 iterations.
Solving for bands 11 to 20...
Finished solving for bands 11 to 20 after 9 iterations.
Solving for bands 21 to 30...
Finished solving for bands 21 to 30 after 9 iterations.
Solving for bands 31 to 40...
Finished solving for bands 31 to 40 after 12 iterations.
Finished k-point with 9.25 mean iterations/band.
freqs:, 445, 0.5, 0.30198, 0.30198, 0.657559, 0.314964, 0.320042, 0.363197, 0.441844, 0.479742, 0.490325, 0.502611, 0.520555, 0.529965, 0.541561, 0.540843, 0.54575, 0.590565, 0.593356, 0.629347, 0.642368, 0.644208, 0.651709, 0.660041, 0.66372, 0.685268, 0.687299, 0.693276, 0.69414, 0.70151, 0.703727, 0.714028, 0.717628, 0.737489, 0.737942, 0.746896, 0.76449, 0.776182, 0.776696, 0.780012, 0.780061, 0.804205, 0.807833, 0.814617, 0.820097
elapsed time for k point: 6 seconds.
solve_kpoint (0.5,0.29703,0.29703):
Solving for bands 1 to 10...
Finished solving for bands 1 to 10 after 7 iterations.
Solving for bands 11 to 20...
Finished solving for bands 11 to 20 after 9 iterations.
Solving for bands 21 to 30...
Finished solving for bands 21 to 30 after 10 iterations.
Solving for bands 31 to 40...
Finished solving for bands 31 to 40 after 12 iterations.
Finished k-point with 9.5 mean iterations/band.
freqs:, 446, 0.5, 0.29703, 0.29703, 0.653034, 0.313672, 0.318821, 0.363633, 0.439759, 0.479948, 0.490595, 0.502464, 0.520968, 0.53068, 0.542406, 0.541397, 0.54687, 0.591604, 0.594476, 0.628426, 0.64189, 0.645028, 0.652508, 0.659653, 0.663321, 0.685108, 0.68673, 0.692805, 0.69421, 0.701529, 0.702927, 0.713392, 0.717351, 0.736651, 0.738075, 0.747044, 0.764535, 0.776099, 0.776436, 0.779943, 0.780443, 0.804005, 0.807958, 0.815283, 0.820522
elapsed time for k point: 7 seconds.
solve_kpoint (0.5,0.292079,0.292079):
Solving for bands 1 to 10...
Finished solving for bands 1 to 10 after 7 iterations.
Solving for bands 11 to 20...
Finished solving for bands 11 to 20 after 9 iterations.
Solving for bands 21 to 30...
Finished solving for bands 21 to 30 after 10 iterations.
Solving for bands 31 to 40...
Finished solving for bands 31 to 40 after 12 iterations.
Finished k-point with 9.5 mean iterations/band.
freqs:, 447, 0.5, 0.292079, 0.292079, 0.648553, 0.312368, 0.317579, 0.364038, 0.437667, 0.480218, 0.490891, 0.502347, 0.521394, 0.531409, 0.543253, 0.541943, 0.548003, 0.592629, 0.595597, 0.627484, 0.641441, 0.645839, 0.653316, 0.659261, 0.662914, 0.684915, 0.686128, 0.692345, 0.694284, 0.701574, 0.702128, 0.712764, 0.717088, 0.73578, 0.738202, 0.747162, 0.764574, 0.776004, 0.776145, 0.779832, 0.780842, 0.803816, 0.808085, 0.816023, 0.820942
elapsed time for k point: 6 seconds.
solve_kpoint (0.5,0.287129,0.287129):
Solving for bands 1 to 10...
Finished solving for bands 1 to 10 after 7 iterations.
Solving for bands 11 to 20...
Finished solving for bands 11 to 20 after 9 iterations.
Solving for bands 21 to 30...
Finished solving for bands 21 to 30 after 10 iterations.
Solving for bands 31 to 40...
Finished solving for bands 31 to 40 after 12 iterations.
Finished k-point with 9.5 mean iterations/band.
freqs:, 448, 0.5, 0.287129, 0.287129, 0.644116, 0.311054, 0.316316, 0.364411, 0.435571, 0.480553, 0.491212, 0.502258, 0.521834, 0.532153, 0.5441, 0.542483, 0.549146, 0.593637, 0.596716, 0.626526, 0.641023, 0.646638, 0.654127, 0.658866, 0.6625, 0.68469, 0.685502, 0.691897, 0.694352, 0.701331, 0.701644, 0.712146, 0.71684, 0.734877, 0.738321, 0.747251, 0.764608, 0.775827, 0.775897, 0.779688, 0.781257, 0.803638, 0.808213, 0.816825, 0.821353
elapsed time for k point: 6 seconds.
solve_kpoint (0.5,0.282178,0.282178):
Solving for bands 1 to 10...
Finished solving for bands 1 to 10 after 7 iterations.
Solving for bands 11 to 20...
Finished solving for bands 11 to 20 after 9 iterations.
Solving for bands 21 to 30...
Finished solving for bands 21 to 30 after 10 iterations.
Solving for bands 31 to 40...
Finished solving for bands 31 to 40 after 12 iterations.
Finished k-point with 9.5 mean iterations/band.
freqs:, 449, 0.5, 0.282178, 0.282178, 0.639726, 0.309731, 0.315032, 0.364751, 0.433473, 0.480953, 0.491558, 0.502199, 0.522288, 0.53291, 0.544948, 0.543016, 0.550301, 0.594624, 0.597833, 0.625556, 0.640638, 0.647425, 0.654937, 0.658468, 0.662078, 0.684434, 0.684857, 0.691461, 0.694409, 0.700539, 0.701738, 0.711538, 0.716608, 0.733944, 0.738431, 0.747308, 0.764636, 0.775485, 0.775778, 0.779518, 0.781689, 0.803473, 0.808338, 0.817677, 0.821751
elapsed time for k point: 7 seconds.
solve_kpoint (0.5,0.277228,0.277228):
Solving for bands 1 to 10...
Finished solving for bands 1 to 10 after 7 iterations.
Solving for bands 11 to 20...
Finished solving for bands 11 to 20 after 9 iterations.
Solving for bands 21 to 30...
Finished solving for bands 21 to 30 after 10 iterations.
Solving for bands 31 to 40...
Finished solving for bands 31 to 40 after 12 iterations.
Finished k-point with 9.5 mean iterations/band.
freqs:, 450, 0.5, 0.277228, 0.277228, 0.635382, 0.3084, 0.313731, 0.365056, 0.431373, 0.481418, 0.491927, 0.502169, 0.522754, 0.533682, 0.545794, 0.543542, 0.551467, 0.595587, 0.598947, 0.624576, 0.64029, 0.648199, 0.655742, 0.658068, 0.661649, 0.684147, 0.684199, 0.691039, 0.694451, 0.699751, 0.701856, 0.710942, 0.716393, 0.732983, 0.738532, 0.747335, 0.764659, 0.775122, 0.775647, 0.779328, 0.782137, 0.80332, 0.808459, 0.818568, 0.822132
elapsed time for k point: 6 seconds.
solve_kpoint (0.5,0.272277,0.272277):
Solving for bands 1 to 10...
Finished solving for bands 1 to 10 after 8 iterations.
Solving for bands 11 to 20...
Finished solving for bands 11 to 20 after 9 iterations.
Solving for bands 21 to 30...
Finished solving for bands 21 to 30 after 10 iterations.
Solving for bands 31 to 40...
Finished solving for bands 31 to 40 after 13 iterations.
Finished k-point with 10 mean iterations/band.
freqs:, 451, 0.5, 0.272277, 0.272277, 0.631086, 0.307063, 0.312412, 0.365327, 0.429274, 0.48195, 0.49232, 0.502169, 0.523233, 0.534467, 0.546638, 0.544062, 0.552642, 0.596523, 0.600056, 0.62359, 0.63998, 0.648958, 0.65654, 0.657667, 0.661214, 0.683529, 0.683831, 0.69063, 0.694474, 0.698968, 0.701996, 0.710358, 0.716195, 0.731997, 0.738622, 0.747331, 0.764676, 0.774741, 0.775504, 0.779124, 0.782601, 0.80318, 0.808573, 0.819483, 0.82249
elapsed time for k point: 7 seconds.
solve_kpoint (0.5,0.267327,0.267327):
Solving for bands 1 to 10...
    iteration   30: trace = 2.094130594133621 (0.00158276% change)
    iteration   60: trace = 2.093658207719361 (0.000315388% change)
Finished solving for bands 1 to 10 after 80 iterations.
Solving for bands 11 to 20...
Finished solving for bands 11 to 20 after 12 iterations.
Solving for bands 21 to 30...
Finished solving for bands 21 to 30 after 10 iterations.
Solving for bands 31 to 40...
Finished solving for bands 31 to 40 after 13 iterations.
Finished k-point with 28.75 mean iterations/band.
freqs:, 452, 0.5, 0.267327, 0.267327, 0.626839, 0.30572, 0.311077, 0.365562, 0.427177, 0.482547, 0.492735, 0.502197, 0.523725, 0.535264, 0.544569, 0.547486, 0.553825, 0.597427, 0.60116, 0.622599, 0.639713, 0.649701, 0.657266, 0.657326, 0.660772, 0.682851, 0.683486, 0.690235, 0.694475, 0.698192, 0.702157, 0.709786, 0.716017, 0.730988, 0.738701, 0.747294, 0.764688, 0.774345, 0.775349, 0.77891, 0.78308, 0.803054, 0.808679, 0.820409, 0.822819
elapsed time for k point: 17 seconds.
solve_kpoint (0.5,0.262376,0.262376):
Solving for bands 1 to 10...
Finished solving for bands 1 to 10 after 7 iterations.
Solving for bands 11 to 20...
Finished solving for bands 11 to 20 after 9 iterations.
Solving for bands 21 to 30...
Finished solving for bands 21 to 30 after 10 iterations.
Solving for bands 31 to 40...
Finished solving for bands 31 to 40 after 13 iterations.
Finished k-point with 9.75 mean iterations/band.
freqs:, 453, 0.5, 0.262376, 0.262376, 0.622642, 0.304374, 0.309728, 0.365762, 0.425084, 0.48321, 0.493173, 0.502254, 0.524229, 0.536074, 0.545072, 0.548325, 0.555016, 0.598297, 0.602258, 0.621606, 0.639491, 0.650426, 0.656865, 0.658099, 0.660326, 0.682166, 0.683114, 0.689855, 0.694455, 0.697423, 0.702339, 0.709229, 0.715857, 0.729958, 0.738766, 0.747225, 0.764695, 0.773937, 0.775183, 0.77869, 0.783573, 0.802942, 0.808776, 0.821331, 0.823108
elapsed time for k point: 6 seconds.
solve_kpoint (0.5,0.257426,0.257426):
Solving for bands 1 to 10...
Finished solving for bands 1 to 10 after 7 iterations.
Solving for bands 11 to 20...
Finished solving for bands 11 to 20 after 10 iterations.
Solving for bands 21 to 30...
Finished solving for bands 21 to 30 after 10 iterations.
Solving for bands 31 to 40...
Finished solving for bands 31 to 40 after 13 iterations.
Finished k-point with 10 mean iterations/band.
freqs:, 454, 0.5, 0.257426, 0.257426, 0.618495, 0.303025, 0.308366, 0.365926, 0.422996, 0.483937, 0.493631, 0.50234, 0.524744, 0.536896, 0.545568, 0.54916, 0.556214, 0.59913, 0.603349, 0.620612, 0.639316, 0.651132, 0.656466, 0.658857, 0.659874, 0.681476, 0.682715, 0.68949, 0.694412, 0.696664, 0.70254, 0.708686, 0.715716, 0.728911, 0.738817, 0.747124, 0.764696, 0.773519, 0.775004, 0.778469, 0.784081, 0.802845, 0.808861, 0.822232, 0.823348
elapsed time for k point: 7 seconds.
solve_kpoint (0.5,0.252475,0.252475):
Solving for bands 1 to 10...
Finished solving for bands 1 to 10 after 7 iterations.
Solving for bands 11 to 20...
Finished solving for bands 11 to 20 after 10 iterations.
Solving for bands 21 to 30...
Finished solving for bands 21 to 30 after 10 iterations.
Solving for bands 31 to 40...
Finished solving for bands 31 to 40 after 14 iterations.
Finished k-point with 10.25 mean iterations/band.
freqs:, 455, 0.5, 0.252475, 0.252475, 0.6144, 0.301675, 0.306993, 0.366055, 0.420915, 0.484729, 0.49411, 0.502453, 0.525271, 0.537729, 0.546056, 0.54999, 0.557418, 0.599921, 0.604431, 0.619619, 0.639192, 0.651814, 0.656073, 0.659419, 0.659596, 0.680781, 0.682291, 0.689141, 0.694345, 0.695913, 0.702759, 0.708158, 0.715595, 0.72785, 0.738853, 0.746991, 0.764691, 0.773095, 0.774813, 0.778248, 0.784601, 0.802764, 0.808934, 0.823093, 0.823518
elapsed time for k point: 7 seconds.
solve_kpoint (0.5,0.247525,0.247525):
Solving for bands 1 to 10...
Finished solving for bands 1 to 10 after 7 iterations.
Solving for bands 11 to 20...
Finished solving for bands 11 to 20 after 10 iterations.
Solving for bands 21 to 30...
Finished solving for bands 21 to 30 after 10 iterations.
Solving for bands 31 to 40...
Finished solving for bands 31 to 40 after 14 iterations.
Finished k-point with 10.25 mean iterations/band.
freqs:, 456, 0.5, 0.247525, 0.247525, 0.610358, 0.300325, 0.305609, 0.366149, 0.418843, 0.485584, 0.494609, 0.502594, 0.525809, 0.538573, 0.546535, 0.550814, 0.558627, 0.600668, 0.605504, 0.618628, 0.63912, 0.652467, 0.65569, 0.658961, 0.660316, 0.680084, 0.681842, 0.688808, 0.694256, 0.695174, 0.702995, 0.707647, 0.715492, 0.726777, 0.738873, 0.746826, 0.764682, 0.772666, 0.774611, 0.77803, 0.785135, 0.802698, 0.808994, 0.823588, 0.823895
elapsed time for k point: 6 seconds.
solve_kpoint (0.5,0.242574,0.242574):
Solving for bands 1 to 10...
Finished solving for bands 1 to 10 after 7 iterations.
Solving for bands 11 to 20...
Finished solving for bands 11 to 20 after 10 iterations.
Solving for bands 21 to 30...
Finished solving for bands 21 to 30 after 10 iterations.
Solving for bands 31 to 40...
Finished solving for bands 31 to 40 after 16 iterations.
Finished k-point with 10.75 mean iterations/band.
freqs:, 457, 0.5, 0.242574, 0.242574, 0.60637, 0.298976, 0.304217, 0.36621, 0.416781, 0.4865, 0.495126, 0.502762, 0.526358, 0.539427, 0.547005, 0.55163, 0.559838, 0.601368, 0.606566, 0.617641, 0.639104, 0.653078, 0.65533, 0.658501, 0.661013, 0.679385, 0.68137, 0.688491, 0.694143, 0.694446, 0.703247, 0.707153, 0.715408, 0.725697, 0.738876, 0.746628, 0.764666, 0.772235, 0.774396, 0.777816, 0.78568, 0.802648, 0.80904, 0.823508, 0.824611
elapsed time for k point: 8 seconds.
solve_kpoint (0.5,0.237624,0.237624):
Solving for bands 1 to 10...
Finished solving for bands 1 to 10 after 7 iterations.
Solving for bands 11 to 20...
Finished solving for bands 11 to 20 after 11 iterations.
Solving for bands 21 to 30...
Finished solving for bands 21 to 30 after 10 iterations.
Solving for bands 31 to 40...
Finished solving for bands 31 to 40 after 19 iterations.
Finished k-point with 11.75 mean iterations/band.
freqs:, 458, 0.5, 0.237624, 0.237624, 0.602437, 0.29763, 0.302819, 0.366236, 0.41473, 0.487477, 0.495662, 0.502957, 0.526917, 0.54029, 0.547466, 0.552438, 0.561051, 0.602019, 0.607615, 0.616659, 0.639145, 0.6536, 0.65504, 0.658041, 0.661685, 0.678686, 0.680876, 0.688191, 0.69373, 0.694009, 0.703514, 0.706677, 0.715342, 0.724611, 0.73886, 0.7464, 0.764645, 0.771805, 0.774168, 0.777608, 0.786237, 0.802614, 0.809072, 0.823188, 0.825221
elapsed time for k point: 7 seconds.
solve_kpoint (0.5,0.232673,0.232673):
Solving for bands 1 to 10...
Finished solving for bands 1 to 10 after 8 iterations.
Solving for bands 11 to 20...
Finished solving for bands 11 to 20 after 11 iterations.
Solving for bands 21 to 30...
Finished solving for bands 21 to 30 after 10 iterations.
Solving for bands 31 to 40...
Finished solving for bands 31 to 40 after 20 iterations.
Finished k-point with 12.25 mean iterations/band.
freqs:, 459, 0.5, 0.232673, 0.232673, 0.59856, 0.296288, 0.301414, 0.366231, 0.412693, 0.488512, 0.496215, 0.503177, 0.527486, 0.541162, 0.547917, 0.553237, 0.562264, 0.602619, 0.608652, 0.615683, 0.639244, 0.653871, 0.654981, 0.657582, 0.66233, 0.677986, 0.680361, 0.687907, 0.693028, 0.693854, 0.703796, 0.706221, 0.715292, 0.723525, 0.738825, 0.74614, 0.764617, 0.771378, 0.773928, 0.777406, 0.786803, 0.802597, 0.80909, 0.8225, 0.825707
elapsed time for k point: 9 seconds.
solve_kpoint (0.5,0.227723,0.227723):
Solving for bands 1 to 10...
Finished solving for bands 1 to 10 after 8 iterations.
Solving for bands 11 to 20...
Finished solving for bands 11 to 20 after 12 iterations.
Solving for bands 21 to 30...
Finished solving for bands 21 to 30 after 10 iterations.
Solving for bands 31 to 40...
Finished solving for bands 31 to 40 after 20 iterations.
Finished k-point with 12.5 mean iterations/band.
freqs:, 460, 0.5, 0.227723, 0.227723, 0.59474, 0.294951, 0.300007, 0.366194, 0.41067, 0.489605, 0.496785, 0.503423, 0.528065, 0.542042, 0.548358, 0.554026, 0.563476, 0.603166, 0.609674, 0.614714, 0.639403, 0.653747, 0.655298, 0.657125, 0.662945, 0.677287, 0.679829, 0.68764, 0.692341, 0.693679, 0.70409, 0.705784, 0.715259, 0.72244, 0.73877, 0.745849, 0.764583, 0.770955, 0.773675, 0.777211, 0.787378, 0.802596, 0.809094, 0.821337, 0.826057
elapsed time for k point: 8 seconds.
solve_kpoint (0.5,0.222772,0.222772):
Solving for bands 1 to 10...
Finished solving for bands 1 to 10 after 8 iterations.
Solving for bands 11 to 20...
Finished solving for bands 11 to 20 after 12 iterations.
Solving for bands 21 to 30...
Finished solving for bands 21 to 30 after 10 iterations.
Solving for bands 31 to 40...
Finished solving for bands 31 to 40 after 19 iterations.
Finished k-point with 12.25 mean iterations/band.
freqs:, 461, 0.5, 0.222772, 0.222772, 0.590978, 0.29362, 0.298597, 0.366128, 0.408664, 0.490752, 0.49737, 0.503693, 0.528652, 0.542929, 0.548789, 0.554803, 0.564684, 0.603661, 0.61068, 0.613755, 0.63962, 0.653444, 0.655773, 0.656673, 0.663525, 0.676591, 0.679281, 0.687389, 0.69167, 0.693486, 0.704396, 0.705369, 0.715241, 0.721362, 0.738693, 0.745528, 0.764542, 0.77054, 0.773408, 0.777023, 0.78796, 0.802613, 0.809083, 0.819723, 0.826267
elapsed time for k point: 8 seconds.
solve_kpoint (0.5,0.217822,0.217822):
Solving for bands 1 to 10...
Finished solving for bands 1 to 10 after 8 iterations.
Solving for bands 11 to 20...
Finished solving for bands 11 to 20 after 13 iterations.
Solving for bands 21 to 30...
Finished solving for bands 21 to 30 after 10 iterations.
Solving for bands 31 to 40...
Finished solving for bands 31 to 40 after 17 iterations.
Finished k-point with 12 mean iterations/band.
freqs:, 462, 0.5, 0.217822, 0.217822, 0.587276, 0.292298, 0.297186, 0.366033, 0.406675, 0.491953, 0.497971, 0.503987, 0.529249, 0.543822, 0.549207, 0.555567, 0.565886, 0.604102, 0.611668, 0.612806, 0.639896, 0.653094, 0.656229, 0.656275, 0.664067, 0.675898, 0.678721, 0.687154, 0.691015, 0.693276, 0.704713, 0.704977, 0.715238, 0.720292, 0.738595, 0.745178, 0.764493, 0.770133, 0.773127, 0.776843, 0.78855, 0.802646, 0.809058, 0.81779, 0.826346
elapsed time for k point: 8 seconds.
solve_kpoint (0.5,0.212871,0.212871):
Solving for bands 1 to 10...
Finished solving for bands 1 to 10 after 8 iterations.
Solving for bands 11 to 20...
Finished solving for bands 11 to 20 after 14 iterations.
Solving for bands 21 to 30...
Finished solving for bands 21 to 30 after 10 iterations.
Solving for bands 31 to 40...
Finished solving for bands 31 to 40 after 15 iterations.
Finished k-point with 11.75 mean iterations/band.
freqs:, 463, 0.5, 0.212871, 0.212871, 0.583634, 0.290984, 0.295777, 0.365911, 0.404705, 0.493205, 0.498585, 0.504303, 0.529853, 0.54472, 0.549614, 0.556318, 0.56708, 0.604493, 0.611868, 0.612637, 0.640228, 0.652731, 0.655793, 0.656771, 0.664564, 0.675209, 0.678154, 0.686935, 0.690377, 0.693051, 0.704608, 0.705039, 0.715247, 0.719235, 0.738473, 0.744799, 0.764436, 0.769736, 0.772831, 0.776669, 0.789145, 0.802697, 0.809019, 0.81567, 0.826307
elapsed time for k point: 8 seconds.
solve_kpoint (0.5,0.207921,0.207921):
Solving for bands 1 to 10...
Finished solving for bands 1 to 10 after 8 iterations.
Solving for bands 11 to 20...
Finished solving for bands 11 to 20 after 15 iterations.
Solving for bands 21 to 30...
Finished solving for bands 21 to 30 after 10 iterations.
Solving for bands 31 to 40...
Finished solving for bands 31 to 40 after 14 iterations.
Finished k-point with 11.75 mean iterations/band.
freqs:, 464, 0.5, 0.207921, 0.207921, 0.580054, 0.28968, 0.294371, 0.365764, 0.402755, 0.494506, 0.499213, 0.504642, 0.530465, 0.545621, 0.550007, 0.557054, 0.568263, 0.604832, 0.610944, 0.613585, 0.640614, 0.652366, 0.65537, 0.657249, 0.665011, 0.674526, 0.677585, 0.68673, 0.689758, 0.692811, 0.704264, 0.705374, 0.715268, 0.718194, 0.738328, 0.744392, 0.764369, 0.769352, 0.77252, 0.776502, 0.789744, 0.802766, 0.808967, 0.813447, 0.826169
elapsed time for k point: 7 seconds.
solve_kpoint (0.5,0.20297,0.20297):
Solving for bands 1 to 10...
Finished solving for bands 1 to 10 after 8 iterations.
Solving for bands 11 to 20...
Finished solving for bands 11 to 20 after 15 iterations.
Solving for bands 21 to 30...
Finished solving for bands 21 to 30 after 10 iterations.
Solving for bands 31 to 40...
Finished solving for bands 31 to 40 after 13 iterations.
Finished k-point with 11.5 mean iterations/band.
freqs:, 465, 0.5, 0.20297, 0.20297, 0.576536, 0.288387, 0.292969, 0.365593, 0.400828, 0.495853, 0.499853, 0.505002, 0.531085, 0.546524, 0.550387, 0.557775, 0.569434, 0.605124, 0.610035, 0.61451, 0.641051, 0.652003, 0.654961, 0.657705, 0.665397, 0.67385, 0.677025, 0.68654, 0.689158, 0.69256, 0.703946, 0.705715, 0.7153, 0.717173, 0.738159, 0.743958, 0.764291, 0.768981, 0.772192, 0.776341, 0.790345, 0.802851, 0.808903, 0.811172, 0.825949
elapsed time for k point: 8 seconds.
solve_kpoint (0.5,0.19802,0.19802):
Solving for bands 1 to 10...
Finished solving for bands 1 to 10 after 8 iterations.
Solving for bands 11 to 20...
Finished solving for bands 11 to 20 after 15 iterations.
Solving for bands 21 to 30...
Finished solving for bands 21 to 30 after 10 iterations.
Solving for bands 31 to 40...
Finished solving for bands 31 to 40 after 12 iterations.
Finished k-point with 11.25 mean iterations/band.
freqs:, 466, 0.5, 0.19802, 0.19802, 0.573083, 0.287108, 0.291573, 0.3654, 0.398925, 0.497245, 0.500505, 0.505383, 0.531711, 0.547429, 0.550753, 0.558479, 0.570588, 0.605371, 0.609142, 0.615411, 0.641535, 0.651644, 0.654571, 0.658137, 0.665711, 0.673183, 0.676483, 0.686363, 0.688579, 0.692297, 0.703655, 0.706059, 0.715342, 0.716177, 0.737965, 0.743498, 0.7642, 0.768625, 0.771848, 0.776187, 0.790949, 0.802955, 0.808825, 0.808877, 0.825666
elapsed time for k point: 7 seconds.
solve_kpoint (0.5,0.193069,0.193069):
Solving for bands 1 to 10...
Finished solving for bands 1 to 10 after 8 iterations.
Solving for bands 11 to 20...
Finished solving for bands 11 to 20 after 16 iterations.
Solving for bands 21 to 30...
Finished solving for bands 21 to 30 after 10 iterations.
Solving for bands 31 to 40...
Finished solving for bands 31 to 40 after 12 iterations.
Finished k-point with 11.5 mean iterations/band.
freqs:, 467, 0.5, 0.193069, 0.193069, 0.569694, 0.285841, 0.290185, 0.365186, 0.397046, 0.498679, 0.501168, 0.505783, 0.532344, 0.548332, 0.551104, 0.559165, 0.571723, 0.605576, 0.608268, 0.616286, 0.642062, 0.651293, 0.654203, 0.658544, 0.665939, 0.672528, 0.675973, 0.686197, 0.688021, 0.692025, 0.703393, 0.706405, 0.715211, 0.715392, 0.737746, 0.743013, 0.764093, 0.768285, 0.771485, 0.776039, 0.791552, 0.803076, 0.806578, 0.808737, 0.825332
elapsed time for k point: 8 seconds.
solve_kpoint (0.5,0.188119,0.188119):
Solving for bands 1 to 10...
Finished solving for bands 1 to 10 after 8 iterations.
Solving for bands 11 to 20...
Finished solving for bands 11 to 20 after 16 iterations.
Solving for bands 21 to 30...
Finished solving for bands 21 to 30 after 10 iterations.
Solving for bands 31 to 40...
Finished solving for bands 31 to 40 after 12 iterations.
Finished k-point with 11.5 mean iterations/band.
freqs:, 468, 0.5, 0.188119, 0.188119, 0.566372, 0.28459, 0.288806, 0.364954, 0.395193, 0.500153, 0.50184, 0.506202, 0.532982, 0.549234, 0.551439, 0.559832, 0.572836, 0.605743, 0.607415, 0.617132, 0.642625, 0.650949, 0.653861, 0.658925, 0.666063, 0.671885, 0.675514, 0.686043, 0.687485, 0.691745, 0.703161, 0.706746, 0.71428, 0.71545, 0.737502, 0.742503, 0.763967, 0.767961, 0.771104, 0.775895, 0.792153, 0.803215, 0.804295, 0.808638, 0.82496
elapsed time for k point: 7 seconds.
solve_kpoint (0.5,0.183168,0.183168):
Solving for bands 1 to 10...
Finished solving for bands 1 to 10 after 8 iterations.
Solving for bands 11 to 20...
Finished solving for bands 11 to 20 after 17 iterations.
Solving for bands 21 to 30...
Finished solving for bands 21 to 30 after 10 iterations.
Solving for bands 31 to 40...
Finished solving for bands 31 to 40 after 11 iterations.
Finished k-point with 11.5 mean iterations/band.
freqs:, 469, 0.5, 0.183168, 0.183168, 0.563117, 0.283355, 0.287439, 0.364705, 0.393369, 0.501663, 0.502522, 0.506638, 0.533626, 0.550131, 0.551758, 0.560479, 0.573922, 0.605876, 0.606584, 0.617949, 0.64322, 0.650614, 0.653548, 0.65928, 0.666065, 0.671258, 0.675121, 0.685897, 0.686973, 0.691459, 0.70296, 0.707075, 0.713395, 0.715514, 0.737232, 0.741971, 0.763816, 0.767654, 0.770704, 0.775756, 0.792752, 0.802038, 0.803372, 0.808528, 0.824559
elapsed time for k point: 8 seconds.
solve_kpoint (0.5,0.178218,0.178218):
Solving for bands 1 to 10...
Finished solving for bands 1 to 10 after 8 iterations.
Solving for bands 11 to 20...
Finished solving for bands 11 to 20 after 17 iterations.
Solving for bands 21 to 30...
Finished solving for bands 21 to 30 after 10 iterations.
Solving for bands 31 to 40...
Finished solving for bands 31 to 40 after 11 iterations.
Finished k-point with 11.5 mean iterations/band.
freqs:, 470, 0.5, 0.178218, 0.178218, 0.559931, 0.282137, 0.286084, 0.364441, 0.391573, 0.503208, 0.503212, 0.507091, 0.534274, 0.551021, 0.55206, 0.561104, 0.574977, 0.605778, 0.605978, 0.618733, 0.643839, 0.650289, 0.653269, 0.65961, 0.665931, 0.670651, 0.674813, 0.68576, 0.686484, 0.691167, 0.702792, 0.707379, 0.712569, 0.715584, 0.736938, 0.741416, 0.763636, 0.767365, 0.770286, 0.775622, 0.793346, 0.799818, 0.803547, 0.808409, 0.824136
elapsed time for k point: 7 seconds.
solve_kpoint (0.5,0.173267,0.173267):
Solving for bands 1 to 10...
Finished solving for bands 1 to 10 after 9 iterations.
Solving for bands 11 to 20...
Finished solving for bands 11 to 20 after 17 iterations.
Solving for bands 21 to 30...
Finished solving for bands 21 to 30 after 10 iterations.
Solving for bands 31 to 40...
Finished solving for bands 31 to 40 after 10 iterations.
Finished k-point with 11.5 mean iterations/band.
freqs:, 471, 0.5, 0.173267, 0.173267, 0.556815, 0.280938, 0.284743, 0.364164, 0.389808, 0.503908, 0.504788, 0.507559, 0.534926, 0.551902, 0.552343, 0.561708, 0.575999, 0.605, 0.606055, 0.619483, 0.644476, 0.649975, 0.653029, 0.659914, 0.66565, 0.670065, 0.674597, 0.685629, 0.686021, 0.690871, 0.702656, 0.707631, 0.711829, 0.715658, 0.736619, 0.740841, 0.763415, 0.767094, 0.769851, 0.775491, 0.793933, 0.797646, 0.80374, 0.808282, 0.823699
elapsed time for k point: 8 seconds.
solve_kpoint (0.5,0.168317,0.168317):
Solving for bands 1 to 10...
Finished solving for bands 1 to 10 after 9 iterations.
Solving for bands 11 to 20...
Finished solving for bands 11 to 20 after 17 iterations.
Solving for bands 21 to 30...
Finished solving for bands 21 to 30 after 10 iterations.
Solving for bands 31 to 40...
Finished solving for bands 31 to 40 after 10 iterations.
Finished k-point with 11.5 mean iterations/band.
freqs:, 472, 0.5, 0.168317, 0.168317, 0.55377, 0.279758, 0.283419, 0.363875, 0.388075, 0.504611, 0.506396, 0.508042, 0.535582, 0.552606, 0.552775, 0.562289, 0.576981, 0.604252, 0.606109, 0.620199, 0.645124, 0.649671, 0.65283, 0.660193, 0.665222, 0.669506, 0.674476, 0.685503, 0.685584, 0.690572, 0.702554, 0.707784, 0.711223, 0.715737, 0.736275, 0.740246, 0.763144, 0.766842, 0.769403, 0.775364, 0.794512, 0.795534, 0.803952, 0.808147, 0.823252
elapsed time for k point: 7 seconds.
solve_kpoint (0.5,0.163366,0.163366):
Solving for bands 1 to 10...
Finished solving for bands 1 to 10 after 9 iterations.
Solving for bands 11 to 20...
Finished solving for bands 11 to 20 after 17 iterations.
Solving for bands 21 to 30...
Finished solving for bands 21 to 30 after 10 iterations.
Solving for bands 31 to 40...
Finished solving for bands 31 to 40 after 10 iterations.
Finished k-point with 11.5 mean iterations/band.
freqs:, 473, 0.5, 0.163366, 0.163366, 0.550797, 0.278598, 0.282112, 0.363576, 0.386375, 0.505319, 0.508033, 0.508539, 0.53624, 0.552853, 0.55363, 0.562845, 0.577919, 0.603538, 0.606144, 0.620878, 0.645773, 0.64938, 0.652678, 0.660448, 0.664656, 0.668979, 0.67444, 0.685174, 0.68538, 0.690272, 0.702487, 0.707766, 0.710824, 0.715819, 0.735908, 0.739633, 0.762806, 0.766607, 0.768949, 0.77524, 0.793493, 0.795081, 0.804182, 0.808005, 0.822798
elapsed time for k point: 8 seconds.
solve_kpoint (0.5,0.158416,0.158416):
Solving for bands 1 to 10...
Finished solving for bands 1 to 10 after 9 iterations.
Solving for bands 11 to 20...
Finished solving for bands 11 to 20 after 16 iterations.
Solving for bands 21 to 30...
Finished solving for bands 21 to 30 after 10 iterations.
Solving for bands 31 to 40...
Finished solving for bands 31 to 40 after 10 iterations.
Finished k-point with 11.25 mean iterations/band.
freqs:, 474, 0.5, 0.158416, 0.158416, 0.547897, 0.27746, 0.280824, 0.363269, 0.38471, 0.506031, 0.509047, 0.509695, 0.536901, 0.553079, 0.55447, 0.563377, 0.578809, 0.60286, 0.606166, 0.621521, 0.646416, 0.649101, 0.652577, 0.66068, 0.663968, 0.668489, 0.674477, 0.684793, 0.685259, 0.68997, 0.702455, 0.707523, 0.710685, 0.715903, 0.735518, 0.739003, 0.762383, 0.766391, 0.768496, 0.775118, 0.791536, 0.795639, 0.80443, 0.807857, 0.822342
elapsed time for k point: 7 seconds.
solve_kpoint (0.5,0.153465,0.153465):
Solving for bands 1 to 10...
Finished solving for bands 1 to 10 after 9 iterations.
Solving for bands 11 to 20...
Finished solving for bands 11 to 20 after 15 iterations.
Solving for bands 21 to 30...
Finished solving for bands 21 to 30 after 10 iterations.
Solving for bands 31 to 40...
Finished solving for bands 31 to 40 after 10 iterations.
Finished k-point with 11 mean iterations/band.
freqs:, 475, 0.5, 0.153465, 0.153465, 0.545072, 0.276345, 0.279557, 0.362954, 0.38308, 0.506746, 0.509567, 0.511381, 0.537564, 0.553284, 0.555289, 0.563884, 0.579645, 0.602222, 0.606176, 0.622126, 0.647042, 0.648836, 0.652528, 0.660889, 0.663175, 0.668042, 0.67457, 0.684443, 0.685139, 0.689669, 0.702458, 0.707091, 0.71077, 0.71599, 0.735105, 0.738357, 0.761853, 0.766192, 0.768058, 0.774998, 0.789676, 0.796183, 0.804697, 0.807703, 0.821886
elapsed time for k point: 7 seconds.
solve_kpoint (0.5,0.148515,0.148515):
Solving for bands 1 to 10...
Finished solving for bands 1 to 10 after 9 iterations.
Solving for bands 11 to 20...
Finished solving for bands 11 to 20 after 15 iterations.
Solving for bands 21 to 30...
Finished solving for bands 21 to 30 after 10 iterations.
Solving for bands 31 to 40...
Finished solving for bands 31 to 40 after 9 iterations.
Finished k-point with 10.75 mean iterations/band.
freqs:, 476, 0.5, 0.148515, 0.148515, 0.542322, 0.275254, 0.278312, 0.362635, 0.381488, 0.507464, 0.510097, 0.513088, 0.538227, 0.553468, 0.556085, 0.564363, 0.580421, 0.601627, 0.606178, 0.622695, 0.647643, 0.648584, 0.652535, 0.661077, 0.662292, 0.667646, 0.674704, 0.684123, 0.685018, 0.689368, 0.702497, 0.706551, 0.710997, 0.716078, 0.734672, 0.737697, 0.761194, 0.766009, 0.767646, 0.77488, 0.787922, 0.796712, 0.804982, 0.807546, 0.821433
elapsed time for k point: 7 seconds.
solve_kpoint (0.5,0.143564,0.143564):
Solving for bands 1 to 10...
Finished solving for bands 1 to 10 after 9 iterations.
Solving for bands 11 to 20...
Finished solving for bands 11 to 20 after 14 iterations.
Solving for bands 21 to 30...
Finished solving for bands 21 to 30 after 10 iterations.
Solving for bands 31 to 40...
Finished solving for bands 31 to 40 after 9 iterations.
Finished k-point with 10.5 mean iterations/band.
freqs:, 477, 0.5, 0.143564, 0.143564, 0.539649, 0.274187, 0.277091, 0.362312, 0.379934, 0.508182, 0.510636, 0.514814, 0.53889, 0.55363, 0.556854, 0.564816, 0.581133, 0.601079, 0.606175, 0.623229, 0.648207, 0.648346, 0.6526, 0.661244, 0.661335, 0.667308, 0.674867, 0.683838, 0.684897, 0.689068, 0.702569, 0.705967, 0.711301, 0.716167, 0.734219, 0.737023, 0.760386, 0.765844, 0.767271, 0.774763, 0.786287, 0.797225, 0.805284, 0.807385, 0.820983
elapsed time for k point: 7 seconds.
solve_kpoint (0.5,0.138614,0.138614):
Solving for bands 1 to 10...
Finished solving for bands 1 to 10 after 9 iterations.
Solving for bands 11 to 20...
Finished solving for bands 11 to 20 after 14 iterations.
Solving for bands 21 to 30...
Finished solving for bands 21 to 30 after 10 iterations.
Solving for bands 31 to 40...
Finished solving for bands 31 to 40 after 9 iterations.
Finished k-point with 10.5 mean iterations/band.
freqs:, 478, 0.5, 0.138614, 0.138614, 0.537055, 0.273146, 0.275896, 0.361987, 0.37842, 0.5089, 0.511181, 0.516557, 0.539552, 0.553772, 0.557593, 0.565241, 0.581775, 0.600583, 0.60617, 0.623729, 0.648122, 0.648725, 0.652723, 0.660315, 0.661392, 0.667037, 0.67505, 0.683587, 0.684773, 0.68877, 0.702677, 0.705374, 0.711648, 0.716256, 0.733747, 0.736338, 0.759417, 0.765694, 0.766939, 0.774648, 0.784778, 0.797721, 0.805604, 0.807221, 0.82054
elapsed time for k point: 7 seconds.
solve_kpoint (0.5,0.133663,0.133663):
Solving for bands 1 to 10...
Finished solving for bands 1 to 10 after 10 iterations.
Solving for bands 11 to 20...
Finished solving for bands 11 to 20 after 14 iterations.
Solving for bands 21 to 30...
Finished solving for bands 21 to 30 after 10 iterations.
Solving for bands 31 to 40...
Finished solving for bands 31 to 40 after 9 iterations.
Finished k-point with 10.75 mean iterations/band.
freqs:, 479, 0.5, 0.133663, 0.133663, 0.534539, 0.272132, 0.274727, 0.361661, 0.376946, 0.509617, 0.511734, 0.518315, 0.540213, 0.553891, 0.558296, 0.565638, 0.582342, 0.600143, 0.606165, 0.624198, 0.647913, 0.649184, 0.652904, 0.659243, 0.661523, 0.666842, 0.675243, 0.683373, 0.684646, 0.688475, 0.702817, 0.704788, 0.712017, 0.716346, 0.733258, 0.735643, 0.758285, 0.765559, 0.766652, 0.774534, 0.783398, 0.798197, 0.80594, 0.807054, 0.820105
elapsed time for k point: 7 seconds.
solve_kpoint (0.5,0.128713,0.128713):
Solving for bands 1 to 10...
Finished solving for bands 1 to 10 after 10 iterations.
Solving for bands 11 to 20...
Finished solving for bands 11 to 20 after 14 iterations.
Solving for bands 21 to 30...
Finished solving for bands 21 to 30 after 10 iterations.
Solving for bands 31 to 40...
Finished solving for bands 31 to 40 after 9 iterations.
Finished k-point with 10.75 mean iterations/band.
freqs:, 480, 0.5, 0.128713, 0.128713, 0.532103, 0.271146, 0.273586, 0.361335, 0.375515, 0.510331, 0.51229, 0.520086, 0.540871, 0.553988, 0.558961, 0.566007, 0.582828, 0.599761, 0.606162, 0.624639, 0.647718, 0.649577, 0.653141, 0.658125, 0.661636, 0.666729, 0.675443, 0.683199, 0.684517, 0.688183, 0.702989, 0.704219, 0.7124, 0.716436, 0.732752, 0.73494, 0.756993, 0.765438, 0.766405, 0.774421, 0.782148, 0.798654, 0.806292, 0.806887, 0.819678
elapsed time for k point: 7 seconds.
solve_kpoint (0.5,0.123762,0.123762):
Solving for bands 1 to 10...
Finished solving for bands 1 to 10 after 10 iterations.
Solving for bands 11 to 20...
Finished solving for bands 11 to 20 after 14 iterations.
Solving for bands 21 to 30...
Finished solving for bands 21 to 30 after 10 iterations.
Solving for bands 31 to 40...
Finished solving for bands 31 to 40 after 9 iterations.
Finished k-point with 10.75 mean iterations/band.
freqs:, 481, 0.5, 0.123762, 0.123762, 0.529749, 0.270189, 0.272476, 0.361012, 0.374127, 0.511042, 0.51285, 0.521868, 0.541526, 0.554064, 0.559584, 0.566347, 0.58323, 0.599443, 0.606162, 0.625056, 0.647539, 0.649894, 0.653433, 0.65697, 0.661735, 0.666706, 0.675643, 0.683068, 0.684386, 0.687894, 0.703193, 0.703671, 0.712789, 0.716526, 0.732233, 0.73423, 0.755552, 0.76533, 0.766195, 0.774308, 0.781025, 0.799091, 0.806657, 0.80672, 0.819262
elapsed time for k point: 7 seconds.
solve_kpoint (0.5,0.118812,0.118812):
Solving for bands 1 to 10...
Finished solving for bands 1 to 10 after 10 iterations.
Solving for bands 11 to 20...
Finished solving for bands 11 to 20 after 14 iterations.
Solving for bands 21 to 30...
Finished solving for bands 21 to 30 after 10 iterations.
Solving for bands 31 to 40...
Finished solving for bands 31 to 40 after 9 iterations.
Finished k-point with 10.75 mean iterations/band.
freqs:, 482, 0.5, 0.118812, 0.118812, 0.527478, 0.269261, 0.271396, 0.360691, 0.372783, 0.511747, 0.513412, 0.523659, 0.542176, 0.554118, 0.560161, 0.566658, 0.583542, 0.599192, 0.606168, 0.625453, 0.647373, 0.650132, 0.653775, 0.655783, 0.661819, 0.666775, 0.675843, 0.682981, 0.684251, 0.687609, 0.703147, 0.703425, 0.713181, 0.716616, 0.7317, 0.733514, 0.753977, 0.765234, 0.766016, 0.774197, 0.780021, 0.799507, 0.806553, 0.807035, 0.818856
elapsed time for k point: 7 seconds.
solve_kpoint (0.5,0.113861,0.113861):
Solving for bands 1 to 10...
Finished solving for bands 1 to 10 after 10 iterations.
Solving for bands 11 to 20...
Finished solving for bands 11 to 20 after 14 iterations.
Solving for bands 21 to 30...
Finished solving for bands 21 to 30 after 10 iterations.
Solving for bands 31 to 40...
Finished solving for bands 31 to 40 after 9 iterations.
Finished k-point with 10.75 mean iterations/band.
freqs:, 483, 0.5, 0.113861, 0.113861, 0.525289, 0.268363, 0.270349, 0.360375, 0.371485, 0.512446, 0.513975, 0.525457, 0.542821, 0.554151, 0.560688, 0.56694, 0.583763, 0.599011, 0.60618, 0.625833, 0.647223, 0.650287, 0.654162, 0.65457, 0.66189, 0.666938, 0.676038, 0.682942, 0.684115, 0.687327, 0.702648, 0.703685, 0.713572, 0.716705, 0.731155, 0.732795, 0.752284, 0.76515, 0.765861, 0.774087, 0.779126, 0.799902, 0.806386, 0.807423, 0.818463
elapsed time for k point: 7 seconds.
solve_kpoint (0.5,0.108911,0.108911):
Solving for bands 1 to 10...
Finished solving for bands 1 to 10 after 10 iterations.
Solving for bands 11 to 20...
Finished solving for bands 11 to 20 after 14 iterations.
Solving for bands 21 to 30...
Finished solving for bands 21 to 30 after 10 iterations.
Solving for bands 31 to 40...
Finished solving for bands 31 to 40 after 9 iterations.
Finished k-point with 10.75 mean iterations/band.
freqs:, 484, 0.5, 0.108911, 0.108911, 0.523186, 0.267497, 0.269336, 0.360064, 0.370234, 0.513137, 0.514535, 0.52726, 0.543459, 0.554163, 0.561164, 0.567194, 0.583888, 0.598903, 0.606199, 0.6262, 0.647087, 0.650361, 0.653334, 0.65459, 0.66195, 0.667191, 0.676228, 0.682956, 0.683976, 0.687049, 0.702175, 0.703971, 0.71396, 0.716793, 0.7306, 0.732074, 0.75049, 0.765077, 0.765727, 0.773977, 0.778331, 0.800277, 0.806222, 0.80782, 0.818082
elapsed time for k point: 7 seconds.
solve_kpoint (0.5,0.10396,0.10396):
Solving for bands 1 to 10...
Finished solving for bands 1 to 10 after 10 iterations.
Solving for bands 11 to 20...
Finished solving for bands 11 to 20 after 14 iterations.
Solving for bands 21 to 30...
Finished solving for bands 21 to 30 after 10 iterations.
Solving for bands 31 to 40...
Finished solving for bands 31 to 40 after 9 iterations.
Finished k-point with 10.75 mean iterations/band.
freqs:, 485, 0.5, 0.10396, 0.10396, 0.521167, 0.266664, 0.268358, 0.35976, 0.36903, 0.513819, 0.515093, 0.529067, 0.54409, 0.554155, 0.561587, 0.567419, 0.583916, 0.59887, 0.606226, 0.626558, 0.646964, 0.65036, 0.65208, 0.655052, 0.661999, 0.667528, 0.676411, 0.683024, 0.683836, 0.686776, 0.701728, 0.704281, 0.714343, 0.716881, 0.730037, 0.731353, 0.748614, 0.765012, 0.765609, 0.773869, 0.777624, 0.800632, 0.80606, 0.808222, 0.817715
elapsed time for k point: 7 seconds.
solve_kpoint (0.5,0.0990099,0.0990099):
Solving for bands 1 to 10...
Finished solving for bands 1 to 10 after 10 iterations.
Solving for bands 11 to 20...
Finished solving for bands 11 to 20 after 14 iterations.
Solving for bands 21 to 30...
Finished solving for bands 21 to 30 after 12 iterations.
Solving for bands 31 to 40...
Finished solving for bands 31 to 40 after 9 iterations.
Finished k-point with 11.25 mean iterations/band.
freqs:, 486, 0.5, 0.0990099, 0.0990099, 0.519236, 0.265863, 0.267416, 0.359463, 0.367875, 0.514489, 0.515646, 0.530875, 0.544712, 0.554129, 0.561954, 0.567617, 0.583847, 0.598913, 0.60626, 0.626908, 0.646856, 0.65029, 0.650813, 0.655541, 0.662038, 0.667942, 0.676587, 0.683153, 0.683696, 0.686506, 0.701306, 0.704613, 0.714718, 0.716968, 0.729467, 0.730635, 0.746668, 0.764957, 0.765504, 0.773762, 0.776994, 0.800967, 0.805902, 0.808627, 0.817362
elapsed time for k point: 8 seconds.
solve_kpoint (0.5,0.0940594,0.0940594):
Solving for bands 1 to 10...
Finished solving for bands 1 to 10 after 10 iterations.
Solving for bands 11 to 20...
Finished solving for bands 11 to 20 after 14 iterations.
Solving for bands 21 to 30...
Finished solving for bands 21 to 30 after 10 iterations.
Solving for bands 31 to 40...
Finished solving for bands 31 to 40 after 9 iterations.
Finished k-point with 10.75 mean iterations/band.
freqs:, 487, 0.5, 0.0940594, 0.0940594, 0.517392, 0.265096, 0.266513, 0.359175, 0.366769, 0.515147, 0.516192, 0.532683, 0.545323, 0.554085, 0.562266, 0.567787, 0.583679, 0.599033, 0.606302, 0.627253, 0.64676, 0.649536, 0.650161, 0.65605, 0.66207, 0.668421, 0.676754, 0.683345, 0.683556, 0.686239, 0.700909, 0.704964, 0.715086, 0.717056, 0.728892, 0.729921, 0.744669, 0.764909, 0.765411, 0.773656, 0.776433, 0.801283, 0.805747, 0.809033, 0.817023
elapsed time for k point: 7 seconds.
solve_kpoint (0.5,0.0891089,0.0891089):
Solving for bands 1 to 10...
Finished solving for bands 1 to 10 after 10 iterations.
Solving for bands 11 to 20...
Finished solving for bands 11 to 20 after 13 iterations.
Solving for bands 21 to 30...
Finished solving for bands 21 to 30 after 12 iterations.
Solving for bands 31 to 40...
Finished solving for bands 31 to 40 after 9 iterations.
Finished k-point with 11 mean iterations/band.
freqs:, 488, 0.5, 0.0891089, 0.0891089, 0.515636, 0.264363, 0.265647, 0.358896, 0.365714, 0.51579, 0.51673, 0.534489, 0.545923, 0.554024, 0.562524, 0.567931, 0.583415, 0.599227, 0.606352, 0.627594, 0.646677, 0.648253, 0.649983, 0.65657, 0.662093, 0.668955, 0.676913, 0.683417, 0.683605, 0.685977, 0.700538, 0.705334, 0.715444, 0.717142, 0.728313, 0.729213, 0.742628, 0.764868, 0.765327, 0.773552, 0.775931, 0.801581, 0.805597, 0.809437, 0.8167
elapsed time for k point: 7 seconds.
solve_kpoint (0.5,0.0841584,0.0841584):
Solving for bands 1 to 10...
Finished solving for bands 1 to 10 after 10 iterations.
Solving for bands 11 to 20...
Finished solving for bands 11 to 20 after 13 iterations.
Solving for bands 21 to 30...
Finished solving for bands 21 to 30 after 12 iterations.
Solving for bands 31 to 40...
Finished solving for bands 31 to 40 after 10 iterations.
Finished k-point with 11.25 mean iterations/band.
freqs:, 489, 0.5, 0.0841584, 0.0841584, 0.51397, 0.263666, 0.264822, 0.358628, 0.364711, 0.516417, 0.517257, 0.536291, 0.546509, 0.553948, 0.562729, 0.56805, 0.583055, 0.599495, 0.606409, 0.627931, 0.646606, 0.64697, 0.649765, 0.657095, 0.66211, 0.669533, 0.677063, 0.683279, 0.683937, 0.685717, 0.70019, 0.705719, 0.71579, 0.717229, 0.727731, 0.728513, 0.740556, 0.764834, 0.765251, 0.773451, 0.775481, 0.80186, 0.805451, 0.809837, 0.816393
elapsed time for k point: 7 seconds.
solve_kpoint (0.5,0.0792079,0.0792079):
Solving for bands 1 to 10...
Finished solving for bands 1 to 10 after 10 iterations.
Solving for bands 11 to 20...
Finished solving for bands 11 to 20 after 12 iterations.
Solving for bands 21 to 30...
Finished solving for bands 21 to 30 after 12 iterations.
Solving for bands 31 to 40...
Finished solving for bands 31 to 40 after 10 iterations.
Finished k-point with 11 mean iterations/band.
freqs:, 490, 0.5, 0.0792079, 0.0792079, 0.512394, 0.263005, 0.264038, 0.35837, 0.36376, 0.517025, 0.517772, 0.538088, 0.54708, 0.553859, 0.562884, 0.568144, 0.582602, 0.599832, 0.606472, 0.628264, 0.645689, 0.646545, 0.649518, 0.657617, 0.662122, 0.670144, 0.677204, 0.683144, 0.684345, 0.68546, 0.699866, 0.706117, 0.716124, 0.717316, 0.72715, 0.727824, 0.738463, 0.764804, 0.765183, 0.773351, 0.775077, 0.802122, 0.805311, 0.810229, 0.816101
elapsed time for k point: 7 seconds.
solve_kpoint (0.5,0.0742574,0.0742574):
Solving for bands 1 to 10...
Finished solving for bands 1 to 10 after 10 iterations.
Solving for bands 11 to 20...
Finished solving for bands 11 to 20 after 12 iterations.
Solving for bands 21 to 30...
Finished solving for bands 21 to 30 after 14 iterations.
Solving for bands 31 to 40...
Finished solving for bands 31 to 40 after 10 iterations.
Finished k-point with 11.5 mean iterations/band.
freqs:, 491, 0.5, 0.0742574, 0.0742574, 0.510909, 0.262381, 0.263296, 0.358125, 0.362862, 0.517613, 0.518272, 0.539877, 0.547635, 0.553758, 0.562992, 0.568216, 0.582059, 0.600234, 0.606541, 0.628593, 0.644416, 0.646495, 0.649249, 0.658128, 0.662129, 0.670781, 0.677336, 0.683013, 0.684832, 0.685206, 0.699565, 0.706527, 0.716445, 0.717403, 0.72657, 0.727148, 0.736359, 0.76478, 0.76512, 0.773255, 0.774715, 0.802367, 0.805178, 0.810611, 0.815826
elapsed time for k point: 8 seconds.
solve_kpoint (0.5,0.0693069,0.0693069):
Solving for bands 1 to 10...
Finished solving for bands 1 to 10 after 10 iterations.
Solving for bands 11 to 20...
Finished solving for bands 11 to 20 after 12 iterations.
Solving for bands 21 to 30...
Finished solving for bands 21 to 30 after 12 iterations.
Solving for bands 31 to 40...
Finished solving for bands 31 to 40 after 10 iterations.
Finished k-point with 11 mean iterations/band.
freqs:, 492, 0.5, 0.0693069, 0.0693069, 0.509516, 0.261794, 0.262597, 0.357892, 0.362019, 0.518179, 0.518754, 0.541657, 0.548171, 0.553648, 0.563058, 0.568267, 0.581429, 0.600694, 0.606615, 0.628914, 0.643156, 0.646455, 0.648967, 0.658622, 0.662131, 0.671433, 0.677459, 0.682886, 0.684953, 0.685401, 0.699287, 0.706946, 0.71675, 0.717493, 0.725993, 0.726487, 0.734251, 0.76476, 0.765063, 0.773162, 0.774388, 0.802595, 0.80505, 0.810981, 0.815567
elapsed time for k point: 7 seconds.
solve_kpoint (0.5,0.0643564,0.0643564):
Solving for bands 1 to 10...
Finished solving for bands 1 to 10 after 11 iterations.
Solving for bands 11 to 20...
Finished solving for bands 11 to 20 after 12 iterations.
Solving for bands 21 to 30...
Finished solving for bands 21 to 30 after 15 iterations.
Solving for bands 31 to 40...
Finished solving for bands 31 to 40 after 10 iterations.
Finished k-point with 12 mean iterations/band.
freqs:, 493, 0.5, 0.0643564, 0.0643564, 0.508216, 0.261244, 0.261942, 0.357672, 0.36123, 0.51872, 0.519218, 0.543426, 0.548685, 0.55353, 0.563087, 0.568298, 0.580717, 0.601207, 0.606692, 0.629228, 0.641913, 0.646422, 0.648678, 0.659092, 0.662131, 0.672092, 0.677572, 0.682763, 0.684701, 0.686053, 0.69903, 0.707371, 0.71704, 0.717582, 0.725423, 0.725844, 0.732147, 0.764744, 0.76501, 0.773073, 0.774095, 0.802806, 0.80493, 0.811336, 0.815326
elapsed time for k point: 8 seconds.
solve_kpoint (0.5,0.0594059,0.0594059):
Solving for bands 1 to 10...
Finished solving for bands 1 to 10 after 11 iterations.
Solving for bands 11 to 20...
Finished solving for bands 11 to 20 after 12 iterations.
Solving for bands 21 to 30...
Finished solving for bands 21 to 30 after 15 iterations.
Solving for bands 31 to 40...
Finished solving for bands 31 to 40 after 10 iterations.
Finished k-point with 12 mean iterations/band.
freqs:, 494, 0.5, 0.0594059, 0.0594059, 0.507009, 0.260733, 0.261332, 0.357467, 0.360497, 0.519235, 0.51966, 0.545182, 0.549178, 0.553407, 0.563084, 0.568312, 0.579928, 0.601763, 0.606771, 0.62953, 0.640694, 0.646397, 0.64839, 0.659535, 0.662127, 0.672752, 0.677677, 0.682647, 0.68445, 0.686788, 0.698795, 0.7078, 0.717313, 0.717675, 0.72486, 0.725221, 0.730055, 0.764731, 0.764963, 0.772988, 0.773832, 0.803002, 0.804817, 0.811675, 0.815101
elapsed time for k point: 8 seconds.
solve_kpoint (0.5,0.0544554,0.0544554):
Solving for bands 1 to 10...
Finished solving for bands 1 to 10 after 11 iterations.
Solving for bands 11 to 20...
Finished solving for bands 11 to 20 after 12 iterations.
Solving for bands 21 to 30...
Finished solving for bands 21 to 30 after 16 iterations.
Solving for bands 31 to 40...
Finished solving for bands 31 to 40 after 10 iterations.
Finished k-point with 12.25 mean iterations/band.
freqs:, 495, 0.5, 0.0544554, 0.0544554, 0.505896, 0.260261, 0.260768, 0.357275, 0.35982, 0.51972, 0.520078, 0.546922, 0.549644, 0.553282, 0.563055, 0.568311, 0.579064, 0.602354, 0.606851, 0.62982, 0.639506, 0.646379, 0.648106, 0.659946, 0.662122, 0.673407, 0.677773, 0.682537, 0.684199, 0.687605, 0.69858, 0.70823, 0.717568, 0.717771, 0.724308, 0.724621, 0.727981, 0.76472, 0.764919, 0.772907, 0.773596, 0.803182, 0.804712, 0.811994, 0.814894
elapsed time for k point: 8 seconds.
solve_kpoint (0.5,0.049505,0.049505):
Solving for bands 1 to 10...
Finished solving for bands 1 to 10 after 12 iterations.
Solving for bands 11 to 20...
Finished solving for bands 11 to 20 after 12 iterations.
Solving for bands 21 to 30...
Finished solving for bands 21 to 30 after 16 iterations.
Solving for bands 31 to 40...
Finished solving for bands 31 to 40 after 10 iterations.
Finished k-point with 12.5 mean iterations/band.
freqs:, 496, 0.5, 0.049505, 0.049505, 0.504878, 0.259829, 0.26025, 0.357099, 0.359199, 0.520173, 0.52047, 0.548645, 0.550083, 0.553156, 0.563005, 0.568298, 0.578133, 0.602969, 0.606931, 0.630094, 0.638356, 0.646366, 0.647833, 0.660322, 0.662115, 0.67405, 0.67786, 0.682434, 0.683948, 0.6885, 0.698386, 0.708657, 0.717804, 0.717871, 0.72377, 0.724045, 0.725935, 0.764712, 0.76488, 0.772832, 0.773386, 0.803346, 0.804614, 0.812292, 0.814705
elapsed time for k point: 8 seconds.
solve_kpoint (0.5,0.0445545,0.0445545):
Solving for bands 1 to 10...
Finished solving for bands 1 to 10 after 12 iterations.
Solving for bands 11 to 20...
Finished solving for bands 11 to 20 after 12 iterations.
Solving for bands 21 to 30...
Finished solving for bands 21 to 30 after 17 iterations.
Solving for bands 31 to 40...
Finished solving for bands 31 to 40 after 10 iterations.
Finished k-point with 12.75 mean iterations/band.
freqs:, 497, 0.5, 0.0445545, 0.0445545, 0.503955, 0.259436, 0.259779, 0.356938, 0.358636, 0.520593, 0.520834, 0.550347, 0.550492, 0.553032, 0.56294, 0.568274, 0.577139, 0.603597, 0.607008, 0.630351, 0.637253, 0.646358, 0.647574, 0.66066, 0.662108, 0.674675, 0.677938, 0.682339, 0.683696, 0.689466, 0.698211, 0.709078, 0.717976, 0.71802, 0.723249, 0.723497, 0.723925, 0.764705, 0.764845, 0.772762, 0.7732, 0.803495, 0.804526, 0.812568, 0.814533
elapsed time for k point: 8 seconds.
solve_kpoint (0.5,0.039604,0.039604):
Solving for bands 1 to 10...
Finished solving for bands 1 to 10 after 13 iterations.
Solving for bands 11 to 20...
Finished solving for bands 11 to 20 after 12 iterations.
Solving for bands 21 to 30...
Finished solving for bands 21 to 30 after 18 iterations.
Solving for bands 31 to 40...
Finished solving for bands 31 to 40 after 10 iterations.
Finished k-point with 13.25 mean iterations/band.
freqs:, 498, 0.5, 0.039604, 0.039604, 0.503127, 0.259083, 0.259356, 0.356793, 0.358131, 0.520977, 0.521166, 0.550868, 0.552024, 0.552913, 0.562866, 0.568242, 0.576087, 0.604226, 0.607082, 0.630587, 0.636207, 0.646353, 0.647332, 0.660961, 0.6621, 0.675278, 0.678008, 0.682252, 0.683443, 0.690496, 0.698056, 0.709488, 0.718086, 0.718216, 0.722751, 0.721962, 0.722979, 0.7647, 0.764813, 0.772698, 0.773036, 0.803628, 0.804445, 0.812819, 0.814379
elapsed time for k point: 9 seconds.
solve_kpoint (0.5,0.0346535,0.0346535):
Solving for bands 1 to 10...
Finished solving for bands 1 to 10 after 13 iterations.
Solving for bands 11 to 20...
Finished solving for bands 11 to 20 after 12 iterations.
Solving for bands 21 to 30...
Finished solving for bands 21 to 30 after 19 iterations.
Solving for bands 31 to 40...
Finished solving for bands 31 to 40 after 10 iterations.
Finished k-point with 13.5 mean iterations/band.
freqs:, 499, 0.5, 0.0346535, 0.0346535, 0.502396, 0.258771, 0.258982, 0.356664, 0.357684, 0.521322, 0.521466, 0.551208, 0.5528, 0.553674, 0.562787, 0.568206, 0.574984, 0.60484, 0.607151, 0.630801, 0.63523, 0.646351, 0.647112, 0.661224, 0.662092, 0.675852, 0.678069, 0.682174, 0.68319, 0.691575, 0.697921, 0.70988, 0.718203, 0.71839, 0.72228, 0.720061, 0.722494, 0.764697, 0.764786, 0.772641, 0.772894, 0.803745, 0.804374, 0.813045, 0.814243
elapsed time for k point: 8 seconds.
solve_kpoint (0.5,0.029703,0.029703):
Solving for bands 1 to 10...
Finished solving for bands 1 to 10 after 13 iterations.
Solving for bands 11 to 20...
Finished solving for bands 11 to 20 after 12 iterations.
Solving for bands 21 to 30...
Finished solving for bands 21 to 30 after 21 iterations.
Solving for bands 31 to 40...
Finished solving for bands 31 to 40 after 10 iterations.
Finished k-point with 14 mean iterations/band.
freqs:, 500, 0.5, 0.029703, 0.029703, 0.501761, 0.2585, 0.258656, 0.356551, 0.357296, 0.521626, 0.52173, 0.55151, 0.552698, 0.555289, 0.562708, 0.568167, 0.573839, 0.605426, 0.607213, 0.630991, 0.634335, 0.646351, 0.646916, 0.66145, 0.662084, 0.676391, 0.678122, 0.682106, 0.682939, 0.692686, 0.697803, 0.71025, 0.718327, 0.718543, 0.721843, 0.718239, 0.722043, 0.764694, 0.764762, 0.77259, 0.772773, 0.803847, 0.804312, 0.813243, 0.814125
elapsed time for k point: 9 seconds.
solve_kpoint (0.5,0.0247525,0.0247525):
Solving for bands 1 to 10...
Finished solving for bands 1 to 10 after 14 iterations.
Solving for bands 11 to 20...
Finished solving for bands 11 to 20 after 11 iterations.
Solving for bands 21 to 30...
    iteration   25: trace = 4.874584656872476 (0.00206501% change)
    iteration   51: trace = 4.873686477094378 (0.000178354% change)
    iteration   77: trace = 4.872929636490784 (0.000208217% change)
    iteration  103: trace = 4.870179170823045 (0.00182491% change)
    iteration  129: trace = 4.869586801231318 (0.000287222% change)
    iteration  155: trace = 4.868541788735222 (0.000280416% change)
Finished solving for bands 21 to 30 after 167 iterations.
Solving for bands 31 to 40...
Finished solving for bands 31 to 40 after 13 iterations.
Finished k-point with 51.25 mean iterations/band.
freqs:, 501, 0.5, 0.0247525, 0.0247525, 0.501224, 0.258271, 0.25838, 0.356456, 0.356967, 0.521887, 0.521957, 0.55177, 0.552606, 0.55686, 0.562634, 0.568129, 0.572663, 0.605966, 0.607269, 0.631154, 0.633537, 0.646353, 0.646746, 0.661638, 0.662077, 0.676888, 0.678166, 0.682047, 0.682694, 0.693804, 0.697705, 0.710588, 0.716522, 0.718457, 0.718673, 0.721447, 0.72163, 0.764692, 0.764741, 0.772547, 0.772671, 0.803933, 0.804259, 0.813413, 0.814025
elapsed time for k point: 33 seconds.
solve_kpoint (0.5,0.019802,0.019802):
Solving for bands 1 to 10...
Finished solving for bands 1 to 10 after 14 iterations.
Solving for bands 11 to 20...
Finished solving for bands 11 to 20 after 11 iterations.
Solving for bands 21 to 30...
    iteration   25: trace = 4.868691225246518 (1.32098e-05% change)
Finished solving for bands 21 to 30 after 26 iterations.
Solving for bands 31 to 40...
Finished solving for bands 31 to 40 after 10 iterations.
Finished k-point with 15.25 mean iterations/band.
freqs:, 502, 0.5, 0.019802, 0.019802, 0.500784, 0.258082, 0.258153, 0.356377, 0.356698, 0.522104, 0.522146, 0.551987, 0.552529, 0.558371, 0.562568, 0.568094, 0.571472, 0.606441, 0.607316, 0.63129, 0.632852, 0.646355, 0.646604, 0.66179, 0.662071, 0.677332, 0.678203, 0.681999, 0.68246, 0.694889, 0.697624, 0.710886, 0.714946, 0.718593, 0.71878, 0.721103, 0.721259, 0.764691, 0.764725, 0.772511, 0.772588, 0.804004, 0.804216, 0.813553, 0.813943
elapsed time for k point: 10 seconds.
solve_kpoint (0.5,0.0148515,0.0148515):
Solving for bands 1 to 10...
Finished solving for bands 1 to 10 after 15 iterations.
Solving for bands 11 to 20...
Finished solving for bands 11 to 20 after 11 iterations.
Solving for bands 21 to 30...
    iteration   25: trace = 4.86890268352417 (2.25758e-05% change)
Finished solving for bands 21 to 30 after 27 iterations.
Solving for bands 31 to 40...
Finished solving for bands 31 to 40 after 10 iterations.
Finished k-point with 15.75 mean iterations/band.
freqs:, 503, 0.5, 0.0148515, 0.0148515, 0.500441, 0.257936, 0.257976, 0.356316, 0.356488, 0.522274, 0.522294, 0.552159, 0.552466, 0.559795, 0.562513, 0.568064, 0.570296, 0.606836, 0.607353, 0.631397, 0.632297, 0.646357, 0.646492, 0.661907, 0.662066, 0.677711, 0.678231, 0.68196, 0.682249, 0.695888, 0.697562, 0.711134, 0.713568, 0.718729, 0.718864, 0.720819, 0.720938, 0.76469, 0.764712, 0.772482, 0.772524, 0.804059, 0.804182, 0.813662, 0.81388
elapsed time for k point: 10 seconds.
solve_kpoint (0.5,0.00990099,0.00990099):
Solving for bands 1 to 10...
Finished solving for bands 1 to 10 after 16 iterations.
Solving for bands 11 to 20...
Finished solving for bands 11 to 20 after 11 iterations.
Solving for bands 21 to 30...
    iteration   25: trace = 4.869112501155454 (3.52727e-05% change)
Finished solving for bands 21 to 30 after 28 iterations.
Solving for bands 31 to 40...
Finished solving for bands 31 to 40 after 10 iterations.
Finished k-point with 16.25 mean iterations/band.
freqs:, 504, 0.5, 0.00990099, 0.00990099, 0.500196, 0.257831, 0.25785, 0.356272, 0.356338, 0.522396, 0.522401, 0.552283, 0.552421, 0.561067, 0.562472, 0.568041, 0.569201, 0.607132, 0.60738, 0.631475, 0.631887, 0.646359, 0.646411, 0.66199, 0.662062, 0.678006, 0.678251, 0.681933, 0.682075, 0.696721, 0.697517, 0.71132, 0.712464, 0.718854, 0.718924, 0.720607, 0.720679, 0.764689, 0.764703, 0.772462, 0.772479, 0.804098, 0.804157, 0.813741, 0.813834
elapsed time for k point: 10 seconds.
solve_kpoint (0.5,0.0049505,0.0049505):
Solving for bands 1 to 10...
Finished solving for bands 1 to 10 after 20 iterations.
Solving for bands 11 to 20...
Finished solving for bands 11 to 20 after 11 iterations.
Solving for bands 21 to 30...
    iteration   25: trace = 4.869274937429938 (4.61645e-05% change)
Finished solving for bands 21 to 30 after 28 iterations.
Solving for bands 31 to 40...
Finished solving for bands 31 to 40 after 10 iterations.
Finished k-point with 17.25 mean iterations/band.
freqs:, 505, 0.5, 0.0049505, 0.0049505, 0.500049, 0.257768, 0.257774, 0.356246, 0.356248, 0.522465, 0.52247, 0.552358, 0.552393, 0.562042, 0.562447, 0.568027, 0.568331, 0.607316, 0.607397, 0.631521, 0.631635, 0.64636, 0.646362, 0.66204, 0.66206, 0.678196, 0.678263, 0.681917, 0.681958, 0.697288, 0.69749, 0.711437, 0.711735, 0.71895, 0.71896, 0.720475, 0.720502, 0.764689, 0.764697, 0.772449, 0.772453, 0.804122, 0.804143, 0.813789, 0.813807
elapsed time for k point: 11 seconds.
solve_kpoint (0.5,0,0):
Solving for bands 1 to 10...
Finished solving for bands 1 to 10 after 21 iterations.
Solving for bands 11 to 20...
Finished solving for bands 11 to 20 after 11 iterations.
Solving for bands 21 to 30...
    iteration   25: trace = 4.869337496651986 (4.17691e-05% change)
Finished solving for bands 21 to 30 after 28 iterations.
Solving for bands 31 to 40...
Finished solving for bands 31 to 40 after 10 iterations.
Finished k-point with 17.5 mean iterations/band.
freqs:, 506, 0.5, 0, 0, 0.5, 0.257747, 0.257749, 0.356218, 0.356237, 0.522487, 0.522495, 0.552382, 0.552384, 0.562429, 0.562447, 0.56797, 0.568023, 0.607379, 0.607402, 0.631535, 0.631552, 0.646346, 0.64636, 0.662057, 0.662059, 0.678262, 0.678267, 0.681911, 0.681916, 0.697481, 0.697493, 0.711476, 0.711476, 0.718972, 0.718987, 0.72043, 0.720437, 0.764689, 0.764695, 0.772442, 0.772446, 0.804129, 0.804139, 0.813797, 0.813804
elapsed time for k point: 11 seconds.
solve_kpoint (0.5,0.0049505,0):
Solving for bands 1 to 10...
Finished solving for bands 1 to 10 after 20 iterations.
Solving for bands 11 to 20...
Finished solving for bands 11 to 20 after 10 iterations.
Solving for bands 21 to 30...
    iteration   25: trace = 4.8693038686886 (1.24617e-05% change)
Finished solving for bands 21 to 30 after 26 iterations.
Solving for bands 31 to 40...
Finished solving for bands 31 to 40 after 10 iterations.
Finished k-point with 16.5 mean iterations/band.
freqs:, 507, 0.5, 0.0049505, 0, 0.500025, 0.257758, 0.25776, 0.356228, 0.356247, 0.522475, 0.522484, 0.552379, 0.55238, 0.562332, 0.562342, 0.568066, 0.568117, 0.607362, 0.607385, 0.631552, 0.631569, 0.64635, 0.646364, 0.662053, 0.662055, 0.678244, 0.67825, 0.681923, 0.681928, 0.697432, 0.697443, 0.711531, 0.711532, 0.71896, 0.718975, 0.720457, 0.720465, 0.764689, 0.764696, 0.772445, 0.77245, 0.804128, 0.804138, 0.813796, 0.813803
elapsed time for k point: 11 seconds.
solve_kpoint (0.5,0.00990099,0):
Solving for bands 1 to 10...
Finished solving for bands 1 to 10 after 19 iterations.
Solving for bands 11 to 20...
Finished solving for bands 11 to 20 after 10 iterations.
Solving for bands 21 to 30...
    iteration   25: trace = 4.869217971872322 (1.22581e-05% change)
Finished solving for bands 21 to 30 after 26 iterations.
Solving for bands 31 to 40...
Finished solving for bands 31 to 40 after 10 iterations.
Finished k-point with 16.25 mean iterations/band.
freqs:, 508, 0.5, 0.00990099, 0, 0.500098, 0.257793, 0.257795, 0.356257, 0.356276, 0.52244, 0.522449, 0.552366, 0.552368, 0.562052, 0.562058, 0.568333, 0.568383, 0.607311, 0.607334, 0.631604, 0.631622, 0.646362, 0.646377, 0.662041, 0.662043, 0.678192, 0.678197, 0.681958, 0.681963, 0.697288, 0.697297, 0.711693, 0.711695, 0.718927, 0.718941, 0.720535, 0.720544, 0.764691, 0.764697, 0.772455, 0.77246, 0.804126, 0.804136, 0.813791, 0.813798
elapsed time for k point: 10 seconds.
solve_kpoint (0.5,0.0148515,0):
Solving for bands 1 to 10...
Finished solving for bands 1 to 10 after 16 iterations.
Solving for bands 11 to 20...
Finished solving for bands 11 to 20 after 10 iterations.
Solving for bands 21 to 30...
    iteration   25: trace = 4.869099970899298 (1.81252e-05% change)
Finished solving for bands 21 to 30 after 27 iterations.
Solving for bands 31 to 40...
Finished solving for bands 31 to 40 after 10 iterations.
Finished k-point with 15.75 mean iterations/band.
freqs:, 509, 0.5, 0.0148515, 0, 0.500221, 0.257851, 0.257853, 0.356305, 0.356324, 0.522383, 0.522391, 0.552342, 0.552345, 0.56163, 0.561642, 0.568729, 0.568778, 0.607227, 0.60725, 0.631689, 0.631707, 0.646382, 0.646397, 0.662021, 0.662023, 0.678108, 0.678112, 0.682013, 0.682019, 0.697054, 0.697062, 0.711952, 0.711955, 0.718882, 0.718896, 0.720658, 0.720668, 0.764693, 0.7647, 0.772471, 0.772476, 0.804122, 0.804132, 0.813782, 0.813789
elapsed time for k point: 10 seconds.
solve_kpoint (0.5,0.019802,0):
Solving for bands 1 to 10...
Finished solving for bands 1 to 10 after 15 iterations.
Solving for bands 11 to 20...
Finished solving for bands 11 to 20 after 10 iterations.
Solving for bands 21 to 30...
Finished solving for bands 21 to 30 after 16 iterations.
Solving for bands 31 to 40...
Finished solving for bands 31 to 40 after 10 iterations.
Finished k-point with 12.75 mean iterations/band.
freqs:, 510, 0.5, 0.019802, 0, 0.500392, 0.257932, 0.257934, 0.356373, 0.356392, 0.522302, 0.52231, 0.552305, 0.552309, 0.561117, 0.561134, 0.569211, 0.56926, 0.607111, 0.607135, 0.631805, 0.631823, 0.646412, 0.646427, 0.661993, 0.661996, 0.677994, 0.677998, 0.682087, 0.682093, 0.696742, 0.69675, 0.712297, 0.7123, 0.718839, 0.718853, 0.720814, 0.720824, 0.764696, 0.764703, 0.772494, 0.7725, 0.804117, 0.804127, 0.81377, 0.813778
elapsed time for k point: 9 seconds.
solve_kpoint (0.5,0.0247525,0):
Solving for bands 1 to 10...
Finished solving for bands 1 to 10 after 15 iterations.
Solving for bands 11 to 20...
Finished solving for bands 11 to 20 after 10 iterations.
Solving for bands 21 to 30...
    iteration   25: trace = 4.868845589840614 (9.1746e-06% change)
Finished solving for bands 21 to 30 after 25 iterations.
Solving for bands 31 to 40...
Finished solving for bands 31 to 40 after 10 iterations.
Finished k-point with 15 mean iterations/band.
freqs:, 511, 0.5, 0.0247525, 0, 0.500612, 0.258036, 0.258038, 0.35646, 0.356479, 0.522198, 0.522207, 0.552249, 0.552255, 0.56055, 0.560571, 0.569747, 0.569796, 0.606965, 0.606989, 0.631949, 0.631968, 0.646452, 0.646467, 0.661957, 0.66196, 0.677855, 0.677859, 0.682174, 0.68218, 0.696363, 0.696371, 0.712709, 0.712713, 0.718799, 0.718813, 0.721006, 0.721017, 0.764701, 0.764708, 0.772523, 0.772529, 0.80411, 0.804121, 0.813754, 0.813763
elapsed time for k point: 9 seconds.
solve_kpoint (0.5,0.029703,0):
Solving for bands 1 to 10...
Finished solving for bands 1 to 10 after 14 iterations.
Solving for bands 11 to 20...
Finished solving for bands 11 to 20 after 10 iterations.
Solving for bands 21 to 30...
Finished solving for bands 21 to 30 after 15 iterations.
Solving for bands 31 to 40...
Finished solving for bands 31 to 40 after 9 iterations.
Finished k-point with 12 mean iterations/band.
freqs:, 512, 0.5, 0.029703, 0, 0.500881, 0.258163, 0.258165, 0.356567, 0.356586, 0.522072, 0.52208, 0.552167, 0.552175, 0.559956, 0.559981, 0.570317, 0.570366, 0.606791, 0.606815, 0.632119, 0.632139, 0.646503, 0.646519, 0.661913, 0.661915, 0.677694, 0.677698, 0.682271, 0.682278, 0.69593, 0.695937, 0.713171, 0.713176, 0.718783, 0.718797, 0.721221, 0.721232, 0.764706, 0.764714, 0.772558, 0.772565, 0.804102, 0.804113, 0.813735, 0.813744
elapsed time for k point: 8 seconds.
solve_kpoint (0.5,0.0346535,0):
Solving for bands 1 to 10...
Finished solving for bands 1 to 10 after 14 iterations.
Solving for bands 11 to 20...
Finished solving for bands 11 to 20 after 10 iterations.
Solving for bands 21 to 30...
Finished solving for bands 21 to 30 after 15 iterations.
Solving for bands 31 to 40...
Finished solving for bands 31 to 40 after 10 iterations.
Finished k-point with 12.25 mean iterations/band.
freqs:, 513, 0.5, 0.0346535, 0, 0.501199, 0.258313, 0.258315, 0.356693, 0.356712, 0.521922, 0.521931, 0.552051, 0.55206, 0.559361, 0.559387, 0.570907, 0.570956, 0.606592, 0.606615, 0.632311, 0.632331, 0.646567, 0.646583, 0.66186, 0.661862, 0.677515, 0.677519, 0.682375, 0.682382, 0.695454, 0.695461, 0.713662, 0.713666, 0.718798, 0.718812, 0.721462, 0.721473, 0.764713, 0.764721, 0.7726, 0.772607, 0.804093, 0.804103, 0.813713, 0.813722
elapsed time for k point: 8 seconds.
solve_kpoint (0.5,0.039604,0):
Solving for bands 1 to 10...
Finished solving for bands 1 to 10 after 14 iterations.
Solving for bands 11 to 20...
Finished solving for bands 11 to 20 after 11 iterations.
Solving for bands 21 to 30...
Finished solving for bands 21 to 30 after 15 iterations.
Solving for bands 31 to 40...
Finished solving for bands 31 to 40 after 9 iterations.
Finished k-point with 12.25 mean iterations/band.
freqs:, 514, 0.5, 0.039604, 0, 0.501566, 0.258485, 0.258488, 0.356838, 0.356857, 0.521751, 0.52176, 0.551887, 0.551897, 0.558783, 0.558811, 0.571508, 0.571557, 0.606369, 0.606392, 0.63252, 0.63254, 0.646644, 0.646661, 0.661798, 0.661801, 0.677321, 0.677325, 0.682482, 0.68249, 0.694945, 0.694952, 0.714157, 0.714161, 0.718857, 0.718871, 0.721729, 0.72174, 0.764721, 0.764729, 0.772648, 0.772656, 0.804082, 0.804093, 0.813687, 0.813696
elapsed time for k point: 8 seconds.
solve_kpoint (0.5,0.0445545,0):
Solving for bands 1 to 10...
Finished solving for bands 1 to 10 after 13 iterations.
Solving for bands 11 to 20...
Finished solving for bands 11 to 20 after 11 iterations.
Solving for bands 21 to 30...
Finished solving for bands 21 to 30 after 15 iterations.
Solving for bands 31 to 40...
Finished solving for bands 31 to 40 after 10 iterations.
Finished k-point with 12.25 mean iterations/band.
freqs:, 515, 0.5, 0.0445545, 0, 0.501981, 0.258681, 0.258683, 0.357002, 0.357021, 0.521557, 0.521566, 0.551662, 0.551673, 0.558245, 0.558273, 0.572114, 0.572163, 0.606126, 0.606149, 0.632742, 0.632762, 0.646738, 0.646755, 0.661727, 0.661729, 0.677114, 0.677118, 0.682591, 0.682599, 0.694412, 0.694418, 0.714632, 0.714636, 0.718975, 0.71899, 0.722023, 0.722035, 0.764731, 0.764738, 0.772702, 0.77271, 0.80407, 0.804081, 0.813657, 0.813667
elapsed time for k point: 8 seconds.
solve_kpoint (0.5,0.049505,0):
Solving for bands 1 to 10...
Finished solving for bands 1 to 10 after 13 iterations.
Solving for bands 11 to 20...
Finished solving for bands 11 to 20 after 11 iterations.
Solving for bands 21 to 30...
Finished solving for bands 21 to 30 after 15 iterations.
Solving for bands 31 to 40...
Finished solving for bands 31 to 40 after 9 iterations.
Finished k-point with 12 mean iterations/band.
freqs:, 516, 0.5, 0.049505, 0, 0.502445, 0.258899, 0.258902, 0.357185, 0.357204, 0.521341, 0.52135, 0.55136, 0.551373, 0.557764, 0.557793, 0.572721, 0.572771, 0.605864, 0.605886, 0.632972, 0.632993, 0.64685, 0.646867, 0.661646, 0.661649, 0.676897, 0.676901, 0.682698, 0.682707, 0.693861, 0.693866, 0.71506, 0.715063, 0.719167, 0.719182, 0.72235, 0.722362, 0.764741, 0.764749, 0.772762, 0.772771, 0.804058, 0.804069, 0.813624, 0.813634
elapsed time for k point: 7 seconds.
solve_kpoint (0.5,0.0544554,0):
Solving for bands 1 to 10...
Finished solving for bands 1 to 10 after 12 iterations.
Solving for bands 11 to 20...
Finished solving for bands 11 to 20 after 11 iterations.
Solving for bands 21 to 30...
Finished solving for bands 21 to 30 after 16 iterations.
Solving for bands 31 to 40...
Finished solving for bands 31 to 40 after 10 iterations.
Finished k-point with 12.25 mean iterations/band.
freqs:, 517, 0.5, 0.0544554, 0, 0.502957, 0.259139, 0.259142, 0.357388, 0.357406, 0.521103, 0.521112, 0.550968, 0.550981, 0.557358, 0.557386, 0.573328, 0.573377, 0.605587, 0.605609, 0.633205, 0.633226, 0.646982, 0.646999, 0.661556, 0.661559, 0.676671, 0.676676, 0.682802, 0.682811, 0.693299, 0.693304, 0.71542, 0.715423, 0.719442, 0.719458, 0.722715, 0.722727, 0.764753, 0.764762, 0.772827, 0.772837, 0.804044, 0.804055, 0.813587, 0.813598
elapsed time for k point: 8 seconds.
solve_kpoint (0.5,0.0594059,0):
Solving for bands 1 to 10...
Finished solving for bands 1 to 10 after 12 iterations.
Solving for bands 11 to 20...
Finished solving for bands 11 to 20 after 11 iterations.
Solving for bands 21 to 30...
Finished solving for bands 21 to 30 after 24 iterations.
Solving for bands 31 to 40...
Finished solving for bands 31 to 40 after 9 iterations.
Finished k-point with 14 mean iterations/band.
freqs:, 518, 0.5, 0.0594059, 0, 0.503517, 0.259402, 0.259406, 0.357609, 0.357627, 0.520843, 0.520852, 0.550478, 0.550493, 0.557035, 0.557062, 0.573931, 0.57398, 0.605296, 0.605318, 0.633438, 0.633459, 0.647135, 0.647153, 0.661456, 0.661459, 0.676438, 0.676443, 0.682901, 0.682911, 0.692731, 0.692736, 0.715701, 0.715704, 0.719793, 0.719809, 0.723131, 0.723143, 0.764767, 0.764776, 0.772899, 0.772909, 0.804029, 0.80404, 0.813546, 0.813558
elapsed time for k point: 9 seconds.
solve_kpoint (0.5,0.0643564,0):
Solving for bands 1 to 10...
Finished solving for bands 1 to 10 after 11 iterations.
Solving for bands 11 to 20...
Finished solving for bands 11 to 20 after 11 iterations.
Solving for bands 21 to 30...
    iteration   25: trace = 4.868122899762345 (7.49098e-06% change)
Finished solving for bands 21 to 30 after 25 iterations.
Solving for bands 31 to 40...
Finished solving for bands 31 to 40 after 9 iterations.
Finished k-point with 14 mean iterations/band.
freqs:, 519, 0.5, 0.0643564, 0, 0.504125, 0.259688, 0.259691, 0.357848, 0.357867, 0.520562, 0.520571, 0.54989, 0.549907, 0.556797, 0.556824, 0.574531, 0.57458, 0.604994, 0.605016, 0.633665, 0.633687, 0.647312, 0.64733, 0.661346, 0.661349, 0.676199, 0.676204, 0.682994, 0.683004, 0.692161, 0.692166, 0.715909, 0.715912, 0.720205, 0.720221, 0.723604, 0.723616, 0.764783, 0.764791, 0.772976, 0.772986, 0.804013, 0.804024, 0.813502, 0.813514
elapsed time for k point: 9 seconds.
solve_kpoint (0.5,0.0693069,0):
Solving for bands 1 to 10...
Finished solving for bands 1 to 10 after 10 iterations.
Solving for bands 11 to 20...
Finished solving for bands 11 to 20 after 12 iterations.
Solving for bands 21 to 30...
    iteration   25: trace = 4.867827387956316 (7.28471e-06% change)
Finished solving for bands 21 to 30 after 25 iterations.
Solving for bands 31 to 40...
Finished solving for bands 31 to 40 after 9 iterations.
Finished k-point with 14 mean iterations/band.
freqs:, 520, 0.5, 0.0693069, 0, 0.504781, 0.259995, 0.259999, 0.358107, 0.358125, 0.520259, 0.520269, 0.549212, 0.54923, 0.556637, 0.556663, 0.575125, 0.575174, 0.604684, 0.604705, 0.633883, 0.633905, 0.647513, 0.647532, 0.661225, 0.661228, 0.675955, 0.67596, 0.68308, 0.68309, 0.691594, 0.691599, 0.716056, 0.716059, 0.720649, 0.720665, 0.724147, 0.724158, 0.7648, 0.764809, 0.773058, 0.773069, 0.803997, 0.804008, 0.813454, 0.813466
elapsed time for k point: 10 seconds.
solve_kpoint (0.5,0.0742574,0):
Solving for bands 1 to 10...
Finished solving for bands 1 to 10 after 10 iterations.
Solving for bands 11 to 20...
Finished solving for bands 11 to 20 after 12 iterations.
Solving for bands 21 to 30...
Finished solving for bands 21 to 30 after 24 iterations.
Solving for bands 31 to 40...
Finished solving for bands 31 to 40 after 9 iterations.
Finished k-point with 13.75 mean iterations/band.
freqs:, 521, 0.5, 0.0742574, 0, 0.505484, 0.260324, 0.260328, 0.358384, 0.358402, 0.519935, 0.519945, 0.548455, 0.548474, 0.556546, 0.556572, 0.575715, 0.575764, 0.604367, 0.604387, 0.634087, 0.634109, 0.647741, 0.64776, 0.661094, 0.661097, 0.675707, 0.675712, 0.683156, 0.683168, 0.691032, 0.691037, 0.716157, 0.71616, 0.721099, 0.721115, 0.724768, 0.724779, 0.764819, 0.764828, 0.773146, 0.773157, 0.80398, 0.803991, 0.813402, 0.813415
elapsed time for k point: 9 seconds.
solve_kpoint (0.5,0.0792079,0):
Solving for bands 1 to 10...
Finished solving for bands 1 to 10 after 10 iterations.
Solving for bands 11 to 20...
Finished solving for bands 11 to 20 after 12 iterations.
Solving for bands 21 to 30...
Finished solving for bands 21 to 30 after 24 iterations.
Solving for bands 31 to 40...
Finished solving for bands 31 to 40 after 9 iterations.
Finished k-point with 13.75 mean iterations/band.
freqs:, 522, 0.5, 0.0792079, 0, 0.506235, 0.260675, 0.260679, 0.358679, 0.358697, 0.519591, 0.5196, 0.547631, 0.547651, 0.556512, 0.556537, 0.576299, 0.576348, 0.604045, 0.604065, 0.634275, 0.634298, 0.647995, 0.648014, 0.660953, 0.660956, 0.675454, 0.67546, 0.683223, 0.683235, 0.690479, 0.690484, 0.716228, 0.716231, 0.721535, 0.721551, 0.725468, 0.72548, 0.76484, 0.764849, 0.773239, 0.773251, 0.803962, 0.803973, 0.813347, 0.813361
elapsed time for k point: 8 seconds.
solve_kpoint (0.5,0.0841584,0):
Solving for bands 1 to 10...
Finished solving for bands 1 to 10 after 9 iterations.
Solving for bands 11 to 20...
Finished solving for bands 11 to 20 after 12 iterations.
Solving for bands 21 to 30...
Finished solving for bands 21 to 30 after 23 iterations.
Solving for bands 31 to 40...
Finished solving for bands 31 to 40 after 9 iterations.
Finished k-point with 13.25 mean iterations/band.
freqs:, 523, 0.5, 0.0841584, 0, 0.507033, 0.261048, 0.261052, 0.358992, 0.35901, 0.519225, 0.519235, 0.546751, 0.546772, 0.556524, 0.55655, 0.576877, 0.576926, 0.603719, 0.603739, 0.634444, 0.634467, 0.648276, 0.648296, 0.660802, 0.660804, 0.675198, 0.675204, 0.683279, 0.683291, 0.689938, 0.689943, 0.716278, 0.716282, 0.721948, 0.721964, 0.726246, 0.726257, 0.764863, 0.764873, 0.773337, 0.773349, 0.803944, 0.803955, 0.813288, 0.813302
elapsed time for k point: 9 seconds.
solve_kpoint (0.5,0.0891089,0):
Solving for bands 1 to 10...
Finished solving for bands 1 to 10 after 9 iterations.
Solving for bands 11 to 20...
Finished solving for bands 11 to 20 after 12 iterations.
Solving for bands 21 to 30...
Finished solving for bands 21 to 30 after 22 iterations.
Solving for bands 31 to 40...
Finished solving for bands 31 to 40 after 9 iterations.
Finished k-point with 13 mean iterations/band.
freqs:, 524, 0.5, 0.0891089, 0, 0.507878, 0.261442, 0.261446, 0.359324, 0.359342, 0.518839, 0.518849, 0.545824, 0.545846, 0.556574, 0.5566, 0.57745, 0.577498, 0.603392, 0.603411, 0.634593, 0.634615, 0.648584, 0.648603, 0.66064, 0.660643, 0.674939, 0.674945, 0.683321, 0.683335, 0.689412, 0.689417, 0.716317, 0.71632, 0.722335, 0.722351, 0.727092, 0.727104, 0.764888, 0.764898, 0.77344, 0.773453, 0.803926, 0.803937, 0.813226, 0.81324
elapsed time for k point: 9 seconds.
solve_kpoint (0.5,0.0940594,0):
Solving for bands 1 to 10...
Finished solving for bands 1 to 10 after 9 iterations.
Solving for bands 11 to 20...
Finished solving for bands 11 to 20 after 12 iterations.
Solving for bands 21 to 30...
Finished solving for bands 21 to 30 after 21 iterations.
Solving for bands 31 to 40...
Finished solving for bands 31 to 40 after 9 iterations.
Finished k-point with 12.75 mean iterations/band.
freqs:, 525, 0.5, 0.0940594, 0, 0.50877, 0.261857, 0.261862, 0.359673, 0.359691, 0.518433, 0.518443, 0.544859, 0.544881, 0.556654, 0.55668, 0.578016, 0.578065, 0.603065, 0.603083, 0.634719, 0.634742, 0.648917, 0.648936, 0.66047, 0.660472, 0.674676, 0.674683, 0.68335, 0.683364, 0.688903, 0.688909, 0.716348, 0.716351, 0.722699, 0.722716, 0.727998, 0.72801, 0.764915, 0.764925, 0.773547, 0.773561, 0.803907, 0.803919, 0.81316, 0.813175
elapsed time for k point: 8 seconds.
solve_kpoint (0.5,0.0990099,0):
Solving for bands 1 to 10...
Finished solving for bands 1 to 10 after 9 iterations.
Solving for bands 11 to 20...
Finished solving for bands 11 to 20 after 12 iterations.
Solving for bands 21 to 30...
Finished solving for bands 21 to 30 after 16 iterations.
Solving for bands 31 to 40...
Finished solving for bands 31 to 40 after 9 iterations.
Finished k-point with 11.5 mean iterations/band.
freqs:, 526, 0.5, 0.0990099, 0, 0.509709, 0.262293, 0.262298, 0.36004, 0.360058, 0.518007, 0.518016, 0.543861, 0.543883, 0.556759, 0.556786, 0.578578, 0.578626, 0.602738, 0.602756, 0.634823, 0.634846, 0.649273, 0.649293, 0.66029, 0.660293, 0.67441, 0.674417, 0.683364, 0.683378, 0.688416, 0.688422, 0.716377, 0.71638, 0.723044, 0.723061, 0.728954, 0.728966, 0.764945, 0.764955, 0.773659, 0.773674, 0.803889, 0.8039, 0.81309, 0.813105
elapsed time for k point: 7 seconds.
solve_kpoint (0.5,0.10396,0):
Solving for bands 1 to 10...
Finished solving for bands 1 to 10 after 9 iterations.
Solving for bands 11 to 20...
Finished solving for bands 11 to 20 after 12 iterations.
Solving for bands 21 to 30...
Finished solving for bands 21 to 30 after 16 iterations.
Solving for bands 31 to 40...
Finished solving for bands 31 to 40 after 9 iterations.
Finished k-point with 11.5 mean iterations/band.
freqs:, 527, 0.5, 0.10396, 0, 0.510693, 0.26275, 0.262755, 0.360425, 0.360443, 0.51756, 0.517569, 0.542834, 0.542857, 0.556886, 0.556913, 0.579134, 0.579182, 0.602413, 0.602431, 0.634904, 0.634927, 0.64965, 0.64967, 0.660103, 0.660106, 0.67414, 0.674147, 0.683359, 0.683375, 0.687954, 0.687959, 0.716405, 0.716408, 0.723373, 0.723391, 0.729954, 0.729965, 0.764976, 0.764987, 0.773776, 0.773791, 0.803871, 0.803882, 0.813017, 0.813033
elapsed time for k point: 8 seconds.
solve_kpoint (0.5,0.108911,0):
Solving for bands 1 to 10...
Finished solving for bands 1 to 10 after 8 iterations.
Solving for bands 11 to 20...
Finished solving for bands 11 to 20 after 12 iterations.
Solving for bands 21 to 30...
Finished solving for bands 21 to 30 after 15 iterations.
Solving for bands 31 to 40...
Finished solving for bands 31 to 40 after 9 iterations.
Finished k-point with 11 mean iterations/band.
freqs:, 528, 0.5, 0.108911, 0, 0.511724, 0.263228, 0.263233, 0.360827, 0.360844, 0.517093, 0.517103, 0.541783, 0.541806, 0.55703, 0.557058, 0.579684, 0.579732, 0.602091, 0.602108, 0.634963, 0.634986, 0.650044, 0.650064, 0.659911, 0.659913, 0.673866, 0.673874, 0.683334, 0.683351, 0.687519, 0.687525, 0.716435, 0.716438, 0.72369, 0.723708, 0.730988, 0.731, 0.765011, 0.765022, 0.773898, 0.773913, 0.803853, 0.803864, 0.812941, 0.812957
elapsed time for k point: 7 seconds.
solve_kpoint (0.5,0.113861,0):
Solving for bands 1 to 10...
Finished solving for bands 1 to 10 after 8 iterations.
Solving for bands 11 to 20...
Finished solving for bands 11 to 20 after 12 iterations.
Solving for bands 21 to 30...
Finished solving for bands 21 to 30 after 14 iterations.
Solving for bands 31 to 40...
Finished solving for bands 31 to 40 after 9 iterations.
Finished k-point with 10.75 mean iterations/band.
freqs:, 529, 0.5, 0.113861, 0, 0.512801, 0.263725, 0.26373, 0.361246, 0.361263, 0.516607, 0.516616, 0.540711, 0.540734, 0.557189, 0.557217, 0.58023, 0.580278, 0.601772, 0.60179, 0.635001, 0.635023, 0.650451, 0.650471, 0.659714, 0.659717, 0.673587, 0.673596, 0.683286, 0.683304, 0.687117, 0.687123, 0.716468, 0.716472, 0.723998, 0.724016, 0.732054, 0.732066, 0.765047, 0.765059, 0.774024, 0.774039, 0.803835, 0.803846, 0.812861, 0.812878
elapsed time for k point: 7 seconds.
solve_kpoint (0.5,0.118812,0):
Solving for bands 1 to 10...
Finished solving for bands 1 to 10 after 8 iterations.
Solving for bands 11 to 20...
Finished solving for bands 11 to 20 after 12 iterations.
Solving for bands 21 to 30...
Finished solving for bands 21 to 30 after 14 iterations.
Solving for bands 31 to 40...
Finished solving for bands 31 to 40 after 9 iterations.
Finished k-point with 10.75 mean iterations/band.
freqs:, 530, 0.5, 0.118812, 0, 0.513922, 0.264243, 0.264248, 0.361682, 0.361699, 0.5161, 0.516109, 0.53962, 0.539643, 0.55736, 0.55739, 0.58077, 0.580818, 0.601458, 0.601475, 0.635018, 0.635041, 0.650867, 0.650886, 0.659516, 0.659519, 0.673304, 0.673312, 0.683213, 0.683232, 0.686752, 0.686758, 0.716506, 0.716509, 0.724297, 0.724315, 0.733145, 0.733157, 0.765087, 0.765098, 0.774154, 0.77417, 0.803818, 0.803829, 0.812778, 0.812795
elapsed time for k point: 7 seconds.
solve_kpoint (0.5,0.123762,0):
Solving for bands 1 to 10...
Finished solving for bands 1 to 10 after 8 iterations.
Solving for bands 11 to 20...
Finished solving for bands 11 to 20 after 11 iterations.
Solving for bands 21 to 30...
Finished solving for bands 21 to 30 after 14 iterations.
Solving for bands 31 to 40...
Finished solving for bands 31 to 40 after 9 iterations.
Finished k-point with 10.5 mean iterations/band.
freqs:, 531, 0.5, 0.123762, 0, 0.515089, 0.26478, 0.264785, 0.362135, 0.362152, 0.515574, 0.515583, 0.538513, 0.538535, 0.557543, 0.557573, 0.581306, 0.581354, 0.601149, 0.601165, 0.635017, 0.635039, 0.651284, 0.651303, 0.659321, 0.659323, 0.673015, 0.673024, 0.683112, 0.683132, 0.686427, 0.686433, 0.716548, 0.716551, 0.72459, 0.724609, 0.73426, 0.734272, 0.765128, 0.76514, 0.774289, 0.774305, 0.803801, 0.803813, 0.812692, 0.81271
elapsed time for k point: 7 seconds.
solve_kpoint (0.5,0.128713,0):
Solving for bands 1 to 10...
Finished solving for bands 1 to 10 after 8 iterations.
Solving for bands 11 to 20...
Finished solving for bands 11 to 20 after 11 iterations.
Solving for bands 21 to 30...
Finished solving for bands 21 to 30 after 13 iterations.
Solving for bands 31 to 40...
Finished solving for bands 31 to 40 after 9 iterations.
Finished k-point with 10.25 mean iterations/band.
freqs:, 532, 0.5, 0.128713, 0, 0.516301, 0.265336, 0.265342, 0.362604, 0.362621, 0.515028, 0.515036, 0.537391, 0.537413, 0.557736, 0.557767, 0.581838, 0.581885, 0.600845, 0.600861, 0.634998, 0.63502, 0.651695, 0.651715, 0.659133, 0.659135, 0.67272, 0.672729, 0.682983, 0.683004, 0.686144, 0.68615, 0.716595, 0.716598, 0.724878, 0.724897, 0.735395, 0.735407, 0.765173, 0.765185, 0.774428, 0.774445, 0.803786, 0.803797, 0.812603, 0.812621
elapsed time for k point: 7 seconds.
solve_kpoint (0.5,0.133663,0):
Solving for bands 1 to 10...
Finished solving for bands 1 to 10 after 8 iterations.
Solving for bands 11 to 20...
Finished solving for bands 11 to 20 after 11 iterations.
Solving for bands 21 to 30...
Finished solving for bands 21 to 30 after 12 iterations.
Solving for bands 31 to 40...
Finished solving for bands 31 to 40 after 9 iterations.
Finished k-point with 10 mean iterations/band.
freqs:, 533, 0.5, 0.133663, 0, 0.517558, 0.265912, 0.265918, 0.363089, 0.363106, 0.514462, 0.51447, 0.536256, 0.536278, 0.557938, 0.557969, 0.582365, 0.582412, 0.600546, 0.600563, 0.634963, 0.634986, 0.652092, 0.652111, 0.65896, 0.658962, 0.672418, 0.672427, 0.682827, 0.682848, 0.685904, 0.68591, 0.716648, 0.71665, 0.725162, 0.725181, 0.736548, 0.73656, 0.76522, 0.765232, 0.774572, 0.774589, 0.803771, 0.803782, 0.812512, 0.81253
elapsed time for k point: 7 seconds.
solve_kpoint (0.5,0.138614,0):
Solving for bands 1 to 10...
Finished solving for bands 1 to 10 after 8 iterations.
Solving for bands 11 to 20...
Finished solving for bands 11 to 20 after 11 iterations.
Solving for bands 21 to 30...
Finished solving for bands 21 to 30 after 12 iterations.
Solving for bands 31 to 40...
Finished solving for bands 31 to 40 after 9 iterations.
Finished k-point with 10 mean iterations/band.
freqs:, 534, 0.5, 0.138614, 0, 0.518858, 0.266506, 0.266512, 0.363591, 0.363608, 0.513877, 0.513884, 0.53511, 0.535132, 0.558147, 0.55818, 0.582888, 0.582935, 0.600255, 0.600271, 0.634915, 0.634937, 0.652462, 0.652481, 0.65881, 0.658812, 0.672108, 0.672118, 0.682647, 0.682668, 0.685704, 0.68571, 0.716706, 0.716709, 0.725441, 0.725461, 0.737717, 0.737729, 0.765269, 0.765282, 0.77472, 0.774738, 0.803757, 0.803768, 0.812417, 0.812436
elapsed time for k point: 6 seconds.
solve_kpoint (0.5,0.143564,0):
Solving for bands 1 to 10...
Finished solving for bands 1 to 10 after 8 iterations.
Solving for bands 11 to 20...
Finished solving for bands 11 to 20 after 11 iterations.
Solving for bands 21 to 30...
Finished solving for bands 21 to 30 after 12 iterations.
Solving for bands 31 to 40...
Finished solving for bands 31 to 40 after 9 iterations.
Finished k-point with 10 mean iterations/band.
freqs:, 535, 0.5, 0.143564, 0, 0.520203, 0.267119, 0.267125, 0.364108, 0.364125, 0.513271, 0.513279, 0.533955, 0.533976, 0.558364, 0.558397, 0.583407, 0.583454, 0.599969, 0.599985, 0.634854, 0.634876, 0.652792, 0.652811, 0.658694, 0.658697, 0.671791, 0.671801, 0.682448, 0.682469, 0.685541, 0.685547, 0.71677, 0.716772, 0.725717, 0.725738, 0.7389, 0.738912, 0.765321, 0.765334, 0.774873, 0.774891, 0.803745, 0.803756, 0.81232, 0.81234
elapsed time for k point: 7 seconds.
solve_kpoint (0.5,0.148515,0):
Solving for bands 1 to 10...
Finished solving for bands 1 to 10 after 8 iterations.
Solving for bands 11 to 20...
Finished solving for bands 11 to 20 after 11 iterations.
Solving for bands 21 to 30...
Finished solving for bands 21 to 30 after 12 iterations.
Solving for bands 31 to 40...
Finished solving for bands 31 to 40 after 9 iterations.
Finished k-point with 10 mean iterations/band.
freqs:, 536, 0.5, 0.148515, 0, 0.521591, 0.267749, 0.267756, 0.36464, 0.364657, 0.512645, 0.512653, 0.532791, 0.532811, 0.558586, 0.55862, 0.583923, 0.58397, 0.59969, 0.599706, 0.634782, 0.634804, 0.653067, 0.653086, 0.658626, 0.658629, 0.671466, 0.671476, 0.682237, 0.682258, 0.68541, 0.685415, 0.716839, 0.716842, 0.72599, 0.726011, 0.740095, 0.740108, 0.765376, 0.76539, 0.77503, 0.775049, 0.803733, 0.803745, 0.812221, 0.812241
elapsed time for k point: 6 seconds.
solve_kpoint (0.5,0.153465,0):
Solving for bands 1 to 10...
Finished solving for bands 1 to 10 after 8 iterations.
Solving for bands 11 to 20...
Finished solving for bands 11 to 20 after 11 iterations.
Solving for bands 21 to 30...
Finished solving for bands 21 to 30 after 10 iterations.
Solving for bands 31 to 40...
Finished solving for bands 31 to 40 after 9 iterations.
Finished k-point with 9.5 mean iterations/band.
freqs:, 537, 0.5, 0.153465, 0, 0.523022, 0.268398, 0.268405, 0.365188, 0.365205, 0.512, 0.512007, 0.53162, 0.53164, 0.558815, 0.558849, 0.584436, 0.584482, 0.599419, 0.599435, 0.634701, 0.634723, 0.653271, 0.65329, 0.658618, 0.658622, 0.671132, 0.671143, 0.68202, 0.682041, 0.685305, 0.685309, 0.716914, 0.716917, 0.72626, 0.726281, 0.741302, 0.741315, 0.765434, 0.765448, 0.775192, 0.775211, 0.803724, 0.803735, 0.81212, 0.81214
elapsed time for k point: 7 seconds.
solve_kpoint (0.5,0.158416,0):
Solving for bands 1 to 10...
Finished solving for bands 1 to 10 after 8 iterations.
Solving for bands 11 to 20...
Finished solving for bands 11 to 20 after 10 iterations.
Solving for bands 21 to 30...
Finished solving for bands 21 to 30 after 11 iterations.
Solving for bands 31 to 40...
Finished solving for bands 31 to 40 after 9 iterations.
Finished k-point with 9.5 mean iterations/band.
freqs:, 538, 0.5, 0.158416, 0, 0.524496, 0.269064, 0.269071, 0.365751, 0.365767, 0.511334, 0.511341, 0.530443, 0.530463, 0.559048, 0.559083, 0.584945, 0.584991, 0.599154, 0.59917, 0.634612, 0.634633, 0.653392, 0.653411, 0.658682, 0.658687, 0.670789, 0.6708, 0.681803, 0.681824, 0.685221, 0.685225, 0.716994, 0.716997, 0.726526, 0.726548, 0.742519, 0.742532, 0.765495, 0.765508, 0.77536, 0.775379, 0.803716, 0.803727, 0.812017, 0.812037
elapsed time for k point: 6 seconds.
solve_kpoint (0.5,0.163366,0):
Solving for bands 1 to 10...
Finished solving for bands 1 to 10 after 8 iterations.
Solving for bands 11 to 20...
Finished solving for bands 11 to 20 after 11 iterations.
Solving for bands 21 to 30...
Finished solving for bands 21 to 30 after 10 iterations.
Solving for bands 31 to 40...
Finished solving for bands 31 to 40 after 9 iterations.
Finished k-point with 9.5 mean iterations/band.
freqs:, 539, 0.5, 0.163366, 0, 0.526012, 0.269746, 0.269754, 0.366328, 0.366345, 0.510648, 0.510655, 0.529262, 0.529281, 0.559286, 0.559322, 0.585451, 0.585497, 0.598897, 0.598913, 0.634516, 0.634537, 0.653423, 0.653441, 0.658822, 0.658827, 0.670437, 0.670448, 0.681592, 0.681613, 0.685154, 0.685158, 0.71708, 0.717082, 0.72679, 0.726812, 0.743744, 0.743757, 0.765558, 0.765572, 0.775532, 0.775552, 0.80371, 0.803721, 0.811912, 0.811932
elapsed time for k point: 6 seconds.
solve_kpoint (0.5,0.168317,0):
Solving for bands 1 to 10...
Finished solving for bands 1 to 10 after 8 iterations.
Solving for bands 11 to 20...
Finished solving for bands 11 to 20 after 10 iterations.
Solving for bands 21 to 30...
Finished solving for bands 21 to 30 after 10 iterations.
Solving for bands 31 to 40...
Finished solving for bands 31 to 40 after 9 iterations.
Finished k-point with 9.25 mean iterations/band.
freqs:, 540, 0.5, 0.168317, 0, 0.52757, 0.270446, 0.270453, 0.36692, 0.366936, 0.509942, 0.509949, 0.528077, 0.528097, 0.559528, 0.559564, 0.585955, 0.586, 0.598647, 0.598663, 0.634414, 0.634435, 0.653368, 0.653385, 0.659032, 0.659037, 0.670076, 0.670088, 0.68139, 0.68141, 0.685102, 0.685106, 0.71717, 0.717172, 0.72705, 0.727073, 0.744977, 0.74499, 0.765625, 0.765639, 0.775711, 0.775731, 0.803706, 0.803717, 0.811805, 0.811826
elapsed time for k point: 6 seconds.
solve_kpoint (0.5,0.173267,0):
Solving for bands 1 to 10...
Finished solving for bands 1 to 10 after 8 iterations.
Solving for bands 11 to 20...
Finished solving for bands 11 to 20 after 10 iterations.
Solving for bands 21 to 30...
Finished solving for bands 21 to 30 after 9 iterations.
Solving for bands 31 to 40...
Finished solving for bands 31 to 40 after 9 iterations.
Finished k-point with 9 mean iterations/band.
freqs:, 541, 0.5, 0.173267, 0, 0.529171, 0.271161, 0.271169, 0.367525, 0.367542, 0.509215, 0.509223, 0.52689, 0.52691, 0.559774, 0.559811, 0.586455, 0.586501, 0.598404, 0.59842, 0.634308, 0.634329, 0.653234, 0.653251, 0.659302, 0.659308, 0.669706, 0.669718, 0.6812, 0.68122, 0.685063, 0.685066, 0.717265, 0.717267, 0.727308, 0.727331, 0.746215, 0.746228, 0.765694, 0.765708, 0.775895, 0.775916, 0.803704, 0.803714, 0.811698, 0.811718
elapsed time for k point: 6 seconds.
solve_kpoint (0.5,0.178218,0):
Solving for bands 1 to 10...
Finished solving for bands 1 to 10 after 7 iterations.
Solving for bands 11 to 20...
Finished solving for bands 11 to 20 after 10 iterations.
Solving for bands 21 to 30...
Finished solving for bands 21 to 30 after 9 iterations.
Solving for bands 31 to 40...
Finished solving for bands 31 to 40 after 9 iterations.
Finished k-point with 8.75 mean iterations/band.
freqs:, 542, 0.5, 0.178218, 0, 0.530812, 0.271893, 0.2719, 0.368145, 0.368161, 0.508468, 0.508476, 0.525703, 0.525722, 0.560023, 0.56006, 0.586954, 0.586999, 0.598169, 0.598185, 0.634199, 0.63422, 0.653035, 0.653052, 0.659617, 0.659624, 0.669328, 0.66934, 0.681024, 0.681044, 0.685034, 0.685037, 0.717364, 0.717366, 0.727562, 0.727586, 0.747458, 0.747471, 0.765767, 0.765781, 0.776086, 0.776107, 0.803704, 0.803715, 0.811589, 0.81161
elapsed time for k point: 6 seconds.
solve_kpoint (0.5,0.183168,0):
Solving for bands 1 to 10...
Finished solving for bands 1 to 10 after 7 iterations.
Solving for bands 11 to 20...
Finished solving for bands 11 to 20 after 11 iterations.
Solving for bands 21 to 30...
Finished solving for bands 21 to 30 after 9 iterations.
Solving for bands 31 to 40...
Finished solving for bands 31 to 40 after 9 iterations.
Finished k-point with 9 mean iterations/band.
freqs:, 543, 0.5, 0.183168, 0, 0.532495, 0.272639, 0.272647, 0.368777, 0.368793, 0.507699, 0.507708, 0.524516, 0.524535, 0.560275, 0.560313, 0.58745, 0.587494, 0.597941, 0.597958, 0.634087, 0.634108, 0.652782, 0.652798, 0.659965, 0.659971, 0.668941, 0.668953, 0.680865, 0.680885, 0.685015, 0.685018, 0.717467, 0.71747, 0.727814, 0.727837, 0.748703, 0.748716, 0.765843, 0.765857, 0.776284, 0.776305, 0.803707, 0.803717, 0.811479, 0.8115
elapsed time for k point: 6 seconds.
solve_kpoint (0.5,0.188119,0):
Solving for bands 1 to 10...
Finished solving for bands 1 to 10 after 7 iterations.
Solving for bands 11 to 20...
Finished solving for bands 11 to 20 after 11 iterations.
Solving for bands 21 to 30...
Finished solving for bands 21 to 30 after 9 iterations.
Solving for bands 31 to 40...
Finished solving for bands 31 to 40 after 9 iterations.
Finished k-point with 9 mean iterations/band.
freqs:, 544, 0.5, 0.188119, 0, 0.534218, 0.273401, 0.273409, 0.369423, 0.369439, 0.506911, 0.50692, 0.52333, 0.523349, 0.560529, 0.560568, 0.587943, 0.587988, 0.597721, 0.597738, 0.633974, 0.633995, 0.652486, 0.652502, 0.660331, 0.660338, 0.668547, 0.668559, 0.680723, 0.680743, 0.685006, 0.685009, 0.717574, 0.717576, 0.728062, 0.728086, 0.749949, 0.749962, 0.765923, 0.765937, 0.77649, 0.776511, 0.803712, 0.803723, 0.811368, 0.81139
elapsed time for k point: 6 seconds.
solve_kpoint (0.5,0.193069,0):
Solving for bands 1 to 10...
Finished solving for bands 1 to 10 after 7 iterations.
Solving for bands 11 to 20...
Finished solving for bands 11 to 20 after 11 iterations.
Solving for bands 21 to 30...
Finished solving for bands 21 to 30 after 9 iterations.
Solving for bands 31 to 40...
Finished solving for bands 31 to 40 after 9 iterations.
Finished k-point with 9 mean iterations/band.
freqs:, 545, 0.5, 0.193069, 0, 0.535981, 0.274177, 0.274185, 0.370082, 0.370097, 0.506101, 0.506111, 0.522146, 0.522165, 0.560786, 0.560826, 0.588435, 0.588479, 0.597508, 0.597525, 0.633861, 0.633881, 0.652156, 0.652172, 0.660707, 0.660713, 0.668145, 0.668157, 0.6806, 0.680619, 0.685006, 0.685009, 0.717684, 0.717687, 0.728306, 0.728331, 0.751194, 0.751208, 0.766007, 0.766021, 0.776704, 0.776726, 0.80372, 0.803731, 0.811257, 0.811279
elapsed time for k point: 6 seconds.
solve_kpoint (0.5,0.19802,0):
Solving for bands 1 to 10...
Finished solving for bands 1 to 10 after 7 iterations.
Solving for bands 11 to 20...
Finished solving for bands 11 to 20 after 11 iterations.
Solving for bands 21 to 30...
Finished solving for bands 21 to 30 after 9 iterations.
Solving for bands 31 to 40...
Finished solving for bands 31 to 40 after 9 iterations.
Finished k-point with 9 mean iterations/band.
freqs:, 546, 0.5, 0.19802, 0, 0.537784, 0.274967, 0.274975, 0.370752, 0.370768, 0.505271, 0.505282, 0.520965, 0.520985, 0.561045, 0.561086, 0.588924, 0.588968, 0.597303, 0.59732, 0.633747, 0.633767, 0.651799, 0.651814, 0.661083, 0.661089, 0.667736, 0.667748, 0.680495, 0.680514, 0.685017, 0.68502, 0.717798, 0.7178, 0.728548, 0.728573, 0.752436, 0.752449, 0.766095, 0.76611, 0.776928, 0.77695, 0.803732, 0.803742, 0.811146, 0.811168
elapsed time for k point: 6 seconds.
solve_kpoint (0.5,0.20297,0):
Solving for bands 1 to 10...
Finished solving for bands 1 to 10 after 7 iterations.
Solving for bands 11 to 20...
Finished solving for bands 11 to 20 after 11 iterations.
Solving for bands 21 to 30...
Finished solving for bands 21 to 30 after 9 iterations.
Solving for bands 31 to 40...
Finished solving for bands 31 to 40 after 9 iterations.
Finished k-point with 9 mean iterations/band.
freqs:, 547, 0.5, 0.20297, 0, 0.539627, 0.27577, 0.275779, 0.371435, 0.37145, 0.50442, 0.504432, 0.519789, 0.519809, 0.561306, 0.561347, 0.589412, 0.589456, 0.597105, 0.597123, 0.633634, 0.633654, 0.651418, 0.651434, 0.661452, 0.661458, 0.667321, 0.667333, 0.680409, 0.680428, 0.685038, 0.685041, 0.717914, 0.717916, 0.728785, 0.728811, 0.753672, 0.753685, 0.766189, 0.766203, 0.777162, 0.777185, 0.803746, 0.803756, 0.811035, 0.811057
elapsed time for k point: 6 seconds.
solve_kpoint (0.5,0.207921,0):
Solving for bands 1 to 10...
Finished solving for bands 1 to 10 after 7 iterations.
Solving for bands 11 to 20...
Finished solving for bands 11 to 20 after 11 iterations.
Solving for bands 21 to 30...
Finished solving for bands 21 to 30 after 9 iterations.
Solving for bands 31 to 40...
Finished solving for bands 31 to 40 after 9 iterations.
Finished k-point with 9 mean iterations/band.
freqs:, 548, 0.5, 0.207921, 0, 0.541508, 0.276587, 0.276596, 0.372129, 0.372144, 0.503548, 0.503561, 0.518618, 0.518639, 0.561569, 0.56161, 0.589897, 0.589941, 0.596915, 0.596933, 0.633523, 0.633542, 0.651019, 0.651034, 0.661811, 0.661816, 0.666901, 0.666913, 0.680341, 0.68036, 0.685071, 0.685074, 0.718032, 0.718034, 0.72902, 0.729046, 0.754898, 0.754912, 0.766289, 0.766304, 0.777408, 0.777431, 0.803764, 0.803774, 0.810925, 0.810947
elapsed time for k point: 6 seconds.
solve_kpoint (0.5,0.212871,0):
Solving for bands 1 to 10...
Finished solving for bands 1 to 10 after 7 iterations.
Solving for bands 11 to 20...
Finished solving for bands 11 to 20 after 11 iterations.
Solving for bands 21 to 30...
Finished solving for bands 21 to 30 after 9 iterations.
Solving for bands 31 to 40...
Finished solving for bands 31 to 40 after 9 iterations.
Finished k-point with 9 mean iterations/band.
freqs:, 549, 0.5, 0.212871, 0, 0.543428, 0.277416, 0.277425, 0.372834, 0.372849, 0.502657, 0.502671, 0.517453, 0.517474, 0.561832, 0.561874, 0.59038, 0.590424, 0.596732, 0.596751, 0.633413, 0.633433, 0.650604, 0.650619, 0.662153, 0.662158, 0.666476, 0.666488, 0.680292, 0.68031, 0.685116, 0.685119, 0.718152, 0.718155, 0.72925, 0.729277, 0.756112, 0.756126, 0.766398, 0.766412, 0.777668, 0.77769, 0.803786, 0.803796, 0.810815, 0.810837
elapsed time for k point: 6 seconds.
solve_kpoint (0.5,0.217822,0):
Solving for bands 1 to 10...
Finished solving for bands 1 to 10 after 7 iterations.
Solving for bands 11 to 20...
Finished solving for bands 11 to 20 after 12 iterations.
Solving for bands 21 to 30...
Finished solving for bands 21 to 30 after 9 iterations.
Solving for bands 31 to 40...
Finished solving for bands 31 to 40 after 9 iterations.
Finished k-point with 9.25 mean iterations/band.
freqs:, 550, 0.5, 0.217822, 0, 0.545386, 0.278257, 0.278266, 0.37355, 0.373565, 0.501745, 0.50176, 0.516295, 0.516316, 0.562097, 0.562139, 0.590861, 0.590905, 0.596557, 0.596576, 0.633306, 0.633325, 0.650176, 0.650191, 0.662476, 0.662481, 0.666047, 0.666059, 0.68026, 0.680278, 0.685174, 0.685177, 0.718274, 0.718277, 0.729477, 0.729504, 0.757307, 0.757321, 0.766516, 0.76653, 0.777942, 0.777965, 0.803812, 0.803822, 0.810706, 0.810728
elapsed time for k point: 6 seconds.
solve_kpoint (0.5,0.222772,0):
Solving for bands 1 to 10...
Finished solving for bands 1 to 10 after 7 iterations.
Solving for bands 11 to 20...
Finished solving for bands 11 to 20 after 12 iterations.
Solving for bands 21 to 30...
Finished solving for bands 21 to 30 after 9 iterations.
Solving for bands 31 to 40...
Finished solving for bands 31 to 40 after 9 iterations.
Finished k-point with 9.25 mean iterations/band.
freqs:, 551, 0.5, 0.222772, 0, 0.547382, 0.27911, 0.279119, 0.374276, 0.374291, 0.500814, 0.50083, 0.515144, 0.515166, 0.562362, 0.562405, 0.59134, 0.591383, 0.596391, 0.59641, 0.633202, 0.633221, 0.649736, 0.649751, 0.662776, 0.66278, 0.665615, 0.665627, 0.680245, 0.680263, 0.685247, 0.68525, 0.718398, 0.7184, 0.729699, 0.729727, 0.758478, 0.758493, 0.766648, 0.766662, 0.778234, 0.778257, 0.803842, 0.803851, 0.810598, 0.81062
elapsed time for k point: 6 seconds.
solve_kpoint (0.5,0.227723,0):
Solving for bands 1 to 10...
Finished solving for bands 1 to 10 after 7 iterations.
Solving for bands 11 to 20...
Finished solving for bands 11 to 20 after 24 iterations.
Solving for bands 21 to 30...
Finished solving for bands 21 to 30 after 9 iterations.
Solving for bands 31 to 40...
Finished solving for bands 31 to 40 after 9 iterations.
Finished k-point with 12.25 mean iterations/band.
freqs:, 552, 0.5, 0.227723, 0, 0.549416, 0.279973, 0.279982, 0.375012, 0.375027, 0.499864, 0.499881, 0.514001, 0.514023, 0.562628, 0.562671, 0.591815, 0.591858, 0.596234, 0.596253, 0.633101, 0.63312, 0.649286, 0.649301, 0.663047, 0.663052, 0.665184, 0.665195, 0.680245, 0.680263, 0.685336, 0.685339, 0.718522, 0.718524, 0.729918, 0.729946, 0.759617, 0.759632, 0.766798, 0.766812, 0.778545, 0.778569, 0.803876, 0.803886, 0.810491, 0.810513
elapsed time for k point: 8 seconds.
solve_kpoint (0.5,0.232673,0):
Solving for bands 1 to 10...
Finished solving for bands 1 to 10 after 7 iterations.
Solving for bands 11 to 20...
Finished solving for bands 11 to 20 after 12 iterations.
Solving for bands 21 to 30...
Finished solving for bands 21 to 30 after 9 iterations.
Solving for bands 31 to 40...
Finished solving for bands 31 to 40 after 9 iterations.
Finished k-point with 9.25 mean iterations/band.
freqs:, 553, 0.5, 0.232673, 0, 0.551486, 0.280847, 0.280856, 0.375758, 0.375772, 0.498895, 0.498914, 0.512866, 0.512889, 0.562894, 0.562938, 0.592286, 0.592328, 0.596086, 0.596106, 0.633004, 0.633023, 0.648828, 0.648843, 0.663291, 0.663295, 0.664753, 0.664764, 0.68026, 0.680278, 0.685441, 0.685444, 0.718647, 0.718649, 0.730132, 0.730161, 0.760712, 0.760727, 0.766973, 0.766987, 0.778879, 0.778903, 0.803916, 0.803925, 0.810387, 0.810409
elapsed time for k point: 7 seconds.
solve_kpoint (0.5,0.237624,0):
Solving for bands 1 to 10...
Finished solving for bands 1 to 10 after 7 iterations.
Solving for bands 11 to 20...
    iteration   26: trace = 3.935455227338593 (2.13752e-05% change)
Finished solving for bands 11 to 20 after 28 iterations.
Solving for bands 21 to 30...
Finished solving for bands 21 to 30 after 8 iterations.
Solving for bands 31 to 40...
Finished solving for bands 31 to 40 after 9 iterations.
Finished k-point with 13 mean iterations/band.
freqs:, 554, 0.5, 0.237624, 0, 0.553593, 0.28173, 0.28174, 0.376512, 0.376527, 0.49791, 0.497929, 0.511739, 0.511763, 0.56316, 0.563205, 0.592751, 0.592792, 0.59595, 0.59597, 0.632912, 0.63293, 0.648361, 0.648376, 0.663481, 0.663486, 0.664347, 0.664355, 0.680287, 0.680304, 0.685565, 0.685568, 0.718772, 0.718775, 0.730343, 0.730372, 0.761748, 0.761764, 0.767185, 0.767198, 0.779239, 0.779262, 0.803961, 0.80397, 0.810284, 0.810306
elapsed time for k point: 8 seconds.
solve_kpoint (0.5,0.242574,0):
Solving for bands 1 to 10...
Finished solving for bands 1 to 10 after 7 iterations.
Solving for bands 11 to 20...
    iteration   26: trace = 3.934967592476333 (7.07892e-05% change)
Finished solving for bands 11 to 20 after 31 iterations.
Solving for bands 21 to 30...
Finished solving for bands 21 to 30 after 9 iterations.
Solving for bands 31 to 40...
Finished solving for bands 31 to 40 after 9 iterations.
Finished k-point with 14 mean iterations/band.
freqs:, 555, 0.5, 0.242574, 0, 0.555736, 0.282623, 0.282633, 0.377275, 0.377289, 0.496908, 0.496928, 0.510621, 0.510646, 0.563426, 0.563471, 0.593206, 0.593247, 0.595829, 0.595849, 0.632823, 0.632841, 0.647888, 0.647903, 0.663541, 0.663553, 0.664038, 0.664044, 0.680324, 0.680342, 0.685708, 0.68571, 0.718898, 0.7189, 0.730549, 0.730578, 0.762705, 0.762722, 0.767448, 0.767462, 0.779628, 0.779651, 0.804011, 0.80402, 0.810184, 0.810206
elapsed time for k point: 9 seconds.
solve_kpoint (0.5,0.247525,0):
Solving for bands 1 to 10...
Finished solving for bands 1 to 10 after 7 iterations.
Solving for bands 11 to 20...
    iteration   26: trace = 3.933632941816018 (3.65118e-05% change)
Finished solving for bands 11 to 20 after 29 iterations.
Solving for bands 21 to 30...
Finished solving for bands 21 to 30 after 9 iterations.
Solving for bands 31 to 40...
Finished solving for bands 31 to 40 after 9 iterations.
Finished k-point with 13.5 mean iterations/band.
freqs:, 556, 0.5, 0.247525, 0, 0.557914, 0.283524, 0.283534, 0.378046, 0.37806, 0.49589, 0.495911, 0.509512, 0.509538, 0.563692, 0.563737, 0.593645, 0.593684, 0.595732, 0.59575, 0.632739, 0.632757, 0.647409, 0.647424, 0.663281, 0.663297, 0.66402, 0.664028, 0.680371, 0.680388, 0.685871, 0.685873, 0.719022, 0.719025, 0.73075, 0.730781, 0.763557, 0.763574, 0.767784, 0.767799, 0.78005, 0.780074, 0.804068, 0.804077, 0.810087, 0.810108
elapsed time for k point: 9 seconds.
solve_kpoint (0.5,0.252475,0):
Solving for bands 1 to 10...
Finished solving for bands 1 to 10 after 7 iterations.
Solving for bands 11 to 20...
Finished solving for bands 11 to 20 after 25 iterations.
Solving for bands 21 to 30...
Finished solving for bands 21 to 30 after 9 iterations.
Solving for bands 31 to 40...
Finished solving for bands 31 to 40 after 9 iterations.
Finished k-point with 12.5 mean iterations/band.
freqs:, 557, 0.5, 0.252475, 0, 0.560128, 0.284433, 0.284443, 0.378825, 0.378838, 0.494858, 0.494881, 0.508412, 0.508438, 0.563957, 0.564003, 0.594051, 0.594087, 0.595673, 0.595689, 0.63266, 0.632678, 0.646925, 0.64694, 0.662876, 0.662891, 0.664122, 0.66413, 0.680424, 0.680441, 0.686055, 0.686057, 0.719147, 0.719149, 0.730947, 0.730978, 0.764279, 0.764297, 0.768211, 0.768227, 0.78051, 0.780533, 0.804132, 0.804141, 0.809993, 0.810014
elapsed time for k point: 8 seconds.
solve_kpoint (0.5,0.257426,0):
Solving for bands 1 to 10...
Finished solving for bands 1 to 10 after 7 iterations.
Solving for bands 11 to 20...
Finished solving for bands 11 to 20 after 23 iterations.
Solving for bands 21 to 30...
Finished solving for bands 21 to 30 after 9 iterations.
Solving for bands 31 to 40...
Finished solving for bands 31 to 40 after 9 iterations.
Finished k-point with 12 mean iterations/band.
freqs:, 558, 0.5, 0.257426, 0, 0.562377, 0.285349, 0.28536, 0.37961, 0.379624, 0.493814, 0.493837, 0.50732, 0.507347, 0.564221, 0.564268, 0.594392, 0.594419, 0.595691, 0.595699, 0.632587, 0.632604, 0.646436, 0.646451, 0.662444, 0.662458, 0.664223, 0.664231, 0.680483, 0.6805, 0.68626, 0.686263, 0.71927, 0.719273, 0.73114, 0.731171, 0.764857, 0.764877, 0.768736, 0.768755, 0.781012, 0.781035, 0.804203, 0.804212, 0.809903, 0.809924
elapsed time for k point: 8 seconds.
solve_kpoint (0.5,0.262376,0):
Solving for bands 1 to 10...
Finished solving for bands 1 to 10 after 7 iterations.
Solving for bands 11 to 20...
Finished solving for bands 11 to 20 after 10 iterations.
Solving for bands 21 to 30...
Finished solving for bands 21 to 30 after 9 iterations.
Solving for bands 31 to 40...
Finished solving for bands 31 to 40 after 9 iterations.
Finished k-point with 8.75 mean iterations/band.
freqs:, 559, 0.5, 0.262376, 0, 0.56466, 0.286272, 0.286283, 0.380402, 0.380415, 0.492758, 0.492781, 0.506237, 0.506264, 0.564485, 0.564532, 0.594612, 0.594625, 0.595833, 0.595841, 0.632518, 0.632535, 0.645943, 0.645958, 0.662005, 0.662019, 0.664305, 0.664313, 0.680545, 0.680562, 0.686488, 0.68649, 0.719392, 0.719395, 0.731328, 0.73136, 0.765302, 0.765322, 0.769347, 0.769368, 0.78156, 0.781583, 0.804282, 0.804291, 0.809816, 0.809837
elapsed time for k point: 6 seconds.
solve_kpoint (0.5,0.267327,0):
Solving for bands 1 to 10...
Finished solving for bands 1 to 10 after 7 iterations.
Solving for bands 11 to 20...
Finished solving for bands 11 to 20 after 22 iterations.
Solving for bands 21 to 30...
Finished solving for bands 21 to 30 after 9 iterations.
Solving for bands 31 to 40...
Finished solving for bands 31 to 40 after 9 iterations.
Finished k-point with 11.75 mean iterations/band.
freqs:, 560, 0.5, 0.267327, 0, 0.566978, 0.287201, 0.287212, 0.3812, 0.381213, 0.491692, 0.491716, 0.505161, 0.505189, 0.564747, 0.564795, 0.594692, 0.594696, 0.596112, 0.596133, 0.632455, 0.632472, 0.645446, 0.645461, 0.661561, 0.661574, 0.664367, 0.664376, 0.680609, 0.680625, 0.686736, 0.686739, 0.719513, 0.719516, 0.731511, 0.731544, 0.765638, 0.765659, 0.770011, 0.770034, 0.782158, 0.78218, 0.80437, 0.804379, 0.809735, 0.809755
elapsed time for k point: 7 seconds.
solve_kpoint (0.5,0.272277,0):
Solving for bands 1 to 10...
Finished solving for bands 1 to 10 after 7 iterations.
Solving for bands 11 to 20...
Finished solving for bands 11 to 20 after 9 iterations.
Solving for bands 21 to 30...
Finished solving for bands 21 to 30 after 9 iterations.
Solving for bands 31 to 40...
Finished solving for bands 31 to 40 after 9 iterations.
Finished k-point with 8.5 mean iterations/band.
freqs:, 561, 0.5, 0.272277, 0, 0.569328, 0.288135, 0.288146, 0.382003, 0.382015, 0.490618, 0.490643, 0.504094, 0.504122, 0.565008, 0.565056, 0.594675, 0.594686, 0.596487, 0.596515, 0.632397, 0.632414, 0.644946, 0.644962, 0.661117, 0.661131, 0.664406, 0.664414, 0.680673, 0.680689, 0.687006, 0.687008, 0.719632, 0.719635, 0.73169, 0.731723, 0.765896, 0.765917, 0.770695, 0.770718, 0.782807, 0.782828, 0.804468, 0.804477, 0.809659, 0.809679
elapsed time for k point: 6 seconds.
solve_kpoint (0.5,0.277228,0):
Solving for bands 1 to 10...
Finished solving for bands 1 to 10 after 7 iterations.
Solving for bands 11 to 20...
Finished solving for bands 11 to 20 after 10 iterations.
Solving for bands 21 to 30...
Finished solving for bands 21 to 30 after 9 iterations.
Solving for bands 31 to 40...
Finished solving for bands 31 to 40 after 9 iterations.
Finished k-point with 8.75 mean iterations/band.
freqs:, 562, 0.5, 0.277228, 0, 0.571713, 0.289074, 0.289084, 0.38281, 0.382823, 0.489537, 0.489562, 0.503033, 0.503062, 0.565267, 0.565316, 0.594619, 0.594634, 0.59691, 0.596941, 0.632345, 0.632362, 0.644444, 0.644459, 0.660674, 0.660687, 0.664422, 0.664431, 0.680737, 0.680753, 0.687296, 0.687298, 0.719749, 0.719752, 0.731864, 0.731897, 0.7661, 0.766122, 0.771371, 0.771395, 0.783508, 0.783528, 0.804577, 0.804586, 0.809589, 0.809608
elapsed time for k point: 6 seconds.
solve_kpoint (0.5,0.282178,0):
Solving for bands 1 to 10...
Finished solving for bands 1 to 10 after 7 iterations.
Solving for bands 11 to 20...
Finished solving for bands 11 to 20 after 10 iterations.
Solving for bands 21 to 30...
Finished solving for bands 21 to 30 after 9 iterations.
Solving for bands 31 to 40...
Finished solving for bands 31 to 40 after 9 iterations.
Finished k-point with 8.75 mean iterations/band.
freqs:, 563, 0.5, 0.282178, 0, 0.574129, 0.290016, 0.290027, 0.383622, 0.383634, 0.488451, 0.488477, 0.50198, 0.502009, 0.565525, 0.565574, 0.594547, 0.594564, 0.597356, 0.597389, 0.632298, 0.632315, 0.643939, 0.643954, 0.660231, 0.660244, 0.664418, 0.664428, 0.680799, 0.680814, 0.687606, 0.687608, 0.719864, 0.719867, 0.732033, 0.732067, 0.766268, 0.766289, 0.77202, 0.772045, 0.78426, 0.784278, 0.804698, 0.804707, 0.809526, 0.809545
elapsed time for k point: 6 seconds.
solve_kpoint (0.5,0.287129,0):
Solving for bands 1 to 10...
Finished solving for bands 1 to 10 after 7 iterations.
Solving for bands 11 to 20...
Finished solving for bands 11 to 20 after 9 iterations.
Solving for bands 21 to 30...
Finished solving for bands 21 to 30 after 9 iterations.
Solving for bands 31 to 40...
Finished solving for bands 31 to 40 after 9 iterations.
Finished k-point with 8.5 mean iterations/band.
freqs:, 564, 0.5, 0.287129, 0, 0.576579, 0.290961, 0.290972, 0.384437, 0.384449, 0.487363, 0.487388, 0.500933, 0.500963, 0.56578, 0.56583, 0.594467, 0.594486, 0.597814, 0.597849, 0.632258, 0.632274, 0.643432, 0.643448, 0.65979, 0.659803, 0.664395, 0.664405, 0.680859, 0.680874, 0.687933, 0.687935, 0.719976, 0.719979, 0.732197, 0.732232, 0.766409, 0.766431, 0.772634, 0.772659, 0.785058, 0.785076, 0.804832, 0.804842, 0.809471, 0.809489
elapsed time for k point: 5 seconds.
solve_kpoint (0.5,0.292079,0):
Solving for bands 1 to 10...
Finished solving for bands 1 to 10 after 7 iterations.
Solving for bands 11 to 20...
Finished solving for bands 11 to 20 after 9 iterations.
Solving for bands 21 to 30...
Finished solving for bands 21 to 30 after 9 iterations.
Solving for bands 31 to 40...
Finished solving for bands 31 to 40 after 9 iterations.
Finished k-point with 8.5 mean iterations/band.
freqs:, 565, 0.5, 0.292079, 0, 0.57906, 0.291908, 0.291919, 0.385254, 0.385266, 0.486273, 0.486299, 0.499893, 0.499922, 0.566034, 0.566084, 0.594386, 0.594405, 0.59828, 0.598315, 0.632222, 0.632238, 0.642924, 0.64294, 0.65935, 0.659363, 0.664354, 0.664364, 0.680916, 0.680931, 0.688277, 0.688279, 0.720086, 0.720089, 0.732357, 0.732392, 0.766532, 0.766554, 0.773206, 0.773231, 0.785899, 0.785914, 0.804981, 0.804991, 0.809426, 0.809443
elapsed time for k point: 6 seconds.
solve_kpoint (0.5,0.29703,0):
Solving for bands 1 to 10...
Finished solving for bands 1 to 10 after 7 iterations.
Solving for bands 11 to 20...
Finished solving for bands 11 to 20 after 8 iterations.
Solving for bands 21 to 30...
Finished solving for bands 21 to 30 after 9 iterations.
Solving for bands 31 to 40...
Finished solving for bands 31 to 40 after 9 iterations.
Finished k-point with 8.25 mean iterations/band.
freqs:, 566, 0.5, 0.29703, 0, 0.581573, 0.292856, 0.292868, 0.386074, 0.386086, 0.485183, 0.485209, 0.498859, 0.498888, 0.566285, 0.566335, 0.594304, 0.594325, 0.598749, 0.598785, 0.632192, 0.632208, 0.642415, 0.64243, 0.658913, 0.658925, 0.664297, 0.664307, 0.68097, 0.680985, 0.688636, 0.688638, 0.720193, 0.720196, 0.732511, 0.732547, 0.766641, 0.766663, 0.773735, 0.77376, 0.786773, 0.786787, 0.805145, 0.805156, 0.809393, 0.809409
elapsed time for k point: 6 seconds.
solve_kpoint (0.5,0.30198,0):
Solving for bands 1 to 10...
Finished solving for bands 1 to 10 after 7 iterations.
Solving for bands 11 to 20...
Finished solving for bands 11 to 20 after 8 iterations.
Solving for bands 21 to 30...
Finished solving for bands 21 to 30 after 9 iterations.
Solving for bands 31 to 40...
Finished solving for bands 31 to 40 after 9 iterations.
Finished k-point with 8.25 mean iterations/band.
freqs:, 567, 0.5, 0.30198, 0, 0.584116, 0.293805, 0.293816, 0.386894, 0.386906, 0.484096, 0.484122, 0.49783, 0.497859, 0.566533, 0.566584, 0.594225, 0.594246, 0.599222, 0.599258, 0.632168, 0.632183, 0.641905, 0.64192, 0.658478, 0.658491, 0.664224, 0.664235, 0.681022, 0.681036, 0.689008, 0.68901, 0.720297, 0.720299, 0.732661, 0.732697, 0.76674, 0.766761, 0.774223, 0.774247, 0.787673, 0.787685, 0.805325, 0.805337, 0.809373, 0.809388
elapsed time for k point: 5 seconds.
solve_kpoint (0.5,0.306931,0):
Solving for bands 1 to 10...
Finished solving for bands 1 to 10 after 7 iterations.
Solving for bands 11 to 20...
Finished solving for bands 11 to 20 after 8 iterations.
Solving for bands 21 to 30...
Finished solving for bands 21 to 30 after 9 iterations.
Solving for bands 31 to 40...
Finished solving for bands 31 to 40 after 9 iterations.
Finished k-point with 8.25 mean iterations/band.
freqs:, 568, 0.5, 0.306931, 0, 0.586691, 0.294753, 0.294765, 0.387716, 0.387727, 0.483014, 0.48304, 0.496806, 0.496835, 0.566779, 0.56683, 0.594147, 0.594169, 0.599697, 0.599733, 0.632148, 0.632163, 0.641395, 0.64141, 0.658046, 0.658059, 0.664138, 0.66415, 0.68107, 0.681084, 0.689392, 0.689393, 0.720397, 0.7204, 0.732806, 0.732842, 0.76683, 0.766851, 0.774672, 0.774696, 0.788589, 0.788599, 0.805523, 0.805536, 0.809372, 0.809385
elapsed time for k point: 6 seconds.
solve_kpoint (0.5,0.311881,0):
Solving for bands 1 to 10...
Finished solving for bands 1 to 10 after 7 iterations.
Solving for bands 11 to 20...
Finished solving for bands 11 to 20 after 8 iterations.
Solving for bands 21 to 30...
Finished solving for bands 21 to 30 after 9 iterations.
Solving for bands 31 to 40...
Finished solving for bands 31 to 40 after 9 iterations.
Finished k-point with 8.25 mean iterations/band.
freqs:, 569, 0.5, 0.311881, 0, 0.589296, 0.2957, 0.295712, 0.388537, 0.388548, 0.481938, 0.481963, 0.495787, 0.495817, 0.567021, 0.567073, 0.594072, 0.594095, 0.600174, 0.60021, 0.632134, 0.632149, 0.640885, 0.6409, 0.657617, 0.65763, 0.66404, 0.664052, 0.681116, 0.68113, 0.689785, 0.689787, 0.720494, 0.720497, 0.732946, 0.732983, 0.766913, 0.766934, 0.775085, 0.775109, 0.78951, 0.789518, 0.805738, 0.805752, 0.809392, 0.809404
elapsed time for k point: 5 seconds.
solve_kpoint (0.5,0.316832,0):
Solving for bands 1 to 10...
Finished solving for bands 1 to 10 after 7 iterations.
Solving for bands 11 to 20...
Finished solving for bands 11 to 20 after 8 iterations.
Solving for bands 21 to 30...
Finished solving for bands 21 to 30 after 9 iterations.
Solving for bands 31 to 40...
Finished solving for bands 31 to 40 after 9 iterations.
Finished k-point with 8.25 mean iterations/band.
freqs:, 570, 0.5, 0.316832, 0, 0.591931, 0.296645, 0.296657, 0.389356, 0.389368, 0.48087, 0.480895, 0.494773, 0.494803, 0.567261, 0.567313, 0.594001, 0.594024, 0.600652, 0.600687, 0.632124, 0.632138, 0.640375, 0.640391, 0.657192, 0.657205, 0.663932, 0.663944, 0.681159, 0.681172, 0.690186, 0.690188, 0.720588, 0.720591, 0.733081, 0.733119, 0.766991, 0.767012, 0.775467, 0.77549, 0.790426, 0.790432, 0.805967, 0.805983, 0.809443, 0.809452
elapsed time for k point: 6 seconds.
solve_kpoint (0.5,0.321782,0):
Solving for bands 1 to 10...
Finished solving for bands 1 to 10 after 7 iterations.
Solving for bands 11 to 20...
Finished solving for bands 11 to 20 after 8 iterations.
Solving for bands 21 to 30...
Finished solving for bands 21 to 30 after 9 iterations.
Solving for bands 31 to 40...
Finished solving for bands 31 to 40 after 9 iterations.
Finished k-point with 8.25 mean iterations/band.
freqs:, 571, 0.5, 0.321782, 0, 0.594595, 0.297586, 0.297598, 0.390174, 0.390185, 0.479812, 0.479837, 0.493764, 0.493793, 0.567497, 0.56755, 0.593932, 0.593955, 0.60113, 0.601166, 0.632119, 0.632133, 0.639867, 0.639882, 0.656771, 0.656783, 0.663813, 0.663826, 0.681199, 0.681212, 0.690594, 0.690596, 0.720678, 0.720681, 0.733211, 0.733249, 0.767064, 0.767085, 0.77582, 0.775842, 0.791327, 0.791331, 0.806208, 0.806226, 0.809531, 0.809538
elapsed time for k point: 5 seconds.
solve_kpoint (0.5,0.326733,0):
Solving for bands 1 to 10...
Finished solving for bands 1 to 10 after 7 iterations.
Solving for bands 11 to 20...
Finished solving for bands 11 to 20 after 8 iterations.
Solving for bands 21 to 30...
Finished solving for bands 21 to 30 after 9 iterations.
Solving for bands 31 to 40...
Finished solving for bands 31 to 40 after 9 iterations.
Finished k-point with 8.25 mean iterations/band.
freqs:, 572, 0.5, 0.326733, 0, 0.597289, 0.298524, 0.298536, 0.390989, 0.391, 0.478766, 0.478791, 0.492759, 0.492788, 0.56773, 0.567783, 0.593866, 0.59389, 0.60161, 0.601645, 0.632117, 0.63213, 0.63936, 0.639376, 0.656353, 0.656366, 0.663687, 0.6637, 0.681237, 0.68125, 0.691006, 0.691008, 0.720764, 0.720767, 0.733337, 0.733375, 0.767132, 0.767153, 0.776147, 0.77617, 0.7922, 0.792205, 0.806452, 0.806472, 0.809671, 0.809676
elapsed time for k point: 6 seconds.
solve_kpoint (0.5,0.331683,0):
Solving for bands 1 to 10...
Finished solving for bands 1 to 10 after 7 iterations.
Solving for bands 11 to 20...
Finished solving for bands 11 to 20 after 8 iterations.
Solving for bands 21 to 30...
Finished solving for bands 21 to 30 after 9 iterations.
Solving for bands 31 to 40...
Finished solving for bands 31 to 40 after 9 iterations.
Finished k-point with 8.25 mean iterations/band.
freqs:, 573, 0.5, 0.331683, 0, 0.600011, 0.299455, 0.299468, 0.3918, 0.39181, 0.477734, 0.477758, 0.491759, 0.491788, 0.567959, 0.568012, 0.593803, 0.593827, 0.60209, 0.602125, 0.632118, 0.632131, 0.638856, 0.638872, 0.65594, 0.655953, 0.663553, 0.663567, 0.681272, 0.681285, 0.691422, 0.691424, 0.720846, 0.720849, 0.733457, 0.733496, 0.767197, 0.767218, 0.776452, 0.776475, 0.793038, 0.793044, 0.806689, 0.806711, 0.809877, 0.809881
elapsed time for k point: 5 seconds.
solve_kpoint (0.5,0.336634,0):
Solving for bands 1 to 10...
Finished solving for bands 1 to 10 after 7 iterations.
Solving for bands 11 to 20...
Finished solving for bands 11 to 20 after 8 iterations.
Solving for bands 21 to 30...
Finished solving for bands 21 to 30 after 9 iterations.
Solving for bands 31 to 40...
Finished solving for bands 31 to 40 after 9 iterations.
Finished k-point with 8.25 mean iterations/band.
freqs:, 574, 0.5, 0.336634, 0, 0.602762, 0.300381, 0.300393, 0.392606, 0.392616, 0.476718, 0.476742, 0.490763, 0.490792, 0.568184, 0.568237, 0.593743, 0.593768, 0.60257, 0.602605, 0.632122, 0.632134, 0.638356, 0.638371, 0.655532, 0.655544, 0.663414, 0.663428, 0.681306, 0.681318, 0.69184, 0.691842, 0.720925, 0.720927, 0.733573, 0.733613, 0.767258, 0.76728, 0.776738, 0.77676, 0.793832, 0.79384, 0.806908, 0.806932, 0.810164, 0.810171
elapsed time for k point: 6 seconds.
solve_kpoint (0.5,0.341584,0):
Solving for bands 1 to 10...
Finished solving for bands 1 to 10 after 7 iterations.
Solving for bands 11 to 20...
Finished solving for bands 11 to 20 after 8 iterations.
Solving for bands 21 to 30...
Finished solving for bands 21 to 30 after 9 iterations.
Solving for bands 31 to 40...
Finished solving for bands 31 to 40 after 9 iterations.
Finished k-point with 8.25 mean iterations/band.
freqs:, 575, 0.5, 0.341584, 0, 0.605541, 0.301299, 0.301311, 0.393406, 0.393416, 0.47572, 0.475743, 0.489772, 0.4898, 0.568404, 0.568459, 0.593686, 0.593711, 0.603051, 0.603086, 0.632126, 0.632138, 0.63786, 0.637875, 0.655128, 0.655141, 0.66327, 0.663284, 0.681337, 0.68135, 0.692259, 0.69226, 0.720999, 0.721002, 0.733684, 0.733724, 0.767317, 0.767338, 0.777006, 0.777027, 0.794575, 0.794585, 0.807099, 0.807124, 0.810547, 0.810558
elapsed time for k point: 5 seconds.
solve_kpoint (0.5,0.346535,0):
Solving for bands 1 to 10...
Finished solving for bands 1 to 10 after 7 iterations.
Solving for bands 11 to 20...
Finished solving for bands 11 to 20 after 8 iterations.
Solving for bands 21 to 30...
Finished solving for bands 21 to 30 after 9 iterations.
Solving for bands 31 to 40...
Finished solving for bands 31 to 40 after 9 iterations.
Finished k-point with 8.25 mean iterations/band.
freqs:, 576, 0.5, 0.346535, 0, 0.608347, 0.302209, 0.302221, 0.394199, 0.394209, 0.474742, 0.474765, 0.488786, 0.488813, 0.568621, 0.568675, 0.593632, 0.593658, 0.603532, 0.603567, 0.632131, 0.632142, 0.637371, 0.637386, 0.65473, 0.654742, 0.663121, 0.663136, 0.681367, 0.681379, 0.692676, 0.692678, 0.721069, 0.721072, 0.733791, 0.733831, 0.767372, 0.767394, 0.777257, 0.777279, 0.795262, 0.795274, 0.807256, 0.807283, 0.811034, 0.811048
elapsed time for k point: 6 seconds.
solve_kpoint (0.5,0.351485,0):
Solving for bands 1 to 10...
Finished solving for bands 1 to 10 after 7 iterations.
Solving for bands 11 to 20...
Finished solving for bands 11 to 20 after 8 iterations.
Solving for bands 21 to 30...
Finished solving for bands 21 to 30 after 9 iterations.
Solving for bands 31 to 40...
Finished solving for bands 31 to 40 after 9 iterations.
Finished k-point with 8.25 mean iterations/band.
freqs:, 577, 0.5, 0.351485, 0, 0.611181, 0.303109, 0.303121, 0.394984, 0.394994, 0.473785, 0.473808, 0.487804, 0.487831, 0.568833, 0.568888, 0.593581, 0.593607, 0.604013, 0.604048, 0.632132, 0.632143, 0.63689, 0.636904, 0.654337, 0.654349, 0.66297, 0.662985, 0.681395, 0.681407, 0.693092, 0.693094, 0.721135, 0.721138, 0.733893, 0.733934, 0.767425, 0.767447, 0.777495, 0.777516, 0.79589, 0.795904, 0.807381, 0.807408, 0.811623, 0.811641
elapsed time for k point: 5 seconds.
solve_kpoint (0.5,0.356436,0):
Solving for bands 1 to 10...
Finished solving for bands 1 to 10 after 7 iterations.
Solving for bands 11 to 20...
Finished solving for bands 11 to 20 after 8 iterations.
Solving for bands 21 to 30...
Finished solving for bands 21 to 30 after 9 iterations.
Solving for bands 31 to 40...
Finished solving for bands 31 to 40 after 9 iterations.
Finished k-point with 8.25 mean iterations/band.
freqs:, 578, 0.5, 0.356436, 0, 0.614041, 0.303998, 0.30401, 0.39576, 0.39577, 0.472853, 0.472874, 0.486828, 0.486855, 0.56904, 0.569095, 0.593533, 0.593559, 0.604494, 0.604529, 0.632128, 0.632138, 0.636421, 0.636434, 0.65395, 0.653962, 0.662816, 0.662831, 0.681421, 0.681433, 0.693505, 0.693507, 0.721197, 0.7212, 0.73399, 0.734031, 0.767475, 0.767497, 0.77772, 0.777741, 0.796458, 0.796473, 0.807477, 0.807505, 0.812308, 0.812328
elapsed time for k point: 6 seconds.
solve_kpoint (0.5,0.361386,0):
Solving for bands 1 to 10...
Finished solving for bands 1 to 10 after 7 iterations.
Solving for bands 11 to 20...
Finished solving for bands 11 to 20 after 8 iterations.
Solving for bands 21 to 30...
Finished solving for bands 21 to 30 after 9 iterations.
Solving for bands 31 to 40...
Finished solving for bands 31 to 40 after 10 iterations.
Finished k-point with 8.5 mean iterations/band.
freqs:, 579, 0.5, 0.361386, 0, 0.616928, 0.304875, 0.304888, 0.396525, 0.396535, 0.471947, 0.471967, 0.485857, 0.485883, 0.569242, 0.569298, 0.593487, 0.593513, 0.604976, 0.60501, 0.632114, 0.632122, 0.635968, 0.63598, 0.653569, 0.653581, 0.662661, 0.662676, 0.681446, 0.681458, 0.693914, 0.693916, 0.721255, 0.721258, 0.734083, 0.734125, 0.767523, 0.767545, 0.777932, 0.777953, 0.796967, 0.796984, 0.807552, 0.807579, 0.813079, 0.813101
elapsed time for k point: 6 seconds.
solve_kpoint (0.5,0.366337,0):
Solving for bands 1 to 10...
Finished solving for bands 1 to 10 after 7 iterations.
Solving for bands 11 to 20...
Finished solving for bands 11 to 20 after 8 iterations.
Solving for bands 21 to 30...
Finished solving for bands 21 to 30 after 9 iterations.
Solving for bands 31 to 40...
Finished solving for bands 31 to 40 after 10 iterations.
Finished k-point with 8.5 mean iterations/band.
freqs:, 580, 0.5, 0.366337, 0, 0.619841, 0.305739, 0.305752, 0.397279, 0.397289, 0.471068, 0.471088, 0.484892, 0.484918, 0.56944, 0.569496, 0.593444, 0.59347, 0.605457, 0.60549, 0.632084, 0.632091, 0.635536, 0.635547, 0.653195, 0.653207, 0.662506, 0.662521, 0.68147, 0.681482, 0.694318, 0.694319, 0.721309, 0.721312, 0.734171, 0.734214, 0.767569, 0.767591, 0.778134, 0.778154, 0.797421, 0.79744, 0.80761, 0.807637, 0.813923, 0.813947
elapsed time for k point: 5 seconds.
solve_kpoint (0.5,0.371287,0):
Solving for bands 1 to 10...
Finished solving for bands 1 to 10 after 7 iterations.
Solving for bands 11 to 20...
Finished solving for bands 11 to 20 after 8 iterations.
Solving for bands 21 to 30...
Finished solving for bands 21 to 30 after 9 iterations.
Solving for bands 31 to 40...
Finished solving for bands 31 to 40 after 10 iterations.
Finished k-point with 8.5 mean iterations/band.
freqs:, 581, 0.5, 0.371287, 0, 0.622779, 0.306588, 0.306601, 0.39802, 0.39803, 0.470219, 0.470238, 0.483934, 0.483959, 0.569632, 0.569688, 0.593403, 0.59343, 0.605937, 0.605971, 0.63203, 0.632035, 0.635135, 0.635144, 0.652827, 0.652839, 0.66235, 0.662366, 0.681492, 0.681504, 0.694715, 0.694717, 0.721359, 0.721362, 0.734255, 0.734298, 0.767613, 0.767634, 0.778326, 0.778346, 0.797823, 0.797843, 0.807657, 0.807683, 0.81483, 0.814854
elapsed time for k point: 6 seconds.
solve_kpoint (0.5,0.376238,0):
Solving for bands 1 to 10...
Finished solving for bands 1 to 10 after 7 iterations.
Solving for bands 11 to 20...
Finished solving for bands 11 to 20 after 8 iterations.
Solving for bands 21 to 30...
Finished solving for bands 21 to 30 after 8 iterations.
Solving for bands 31 to 40...
Finished solving for bands 31 to 40 after 10 iterations.
Finished k-point with 8.25 mean iterations/band.
freqs:, 582, 0.5, 0.376238, 0, 0.625743, 0.307422, 0.307434, 0.398746, 0.398757, 0.469403, 0.46942, 0.482982, 0.483006, 0.569818, 0.569875, 0.593365, 0.593392, 0.606417, 0.60645, 0.631939, 0.631943, 0.634776, 0.634783, 0.652466, 0.652478, 0.662195, 0.662211, 0.681514, 0.681525, 0.695106, 0.695108, 0.721404, 0.721407, 0.734335, 0.734378, 0.767654, 0.767676, 0.778508, 0.778527, 0.798179, 0.798199, 0.807695, 0.80772, 0.815788, 0.815813
elapsed time for k point: 6 seconds.
solve_kpoint (0.5,0.381188,0):
Solving for bands 1 to 10...
Finished solving for bands 1 to 10 after 7 iterations.
Solving for bands 11 to 20...
Finished solving for bands 11 to 20 after 8 iterations.
Solving for bands 21 to 30...
Finished solving for bands 21 to 30 after 9 iterations.
Solving for bands 31 to 40...
Finished solving for bands 31 to 40 after 10 iterations.
Finished k-point with 8.5 mean iterations/band.
freqs:, 583, 0.5, 0.381188, 0, 0.628732, 0.308238, 0.308251, 0.399457, 0.399468, 0.46862, 0.468637, 0.482038, 0.482061, 0.569999, 0.570056, 0.593329, 0.593356, 0.606897, 0.606929, 0.631799, 0.631804, 0.634471, 0.634475, 0.652113, 0.652125, 0.662042, 0.662058, 0.681534, 0.681545, 0.695489, 0.695491, 0.721446, 0.721449, 0.734411, 0.734454, 0.767694, 0.767716, 0.778681, 0.7787, 0.798492, 0.798513, 0.807728, 0.807752, 0.816786, 0.816812
elapsed time for k point: 5 seconds.
solve_kpoint (0.5,0.386139,0):
Solving for bands 1 to 10...
Finished solving for bands 1 to 10 after 7 iterations.
Solving for bands 11 to 20...
Finished solving for bands 11 to 20 after 8 iterations.
Solving for bands 21 to 30...
Finished solving for bands 21 to 30 after 8 iterations.
Solving for bands 31 to 40...
Finished solving for bands 31 to 40 after 10 iterations.
Finished k-point with 8.25 mean iterations/band.
freqs:, 584, 0.5, 0.386139, 0, 0.631746, 0.309036, 0.309049, 0.400152, 0.400163, 0.467873, 0.467889, 0.481101, 0.481125, 0.570174, 0.570231, 0.593295, 0.593322, 0.607375, 0.607408, 0.631598, 0.631606, 0.63423, 0.634234, 0.651768, 0.651779, 0.661891, 0.661907, 0.681553, 0.681564, 0.695864, 0.695866, 0.721484, 0.721487, 0.734483, 0.734526, 0.767732, 0.767753, 0.778845, 0.778864, 0.798768, 0.798789, 0.807757, 0.80778, 0.817814, 0.81784
elapsed time for k point: 6 seconds.
solve_kpoint (0.5,0.391089,0):
Solving for bands 1 to 10...
Finished solving for bands 1 to 10 after 7 iterations.
Solving for bands 11 to 20...
Finished solving for bands 11 to 20 after 8 iterations.
Solving for bands 21 to 30...
Finished solving for bands 21 to 30 after 9 iterations.
Solving for bands 31 to 40...
Finished solving for bands 31 to 40 after 11 iterations.
Finished k-point with 8.75 mean iterations/band.
freqs:, 585, 0.5, 0.391089, 0, 0.634784, 0.309814, 0.309827, 0.400828, 0.400839, 0.467164, 0.467179, 0.480174, 0.480196, 0.570343, 0.570401, 0.593263, 0.593291, 0.607852, 0.607885, 0.631335, 0.631347, 0.634055, 0.634061, 0.65143, 0.651442, 0.661742, 0.661758, 0.681571, 0.681582, 0.696229, 0.696231, 0.721518, 0.721521, 0.73455, 0.734594, 0.767768, 0.767789, 0.779001, 0.779019, 0.799011, 0.799033, 0.807783, 0.807805, 0.818863, 0.818889
elapsed time for k point: 6 seconds.
solve_kpoint (0.5,0.39604,0):
Solving for bands 1 to 10...
Finished solving for bands 1 to 10 after 7 iterations.
Solving for bands 11 to 20...
Finished solving for bands 11 to 20 after 8 iterations.
Solving for bands 21 to 30...
Finished solving for bands 21 to 30 after 8 iterations.
Solving for bands 31 to 40...
Finished solving for bands 31 to 40 after 12 iterations.
Finished k-point with 8.75 mean iterations/band.
freqs:, 586, 0.5, 0.39604, 0, 0.637846, 0.310571, 0.310583, 0.401484, 0.401496, 0.466495, 0.466508, 0.479256, 0.479278, 0.570506, 0.570564, 0.593234, 0.593261, 0.608328, 0.60836, 0.631015, 0.63103, 0.633943, 0.633951, 0.651102, 0.651114, 0.661596, 0.661613, 0.681589, 0.681599, 0.696583, 0.696586, 0.721549, 0.721552, 0.734614, 0.734659, 0.767802, 0.767823, 0.779148, 0.779167, 0.799226, 0.799248, 0.807807, 0.807829, 0.819923, 0.819948
elapsed time for k point: 5 seconds.
solve_kpoint (0.5,0.40099,0):
Solving for bands 1 to 10...
Finished solving for bands 1 to 10 after 7 iterations.
Solving for bands 11 to 20...
Finished solving for bands 11 to 20 after 8 iterations.
Solving for bands 21 to 30...
Finished solving for bands 21 to 30 after 9 iterations.
Solving for bands 31 to 40...
Finished solving for bands 31 to 40 after 12 iterations.
Finished k-point with 9 mean iterations/band.
freqs:, 587, 0.5, 0.40099, 0, 0.640931, 0.311305, 0.311317, 0.402119, 0.402132, 0.465868, 0.46588, 0.478349, 0.478369, 0.570663, 0.570721, 0.593206, 0.593234, 0.608803, 0.608834, 0.63065, 0.630667, 0.63388, 0.63389, 0.650783, 0.650795, 0.661454, 0.661471, 0.681605, 0.681616, 0.696927, 0.696929, 0.721576, 0.721579, 0.734674, 0.734719, 0.767834, 0.767856, 0.779289, 0.779307, 0.799415, 0.799437, 0.807831, 0.807852, 0.820985, 0.821011
elapsed time for k point: 6 seconds.
solve_kpoint (0.5,0.405941,0):
Solving for bands 1 to 10...
Finished solving for bands 1 to 10 after 7 iterations.
Solving for bands 11 to 20...
Finished solving for bands 11 to 20 after 8 iterations.
Solving for bands 21 to 30...
Finished solving for bands 21 to 30 after 8 iterations.
Solving for bands 31 to 40...
Finished solving for bands 31 to 40 after 12 iterations.
Finished k-point with 8.75 mean iterations/band.
freqs:, 588, 0.5, 0.405941, 0, 0.64404, 0.312015, 0.312028, 0.402732, 0.402745, 0.465284, 0.465295, 0.477453, 0.477472, 0.570813, 0.570871, 0.59318, 0.593208, 0.609275, 0.609306, 0.630253, 0.630272, 0.633857, 0.633868, 0.650474, 0.650485, 0.661316, 0.661333, 0.68162, 0.681631, 0.69726, 0.697262, 0.7216, 0.721602, 0.73473, 0.734775, 0.767865, 0.767886, 0.779421, 0.779439, 0.799583, 0.799605, 0.807854, 0.807874, 0.822041, 0.822066
elapsed time for k point: 6 seconds.
solve_kpoint (0.5,0.410891,0):
Solving for bands 1 to 10...
Finished solving for bands 1 to 10 after 7 iterations.
Solving for bands 11 to 20...
Finished solving for bands 11 to 20 after 8 iterations.
Solving for bands 21 to 30...
Finished solving for bands 21 to 30 after 9 iterations.
Solving for bands 31 to 40...
Finished solving for bands 31 to 40 after 13 iterations.
Finished k-point with 9.25 mean iterations/band.
freqs:, 589, 0.5, 0.410891, 0, 0.647172, 0.312699, 0.312712, 0.403322, 0.403335, 0.464746, 0.464755, 0.476569, 0.476588, 0.570956, 0.571015, 0.593156, 0.593184, 0.609745, 0.609776, 0.629833, 0.629854, 0.633861, 0.633872, 0.650174, 0.650186, 0.661182, 0.661199, 0.681635, 0.681645, 0.69758, 0.697582, 0.72162, 0.721623, 0.734783, 0.734828, 0.767893, 0.767915, 0.779546, 0.779564, 0.799731, 0.799754, 0.807877, 0.807896, 0.823082, 0.823107
elapsed time for k point: 7 seconds.
solve_kpoint (0.5,0.415842,0):
Solving for bands 1 to 10...
Finished solving for bands 1 to 10 after 7 iterations.
Solving for bands 11 to 20...
Finished solving for bands 11 to 20 after 8 iterations.
Solving for bands 21 to 30...
Finished solving for bands 21 to 30 after 8 iterations.
Solving for bands 31 to 40...
Finished solving for bands 31 to 40 after 13 iterations.
Finished k-point with 9 mean iterations/band.
freqs:, 590, 0.5, 0.415842, 0, 0.650326, 0.313357, 0.31337, 0.403886, 0.4039, 0.464254, 0.464261, 0.475699, 0.475716, 0.571093, 0.571152, 0.593134, 0.593162, 0.610212, 0.610242, 0.6294, 0.629421, 0.633884, 0.633897, 0.649886, 0.649897, 0.661053, 0.661071, 0.681649, 0.681659, 0.697887, 0.697889, 0.721638, 0.721641, 0.734832, 0.734878, 0.767921, 0.767943, 0.779664, 0.779681, 0.799863, 0.799886, 0.807899, 0.807917, 0.8241, 0.824125
elapsed time for k point: 6 seconds.
solve_kpoint (0.5,0.420792,0):
Solving for bands 1 to 10...
Finished solving for bands 1 to 10 after 7 iterations.
Solving for bands 11 to 20...
Finished solving for bands 11 to 20 after 8 iterations.
Solving for bands 21 to 30...
Finished solving for bands 21 to 30 after 9 iterations.
Solving for bands 31 to 40...
Finished solving for bands 31 to 40 after 14 iterations.
Finished k-point with 9.5 mean iterations/band.
freqs:, 591, 0.5, 0.420792, 0, 0.653503, 0.313987, 0.313999, 0.404424, 0.404439, 0.46381, 0.463816, 0.474843, 0.47486, 0.571222, 0.571282, 0.593114, 0.593142, 0.610675, 0.610705, 0.628958, 0.62898, 0.633922, 0.633934, 0.649609, 0.64962, 0.66093, 0.660948, 0.681662, 0.681672, 0.69818, 0.698182, 0.721653, 0.721656, 0.734877, 0.734924, 0.767946, 0.767968, 0.779775, 0.779792, 0.79998, 0.800003, 0.807921, 0.807938, 0.825087, 0.825111
elapsed time for k point: 6 seconds.
solve_kpoint (0.5,0.425743,0):
Solving for bands 1 to 10...
Finished solving for bands 1 to 10 after 7 iterations.
Solving for bands 11 to 20...
Finished solving for bands 11 to 20 after 8 iterations.
Solving for bands 21 to 30...
Finished solving for bands 21 to 30 after 8 iterations.
Solving for bands 31 to 40...
Finished solving for bands 31 to 40 after 14 iterations.
Finished k-point with 9.25 mean iterations/band.
freqs:, 592, 0.5, 0.425743, 0, 0.656701, 0.314586, 0.314599, 0.404935, 0.40495, 0.463416, 0.463421, 0.474004, 0.474019, 0.571345, 0.571404, 0.593095, 0.593123, 0.611133, 0.611163, 0.628512, 0.628535, 0.633969, 0.633982, 0.649343, 0.649355, 0.660812, 0.66083, 0.681674, 0.681684, 0.698459, 0.698462, 0.721666, 0.721668, 0.73492, 0.734966, 0.76797, 0.767993, 0.779878, 0.779895, 0.800084, 0.800107, 0.807943, 0.80796, 0.826033, 0.826057
elapsed time for k point: 6 seconds.
solve_kpoint (0.5,0.430693,0):
Solving for bands 1 to 10...
Finished solving for bands 1 to 10 after 7 iterations.
Solving for bands 11 to 20...
Finished solving for bands 11 to 20 after 8 iterations.
Solving for bands 21 to 30...
Finished solving for bands 21 to 30 after 9 iterations.
Solving for bands 31 to 40...
Finished solving for bands 31 to 40 after 14 iterations.
Finished k-point with 9.5 mean iterations/band.
freqs:, 593, 0.5, 0.430693, 0, 0.659922, 0.315155, 0.315168, 0.405417, 0.405433, 0.463071, 0.463076, 0.473182, 0.473196, 0.57146, 0.57152, 0.593077, 0.593106, 0.611587, 0.611616, 0.628066, 0.628089, 0.634022, 0.634035, 0.649091, 0.649102, 0.660701, 0.660718, 0.681685, 0.681695, 0.698723, 0.698726, 0.721676, 0.721678, 0.734959, 0.735006, 0.767993, 0.768015, 0.779975, 0.779991, 0.800177, 0.800199, 0.807965, 0.80798, 0.826931, 0.826954
elapsed time for k point: 7 seconds.
solve_kpoint (0.5,0.435644,0):
Solving for bands 1 to 10...
Finished solving for bands 1 to 10 after 7 iterations.
Solving for bands 11 to 20...
Finished solving for bands 11 to 20 after 8 iterations.
Solving for bands 21 to 30...
Finished solving for bands 21 to 30 after 8 iterations.
Solving for bands 31 to 40...
Finished solving for bands 31 to 40 after 15 iterations.
Finished k-point with 9.5 mean iterations/band.
freqs:, 594, 0.5, 0.435644, 0, 0.663163, 0.315692, 0.315704, 0.405869, 0.405886, 0.462778, 0.462783, 0.472379, 0.472391, 0.571568, 0.571628, 0.593061, 0.59309, 0.612034, 0.612062, 0.627622, 0.627645, 0.63408, 0.634093, 0.648851, 0.648862, 0.660595, 0.660613, 0.681696, 0.681705, 0.698972, 0.698975, 0.721684, 0.721686, 0.734995, 0.735042, 0.768014, 0.768036, 0.780065, 0.780081, 0.800259, 0.800281, 0.807986, 0.808001, 0.827773, 0.827796
elapsed time for k point: 6 seconds.
solve_kpoint (0.5,0.440594,0):
Solving for bands 1 to 10...
Finished solving for bands 1 to 10 after 7 iterations.
Solving for bands 11 to 20...
Finished solving for bands 11 to 20 after 8 iterations.
Solving for bands 21 to 30...
Finished solving for bands 21 to 30 after 8 iterations.
Solving for bands 31 to 40...
Finished solving for bands 31 to 40 after 15 iterations.
Finished k-point with 9.5 mean iterations/band.
freqs:, 595, 0.5, 0.440594, 0, 0.666426, 0.316194, 0.316207, 0.406291, 0.406308, 0.462535, 0.462542, 0.471597, 0.471608, 0.571669, 0.571729, 0.593047, 0.593075, 0.612473, 0.612501, 0.627182, 0.627207, 0.63414, 0.634153, 0.648625, 0.648637, 0.660497, 0.660515, 0.681705, 0.681715, 0.699205, 0.699208, 0.72169, 0.721693, 0.735028, 0.735075, 0.768033, 0.768055, 0.780148, 0.780163, 0.800332, 0.800354, 0.808007, 0.80802, 0.828552, 0.828575
elapsed time for k point: 6 seconds.
solve_kpoint (0.5,0.445545,0):
Solving for bands 1 to 10...
Finished solving for bands 1 to 10 after 7 iterations.
Solving for bands 11 to 20...
Finished solving for bands 11 to 20 after 8 iterations.
Solving for bands 21 to 30...
Finished solving for bands 21 to 30 after 8 iterations.
Solving for bands 31 to 40...
Finished solving for bands 31 to 40 after 15 iterations.
Finished k-point with 9.5 mean iterations/band.
freqs:, 596, 0.5, 0.445545, 0, 0.669709, 0.316662, 0.316675, 0.406681, 0.406699, 0.462345, 0.462353, 0.470837, 0.470846, 0.571762, 0.571822, 0.593034, 0.593062, 0.612902, 0.61293, 0.626751, 0.626776, 0.634201, 0.634214, 0.648414, 0.648425, 0.660405, 0.660423, 0.681714, 0.681724, 0.699422, 0.699424, 0.721695, 0.721697, 0.735058, 0.735106, 0.768051, 0.768073, 0.780224, 0.780239, 0.800397, 0.800419, 0.808027, 0.80804, 0.829264, 0.829286
elapsed time for k point: 7 seconds.
solve_kpoint (0.5,0.450495,0):
Solving for bands 1 to 10...
Finished solving for bands 1 to 10 after 7 iterations.
Solving for bands 11 to 20...
Finished solving for bands 11 to 20 after 8 iterations.
Solving for bands 21 to 30...
Finished solving for bands 21 to 30 after 8 iterations.
Solving for bands 31 to 40...
Finished solving for bands 31 to 40 after 15 iterations.
Finished k-point with 9.5 mean iterations/band.
freqs:, 597, 0.5, 0.450495, 0, 0.673012, 0.317094, 0.317106, 0.407039, 0.407058, 0.462206, 0.462216, 0.470102, 0.470109, 0.571847, 0.571907, 0.593022, 0.59305, 0.61332, 0.613347, 0.62633, 0.626355, 0.63426, 0.634274, 0.648218, 0.648229, 0.66032, 0.660338, 0.681722, 0.681732, 0.699621, 0.699624, 0.721698, 0.7217, 0.735085, 0.735133, 0.768067, 0.768089, 0.780294, 0.780308, 0.800453, 0.800476, 0.808046, 0.808058, 0.829906, 0.829927
elapsed time for k point: 6 seconds.
solve_kpoint (0.5,0.455446,0):
Solving for bands 1 to 10...
Finished solving for bands 1 to 10 after 7 iterations.
Solving for bands 11 to 20...
Finished solving for bands 11 to 20 after 8 iterations.
Solving for bands 21 to 30...
Finished solving for bands 21 to 30 after 8 iterations.
Solving for bands 31 to 40...
Finished solving for bands 31 to 40 after 15 iterations.
Finished k-point with 9.5 mean iterations/band.
freqs:, 598, 0.5, 0.455446, 0, 0.676336, 0.317488, 0.3175, 0.407365, 0.407385, 0.462118, 0.462131, 0.469394, 0.469399, 0.571924, 0.571985, 0.593011, 0.59304, 0.613724, 0.61375, 0.625922, 0.625948, 0.634318, 0.634331, 0.648038, 0.648049, 0.660243, 0.660261, 0.68173, 0.681739, 0.699803, 0.699806, 0.721701, 0.721703, 0.735109, 0.735157, 0.768081, 0.768104, 0.780356, 0.780371, 0.800503, 0.800525, 0.808063, 0.808075, 0.830475, 0.830496
elapsed time for k point: 6 seconds.
solve_kpoint (0.5,0.460396,0):
Solving for bands 1 to 10...
Finished solving for bands 1 to 10 after 7 iterations.
Solving for bands 11 to 20...
Finished solving for bands 11 to 20 after 8 iterations.
Solving for bands 21 to 30...
Finished solving for bands 21 to 30 after 8 iterations.
Solving for bands 31 to 40...
Finished solving for bands 31 to 40 after 15 iterations.
Finished k-point with 9.5 mean iterations/band.
freqs:, 599, 0.5, 0.460396, 0, 0.67968, 0.317844, 0.317856, 0.407657, 0.407678, 0.462079, 0.462095, 0.468716, 0.468719, 0.571994, 0.572054, 0.593002, 0.593031, 0.61411, 0.614135, 0.625531, 0.625558, 0.634373, 0.634386, 0.647875, 0.647886, 0.660173, 0.660192, 0.681736, 0.681746, 0.699967, 0.69997, 0.721702, 0.721704, 0.735131, 0.735179, 0.768094, 0.768117, 0.780413, 0.780426, 0.800547, 0.800569, 0.80808, 0.808091, 0.830973, 0.830993
elapsed time for k point: 7 seconds.
solve_kpoint (0.5,0.465347,0):
Solving for bands 1 to 10...
Finished solving for bands 1 to 10 after 7 iterations.
Solving for bands 11 to 20...
Finished solving for bands 11 to 20 after 8 iterations.
Solving for bands 21 to 30...
Finished solving for bands 21 to 30 after 8 iterations.
Solving for bands 31 to 40...
Finished solving for bands 31 to 40 after 15 iterations.
Finished k-point with 9.5 mean iterations/band.
freqs:, 600, 0.5, 0.465347, 0, 0.683043, 0.31816, 0.318173, 0.407915, 0.407937, 0.462089, 0.462108, 0.468071, 0.468073, 0.572055, 0.572116, 0.592994, 0.593022, 0.614475, 0.614499, 0.625162, 0.62519, 0.634424, 0.634437, 0.647729, 0.64774, 0.660111, 0.66013, 0.681742, 0.681752, 0.700113, 0.700116, 0.721703, 0.721704, 0.73515, 0.735198, 0.768106, 0.768129, 0.780462, 0.780475, 0.800584, 0.800606, 0.808095, 0.808105, 0.831401, 0.83142
elapsed time for k point: 6 seconds.
solve_kpoint (0.5,0.470297,0):
Solving for bands 1 to 10...
Finished solving for bands 1 to 10 after 7 iterations.
Solving for bands 11 to 20...
Finished solving for bands 11 to 20 after 8 iterations.
Solving for bands 21 to 30...
Finished solving for bands 21 to 30 after 8 iterations.
Solving for bands 31 to 40...
Finished solving for bands 31 to 40 after 15 iterations.
Finished k-point with 9.5 mean iterations/band.
freqs:, 601, 0.5, 0.470297, 0, 0.686425, 0.318436, 0.318449, 0.40814, 0.408162, 0.462143, 0.462166, 0.467461, 0.467466, 0.572109, 0.57217, 0.592987, 0.593016, 0.614814, 0.614837, 0.62482, 0.624848, 0.634469, 0.634483, 0.647601, 0.647611, 0.660057, 0.660076, 0.681747, 0.681756, 0.70024, 0.700243, 0.721703, 0.721704, 0.735166, 0.735215, 0.768116, 0.768139, 0.780505, 0.780518, 0.800616, 0.800638, 0.808109, 0.808118, 0.831762, 0.831781
elapsed time for k point: 6 seconds.
solve_kpoint (0.5,0.475248,0):
Solving for bands 1 to 10...
Finished solving for bands 1 to 10 after 7 iterations.
Solving for bands 11 to 20...
Finished solving for bands 11 to 20 after 8 iterations.
Solving for bands 21 to 30...
Finished solving for bands 21 to 30 after 8 iterations.
Solving for bands 31 to 40...
Finished solving for bands 31 to 40 after 16 iterations.
Finished k-point with 9.75 mean iterations/band.
freqs:, 602, 0.5, 0.475248, 0, 0.689826, 0.318671, 0.318684, 0.40833, 0.408353, 0.462236, 0.462264, 0.466894, 0.466903, 0.572154, 0.572215, 0.592981, 0.59301, 0.615119, 0.615142, 0.62451, 0.624539, 0.63451, 0.634523, 0.647491, 0.647502, 0.660011, 0.66003, 0.681751, 0.681761, 0.700348, 0.700351, 0.721702, 0.721704, 0.735179, 0.735228, 0.768124, 0.768147, 0.780541, 0.780554, 0.800642, 0.800664, 0.808121, 0.808129, 0.83206, 0.832078
elapsed time for k point: 7 seconds.
solve_kpoint (0.5,0.480198,0):
Solving for bands 1 to 10...
Finished solving for bands 1 to 10 after 7 iterations.
Solving for bands 11 to 20...
Finished solving for bands 11 to 20 after 8 iterations.
Solving for bands 21 to 30...
Finished solving for bands 21 to 30 after 8 iterations.
Solving for bands 31 to 40...
Finished solving for bands 31 to 40 after 16 iterations.
Finished k-point with 9.75 mean iterations/band.
freqs:, 603, 0.5, 0.480198, 0, 0.693246, 0.318865, 0.318877, 0.408486, 0.408509, 0.462362, 0.462396, 0.466377, 0.466392, 0.572191, 0.572252, 0.592976, 0.593005, 0.615386, 0.615407, 0.624241, 0.62427, 0.634543, 0.634557, 0.647401, 0.647411, 0.659974, 0.659992, 0.681755, 0.681764, 0.700437, 0.70044, 0.721702, 0.721704, 0.73519, 0.73524, 0.768131, 0.768154, 0.780571, 0.780583, 0.800663, 0.800686, 0.80813, 0.808138, 0.832298, 0.832316
elapsed time for k point: 7 seconds.
solve_kpoint (0.5,0.485149,0):
Solving for bands 1 to 10...
Finished solving for bands 1 to 10 after 7 iterations.
Solving for bands 11 to 20...
Finished solving for bands 11 to 20 after 8 iterations.
Solving for bands 21 to 30...
Finished solving for bands 21 to 30 after 8 iterations.
Solving for bands 31 to 40...
Finished solving for bands 31 to 40 after 17 iterations.
Finished k-point with 10 mean iterations/band.
freqs:, 604, 0.5, 0.485149, 0, 0.696684, 0.319016, 0.319028, 0.408607, 0.408631, 0.462508, 0.462548, 0.465925, 0.465946, 0.57222, 0.572281, 0.592972, 0.593001, 0.615605, 0.615625, 0.624019, 0.624049, 0.63457, 0.634584, 0.64733, 0.64734, 0.659944, 0.659963, 0.681758, 0.681767, 0.700507, 0.70051, 0.721702, 0.721703, 0.735199, 0.735248, 0.768137, 0.76816, 0.780594, 0.780606, 0.80068, 0.800702, 0.808138, 0.808145, 0.832479, 0.832497
elapsed time for k point: 6 seconds.
solve_kpoint (0.5,0.490099,0):
Solving for bands 1 to 10...
Finished solving for bands 1 to 10 after 7 iterations.
Solving for bands 11 to 20...
Finished solving for bands 11 to 20 after 8 iterations.
Solving for bands 21 to 30...
Finished solving for bands 21 to 30 after 8 iterations.
Solving for bands 31 to 40...
Finished solving for bands 31 to 40 after 17 iterations.
Finished k-point with 10 mean iterations/band.
freqs:, 605, 0.5, 0.490099, 0, 0.700141, 0.319124, 0.319136, 0.408693, 0.408718, 0.462653, 0.4627, 0.465559, 0.465586, 0.572241, 0.572302, 0.59297, 0.592999, 0.61577, 0.615788, 0.623853, 0.623884, 0.63459, 0.634603, 0.647279, 0.647289, 0.659923, 0.659942, 0.681759, 0.681769, 0.700557, 0.700559, 0.721701, 0.721703, 0.735205, 0.735255, 0.76814, 0.768164, 0.780611, 0.780622, 0.800691, 0.800714, 0.808144, 0.808151, 0.832607, 0.832624
elapsed time for k point: 7 seconds.
solve_kpoint (0.5,0.49505,0):
Solving for bands 1 to 10...
Finished solving for bands 1 to 10 after 7 iterations.
Solving for bands 11 to 20...
Finished solving for bands 11 to 20 after 8 iterations.
Solving for bands 21 to 30...
Finished solving for bands 21 to 30 after 8 iterations.
Solving for bands 31 to 40...
Finished solving for bands 31 to 40 after 17 iterations.
Finished k-point with 10 mean iterations/band.
freqs:, 606, 0.5, 0.49505, 0, 0.703615, 0.319189, 0.319201, 0.408745, 0.40877, 0.462765, 0.462819, 0.46531, 0.465345, 0.572253, 0.572315, 0.592968, 0.592997, 0.615872, 0.61589, 0.62375, 0.623782, 0.634602, 0.634615, 0.647248, 0.647259, 0.659911, 0.659929, 0.681761, 0.68177, 0.700586, 0.700589, 0.721701, 0.721703, 0.735209, 0.735259, 0.768143, 0.768166, 0.780621, 0.780632, 0.800698, 0.800721, 0.808147, 0.808154, 0.832683, 0.8327
elapsed time for k point: 7 seconds.
solve_kpoint (0.5,0.5,0):
Solving for bands 1 to 10...
Finished solving for bands 1 to 10 after 7 iterations.
Solving for bands 11 to 20...
Finished solving for bands 11 to 20 after 8 iterations.
Solving for bands 21 to 30...
Finished solving for bands 21 to 30 after 8 iterations.
Solving for bands 31 to 40...
Finished solving for bands 31 to 40 after 17 iterations.
Finished k-point with 10 mean iterations/band.
freqs:, 607, 0.5, 0.5, 0, 0.707107, 0.319211, 0.319223, 0.408762, 0.408787, 0.462809, 0.462865, 0.465221, 0.465258, 0.572258, 0.572319, 0.592968, 0.592997, 0.615907, 0.615924, 0.623714, 0.623747, 0.634606, 0.63462, 0.647238, 0.647248, 0.659906, 0.659925, 0.681761, 0.68177, 0.700596, 0.700599, 0.721701, 0.721703, 0.73521, 0.73526, 0.768143, 0.768167, 0.780624, 0.780635, 0.800701, 0.800723, 0.808148, 0.808155, 0.832709, 0.832725
elapsed time for k point: 6 seconds.
solve_kpoint (0.5,0.5,0.0049505):
Solving for bands 1 to 10...
Finished solving for bands 1 to 10 after 11 iterations.
Solving for bands 11 to 20...
Finished solving for bands 11 to 20 after 9 iterations.
Solving for bands 21 to 30...
Finished solving for bands 21 to 30 after 9 iterations.
Solving for bands 31 to 40...
Finished solving for bands 31 to 40 after 12 iterations.
Finished k-point with 10.25 mean iterations/band.
freqs:, 608, 0.5, 0.5, 0.0049505, 0.707124, 0.319216, 0.319228, 0.407547, 0.41001, 0.462814, 0.46287, 0.465112, 0.465383, 0.572244, 0.572305, 0.592923, 0.592952, 0.615935, 0.615953, 0.623092, 0.624366, 0.63346, 0.635763, 0.647263, 0.647273, 0.659683, 0.660153, 0.681174, 0.682355, 0.700594, 0.700597, 0.721385, 0.722019, 0.735208, 0.735257, 0.768144, 0.768167, 0.780532, 0.780727, 0.800232, 0.801194, 0.808144, 0.808151, 0.832704, 0.832721
elapsed time for k point: 7 seconds.
solve_kpoint (0.5,0.5,0.00990099):
Solving for bands 1 to 10...
Finished solving for bands 1 to 10 after 11 iterations.
Solving for bands 11 to 20...
Finished solving for bands 11 to 20 after 9 iterations.
Solving for bands 21 to 30...
Finished solving for bands 21 to 30 after 9 iterations.
Solving for bands 31 to 40...
Finished solving for bands 31 to 40 after 12 iterations.
Finished k-point with 10.25 mean iterations/band.
freqs:, 609, 0.5, 0.5, 0.00990099, 0.707176, 0.319232, 0.319244, 0.406332, 0.41125, 0.462828, 0.462884, 0.465002, 0.465539, 0.572201, 0.572263, 0.59279, 0.59282, 0.616018, 0.616039, 0.62245, 0.624999, 0.632307, 0.636909, 0.647339, 0.647349, 0.659456, 0.660389, 0.68058, 0.68294, 0.700587, 0.70059, 0.72107, 0.722336, 0.735199, 0.735249, 0.768146, 0.768169, 0.780432, 0.780828, 0.799755, 0.80168, 0.808132, 0.808138, 0.83269, 0.832707
elapsed time for k point: 7 seconds.
solve_kpoint (0.5,0.5,0.0148515):
Solving for bands 1 to 10...
Finished solving for bands 1 to 10 after 11 iterations.
Solving for bands 11 to 20...
Finished solving for bands 11 to 20 after 9 iterations.
Solving for bands 21 to 30...
Finished solving for bands 21 to 30 after 9 iterations.
Solving for bands 31 to 40...
Finished solving for bands 31 to 40 after 12 iterations.
Finished k-point with 10.25 mean iterations/band.
freqs:, 610, 0.5, 0.5, 0.0148515, 0.707263, 0.319258, 0.319271, 0.405125, 0.412497, 0.462851, 0.462908, 0.464908, 0.465711, 0.572131, 0.572192, 0.59257, 0.592602, 0.616155, 0.616179, 0.621806, 0.625629, 0.631153, 0.638049, 0.647466, 0.647476, 0.659235, 0.660627, 0.679984, 0.683523, 0.700575, 0.700579, 0.720756, 0.722654, 0.735186, 0.735236, 0.76815, 0.768173, 0.780331, 0.780928, 0.799281, 0.802168, 0.808111, 0.808117, 0.832668, 0.832685
elapsed time for k point: 6 seconds.
solve_kpoint (0.5,0.5,0.019802):
Solving for bands 1 to 10...
Finished solving for bands 1 to 10 after 11 iterations.
Solving for bands 11 to 20...
Finished solving for bands 11 to 20 after 10 iterations.
Solving for bands 21 to 30...
Finished solving for bands 21 to 30 after 9 iterations.
Solving for bands 31 to 40...
Finished solving for bands 31 to 40 after 12 iterations.
Finished k-point with 10.5 mean iterations/band.
freqs:, 611, 0.5, 0.5, 0.019802, 0.707384, 0.319295, 0.319307, 0.403927, 0.413751, 0.462884, 0.46294, 0.46483, 0.465899, 0.572034, 0.572095, 0.592268, 0.592301, 0.616343, 0.61637, 0.621158, 0.626255, 0.630001, 0.639181, 0.647642, 0.647652, 0.659022, 0.660864, 0.679385, 0.684103, 0.700559, 0.700564, 0.720443, 0.722972, 0.735167, 0.735217, 0.768154, 0.768178, 0.78023, 0.781029, 0.79881, 0.802659, 0.808082, 0.808089, 0.832637, 0.832655
elapsed time for k point: 7 seconds.
solve_kpoint (0.5,0.5,0.0247525):
Solving for bands 1 to 10...
Finished solving for bands 1 to 10 after 11 iterations.
Solving for bands 11 to 20...
Finished solving for bands 11 to 20 after 10 iterations.
Solving for bands 21 to 30...
Finished solving for bands 21 to 30 after 9 iterations.
Solving for bands 31 to 40...
Finished solving for bands 31 to 40 after 12 iterations.
Finished k-point with 10.5 mean iterations/band.
freqs:, 612, 0.5, 0.5, 0.0247525, 0.70754, 0.319343, 0.319355, 0.402738, 0.415013, 0.462926, 0.462983, 0.464767, 0.466103, 0.571908, 0.571969, 0.591887, 0.591922, 0.616578, 0.61661, 0.620507, 0.626879, 0.62885, 0.640302, 0.647867, 0.647877, 0.658821, 0.661102, 0.678784, 0.68468, 0.700538, 0.700543, 0.720132, 0.72329, 0.735143, 0.735192, 0.76816, 0.768184, 0.78013, 0.781128, 0.798342, 0.803153, 0.808045, 0.808052, 0.832599, 0.832617
elapsed time for k point: 7 seconds.
solve_kpoint (0.5,0.5,0.029703):
Solving for bands 1 to 10...
Finished solving for bands 1 to 10 after 11 iterations.
Solving for bands 11 to 20...
Finished solving for bands 11 to 20 after 11 iterations.
Solving for bands 21 to 30...
Finished solving for bands 21 to 30 after 9 iterations.
Solving for bands 31 to 40...
Finished solving for bands 31 to 40 after 12 iterations.
Finished k-point with 10.75 mean iterations/band.
freqs:, 613, 0.5, 0.5, 0.029703, 0.70773, 0.3194, 0.319412, 0.401557, 0.416282, 0.462978, 0.463034, 0.464719, 0.466322, 0.571756, 0.571817, 0.591432, 0.59147, 0.616857, 0.616892, 0.619854, 0.627499, 0.627702, 0.641408, 0.64814, 0.64815, 0.658635, 0.661338, 0.678179, 0.685255, 0.700512, 0.700519, 0.719821, 0.723608, 0.735113, 0.735162, 0.768168, 0.768191, 0.78003, 0.781227, 0.797878, 0.80365, 0.808001, 0.808007, 0.832555, 0.832573
elapsed time for k point: 7 seconds.
solve_kpoint (0.5,0.5,0.0346535):
Solving for bands 1 to 10...
Finished solving for bands 1 to 10 after 11 iterations.
Solving for bands 11 to 20...
Finished solving for bands 11 to 20 after 11 iterations.
Solving for bands 21 to 30...
Finished solving for bands 21 to 30 after 9 iterations.
Solving for bands 31 to 40...
Finished solving for bands 31 to 40 after 12 iterations.
Finished k-point with 10.75 mean iterations/band.
freqs:, 614, 0.5, 0.5, 0.0346535, 0.707955, 0.319468, 0.319481, 0.400386, 0.417557, 0.463039, 0.463095, 0.464687, 0.466557, 0.571577, 0.571638, 0.59091, 0.590949, 0.617174, 0.617214, 0.619197, 0.626556, 0.628116, 0.642493, 0.648458, 0.648469, 0.658468, 0.661573, 0.677572, 0.685827, 0.700482, 0.700489, 0.719512, 0.723926, 0.735078, 0.735127, 0.768176, 0.7682, 0.77993, 0.781326, 0.797416, 0.804148, 0.807949, 0.807955, 0.832505, 0.832524
elapsed time for k point: 7 seconds.
solve_kpoint (0.5,0.5,0.039604):
Solving for bands 1 to 10...
Finished solving for bands 1 to 10 after 11 iterations.
Solving for bands 11 to 20...
Finished solving for bands 11 to 20 after 11 iterations.
Solving for bands 21 to 30...
Finished solving for bands 21 to 30 after 9 iterations.
Solving for bands 31 to 40...
Finished solving for bands 31 to 40 after 12 iterations.
Finished k-point with 10.75 mean iterations/band.
freqs:, 615, 0.5, 0.5, 0.039604, 0.708215, 0.319547, 0.319559, 0.399225, 0.418839, 0.46311, 0.463166, 0.46467, 0.466807, 0.571372, 0.571432, 0.590325, 0.590366, 0.617527, 0.61757, 0.618538, 0.625414, 0.62873, 0.643551, 0.648822, 0.648833, 0.658328, 0.661807, 0.676962, 0.686396, 0.700448, 0.700456, 0.719205, 0.724243, 0.735038, 0.735087, 0.768185, 0.768209, 0.77983, 0.781424, 0.796958, 0.80465, 0.80789, 0.807896, 0.83245, 0.83247
elapsed time for k point: 7 seconds.
solve_kpoint (0.5,0.5,0.0445545):
Solving for bands 1 to 10...
Finished solving for bands 1 to 10 after 11 iterations.
Solving for bands 11 to 20...
Finished solving for bands 11 to 20 after 12 iterations.
Solving for bands 21 to 30...
Finished solving for bands 21 to 30 after 9 iterations.
Solving for bands 31 to 40...
Finished solving for bands 31 to 40 after 11 iterations.
Finished k-point with 10.75 mean iterations/band.
freqs:, 616, 0.5, 0.5, 0.0445545, 0.708509, 0.319636, 0.319648, 0.398073, 0.420127, 0.463189, 0.463245, 0.464669, 0.467073, 0.571141, 0.571201, 0.589682, 0.589725, 0.617875, 0.617912, 0.617956, 0.624276, 0.629341, 0.644573, 0.649228, 0.64924, 0.658224, 0.662038, 0.67635, 0.686963, 0.700408, 0.700417, 0.7189, 0.724561, 0.734993, 0.735042, 0.768195, 0.768219, 0.779731, 0.781521, 0.796503, 0.805154, 0.807823, 0.807829, 0.832393, 0.832412
elapsed time for k point: 7 seconds.
solve_kpoint (0.5,0.5,0.049505):
Solving for bands 1 to 10...
Finished solving for bands 1 to 10 after 11 iterations.
Solving for bands 11 to 20...
Finished solving for bands 11 to 20 after 12 iterations.
Solving for bands 21 to 30...
Finished solving for bands 21 to 30 after 9 iterations.
Solving for bands 31 to 40...
Finished solving for bands 31 to 40 after 11 iterations.
Finished k-point with 10.75 mean iterations/band.
freqs:, 617, 0.5, 0.5, 0.049505, 0.708838, 0.319735, 0.319747, 0.396931, 0.421421, 0.463278, 0.463334, 0.464683, 0.467353, 0.570885, 0.570945, 0.588988, 0.589032, 0.617211, 0.618321, 0.618369, 0.623142, 0.629948, 0.645549, 0.649676, 0.649687, 0.658165, 0.662268, 0.675734, 0.687528, 0.700364, 0.700374, 0.718596, 0.724877, 0.734943, 0.734991, 0.768206, 0.76823, 0.779632, 0.781616, 0.796051, 0.805659, 0.80775, 0.807756, 0.832332, 0.832352
elapsed time for k point: 7 seconds.
solve_kpoint (0.5,0.5,0.0544554):
Solving for bands 1 to 10...
Finished solving for bands 1 to 10 after 11 iterations.
Solving for bands 11 to 20...
Finished solving for bands 11 to 20 after 12 iterations.
Solving for bands 21 to 30...
Finished solving for bands 21 to 30 after 9 iterations.
Solving for bands 31 to 40...
Finished solving for bands 31 to 40 after 11 iterations.
Finished k-point with 10.75 mean iterations/band.
freqs:, 618, 0.5, 0.5, 0.0544554, 0.709201, 0.319844, 0.319856, 0.395798, 0.42272, 0.463377, 0.463433, 0.464713, 0.46765, 0.570604, 0.570664, 0.588246, 0.588292, 0.616543, 0.618754, 0.618805, 0.622013, 0.630552, 0.646463, 0.650162, 0.650174, 0.658166, 0.662495, 0.675116, 0.68809, 0.700316, 0.700326, 0.718295, 0.725193, 0.734888, 0.734936, 0.768217, 0.768242, 0.779534, 0.781711, 0.795602, 0.806168, 0.807671, 0.807677, 0.832271, 0.832291
elapsed time for k point: 7 seconds.
solve_kpoint (0.5,0.5,0.0594059):
Solving for bands 1 to 10...
Finished solving for bands 1 to 10 after 11 iterations.
Solving for bands 11 to 20...
Finished solving for bands 11 to 20 after 13 iterations.
Solving for bands 21 to 30...
Finished solving for bands 21 to 30 after 9 iterations.
Solving for bands 31 to 40...
Finished solving for bands 31 to 40 after 11 iterations.
Finished k-point with 11 mean iterations/band.
freqs:, 619, 0.5, 0.5, 0.0594059, 0.709598, 0.319964, 0.319976, 0.394676, 0.424025, 0.463484, 0.46354, 0.464757, 0.467961, 0.5703, 0.57036, 0.587462, 0.587509, 0.615873, 0.619208, 0.61926, 0.620889, 0.631152, 0.647299, 0.650686, 0.650698, 0.658245, 0.66272, 0.674496, 0.688649, 0.700263, 0.700274, 0.717996, 0.725508, 0.734828, 0.734876, 0.768229, 0.768253, 0.779436, 0.781804, 0.795157, 0.806678, 0.807586, 0.807592, 0.832209, 0.83223
elapsed time for k point: 8 seconds.
solve_kpoint (0.5,0.5,0.0643564):
Solving for bands 1 to 10...
Finished solving for bands 1 to 10 after 11 iterations.
Solving for bands 11 to 20...
Finished solving for bands 11 to 20 after 13 iterations.
Solving for bands 21 to 30...
Finished solving for bands 21 to 30 after 9 iterations.
Solving for bands 31 to 40...
Finished solving for bands 31 to 40 after 11 iterations.
Finished k-point with 11 mean iterations/band.
freqs:, 620, 0.5, 0.5, 0.0643564, 0.710029, 0.320093, 0.320105, 0.393564, 0.425336, 0.463601, 0.463657, 0.464817, 0.468287, 0.569973, 0.570033, 0.586639, 0.586687, 0.615199, 0.619679, 0.619733, 0.61977, 0.631749, 0.648037, 0.651245, 0.651257, 0.658419, 0.662943, 0.673873, 0.689206, 0.700205, 0.700217, 0.717699, 0.725822, 0.734764, 0.734812, 0.76824, 0.768265, 0.779338, 0.781896, 0.794715, 0.80719, 0.807496, 0.807502, 0.832149, 0.832169
elapsed time for k point: 7 seconds.
solve_kpoint (0.5,0.5,0.0693069):
Solving for bands 1 to 10...
Finished solving for bands 1 to 10 after 11 iterations.
Solving for bands 11 to 20...
Finished solving for bands 11 to 20 after 13 iterations.
Solving for bands 21 to 30...
Finished solving for bands 21 to 30 after 9 iterations.
Solving for bands 31 to 40...
Finished solving for bands 31 to 40 after 10 iterations.
Finished k-point with 10.75 mean iterations/band.
freqs:, 621, 0.5, 0.5, 0.0693069, 0.710495, 0.320233, 0.320245, 0.392463, 0.426651, 0.463728, 0.463783, 0.464892, 0.468629, 0.569624, 0.569683, 0.585781, 0.58583, 0.614523, 0.618657, 0.620165, 0.620221, 0.632342, 0.64866, 0.651836, 0.651848, 0.658708, 0.663163, 0.673247, 0.689761, 0.700142, 0.700156, 0.717404, 0.726135, 0.734695, 0.734742, 0.768252, 0.768277, 0.779241, 0.781986, 0.794277, 0.807401, 0.807406, 0.807703, 0.83209, 0.832111
elapsed time for k point: 7 seconds.
solve_kpoint (0.5,0.5,0.0742574):
Solving for bands 1 to 10...
Finished solving for bands 1 to 10 after 11 iterations.
Solving for bands 11 to 20...
Finished solving for bands 11 to 20 after 13 iterations.
Solving for bands 21 to 30...
Finished solving for bands 21 to 30 after 9 iterations.
Solving for bands 31 to 40...
Finished solving for bands 31 to 40 after 10 iterations.
Finished k-point with 10.75 mean iterations/band.
freqs:, 622, 0.5, 0.5, 0.0742574, 0.710995, 0.320382, 0.320394, 0.391372, 0.427971, 0.463863, 0.463919, 0.464982, 0.468985, 0.569253, 0.569312, 0.584892, 0.584942, 0.613845, 0.617549, 0.620665, 0.620722, 0.632932, 0.649153, 0.652458, 0.652471, 0.659124, 0.66338, 0.672619, 0.690313, 0.700075, 0.70009, 0.717112, 0.726446, 0.734622, 0.734669, 0.768263, 0.768288, 0.779145, 0.782075, 0.793842, 0.807301, 0.807307, 0.808218, 0.832033, 0.832054
elapsed time for k point: 7 seconds.
solve_kpoint (0.5,0.5,0.0792079):
Solving for bands 1 to 10...
Finished solving for bands 1 to 10 after 11 iterations.
Solving for bands 11 to 20...
Finished solving for bands 11 to 20 after 13 iterations.
Solving for bands 21 to 30...
Finished solving for bands 21 to 30 after 9 iterations.
Solving for bands 31 to 40...
Finished solving for bands 31 to 40 after 10 iterations.
Finished k-point with 10.75 mean iterations/band.
freqs:, 623, 0.5, 0.5, 0.0792079, 0.711529, 0.320541, 0.320553, 0.390292, 0.429295, 0.464008, 0.464063, 0.465086, 0.469356, 0.568861, 0.568921, 0.583975, 0.584025, 0.613163, 0.616448, 0.621175, 0.621234, 0.633517, 0.649512, 0.653109, 0.653122, 0.659672, 0.663594, 0.671989, 0.690863, 0.700004, 0.700019, 0.716823, 0.726756, 0.734545, 0.734591, 0.768274, 0.768299, 0.779049, 0.782161, 0.793411, 0.807198, 0.807203, 0.808734, 0.83198, 0.832001
elapsed time for k point: 7 seconds.
solve_kpoint (0.5,0.5,0.0841584):
Solving for bands 1 to 10...
Finished solving for bands 1 to 10 after 11 iterations.
Solving for bands 11 to 20...
Finished solving for bands 11 to 20 after 13 iterations.
Solving for bands 21 to 30...
Finished solving for bands 21 to 30 after 9 iterations.
Solving for bands 31 to 40...
Finished solving for bands 31 to 40 after 10 iterations.
Finished k-point with 10.75 mean iterations/band.
freqs:, 624, 0.5, 0.5, 0.0841584, 0.712097, 0.32071, 0.320722, 0.389223, 0.430624, 0.464161, 0.464217, 0.465205, 0.469742, 0.56845, 0.568509, 0.583033, 0.583083, 0.612479, 0.615353, 0.621696, 0.621756, 0.634098, 0.649742, 0.653786, 0.653799, 0.660348, 0.663806, 0.671356, 0.691411, 0.699927, 0.699944, 0.716536, 0.727065, 0.734463, 0.734509, 0.768284, 0.768309, 0.778954, 0.782245, 0.792983, 0.807091, 0.807097, 0.809251, 0.831931, 0.831953
elapsed time for k point: 7 seconds.
solve_kpoint (0.5,0.5,0.0891089):
Solving for bands 1 to 10...
Finished solving for bands 1 to 10 after 10 iterations.
Solving for bands 11 to 20...
Finished solving for bands 11 to 20 after 13 iterations.
Solving for bands 21 to 30...
Finished solving for bands 21 to 30 after 9 iterations.
Solving for bands 31 to 40...
Finished solving for bands 31 to 40 after 10 iterations.
Finished k-point with 10.5 mean iterations/band.
freqs:, 625, 0.5, 0.5, 0.0891089, 0.712699, 0.320889, 0.320901, 0.388165, 0.431956, 0.464324, 0.46438, 0.465339, 0.470142, 0.568019, 0.568078, 0.582067, 0.582118, 0.611792, 0.614264, 0.622225, 0.622286, 0.634676, 0.649856, 0.654488, 0.6545, 0.661136, 0.664015, 0.670722, 0.691957, 0.699846, 0.699864, 0.716252, 0.727371, 0.734378, 0.734424, 0.768293, 0.768319, 0.77886, 0.782326, 0.792559, 0.806982, 0.806987, 0.809768, 0.831887, 0.831908
elapsed time for k point: 7 seconds.
solve_kpoint (0.5,0.5,0.0940594):
Solving for bands 1 to 10...
Finished solving for bands 1 to 10 after 11 iterations.
Solving for bands 11 to 20...
Finished solving for bands 11 to 20 after 13 iterations.
Solving for bands 21 to 30...
Finished solving for bands 21 to 30 after 9 iterations.
Solving for bands 31 to 40...
Finished solving for bands 31 to 40 after 10 iterations.
Finished k-point with 10.75 mean iterations/band.
freqs:, 626, 0.5, 0.5, 0.0940594, 0.713335, 0.321077, 0.321089, 0.387119, 0.433292, 0.464496, 0.464552, 0.465487, 0.470557, 0.56757, 0.567628, 0.581081, 0.581132, 0.611103, 0.613182, 0.622763, 0.622824, 0.635248, 0.649873, 0.655212, 0.655224, 0.66202, 0.66422, 0.670086, 0.6925, 0.699761, 0.699779, 0.715972, 0.727676, 0.734289, 0.734334, 0.768301, 0.768327, 0.778766, 0.782405, 0.792138, 0.80687, 0.806876, 0.810285, 0.831848, 0.831869
elapsed time for k point: 7 seconds.
solve_kpoint (0.5,0.5,0.0990099):
Solving for bands 1 to 10...
Finished solving for bands 1 to 10 after 8 iterations.
Solving for bands 11 to 20...
Finished solving for bands 11 to 20 after 12 iterations.
Solving for bands 21 to 30...
Finished solving for bands 21 to 30 after 9 iterations.
Solving for bands 31 to 40...
Finished solving for bands 31 to 40 after 10 iterations.
Finished k-point with 9.75 mean iterations/band.
freqs:, 627, 0.5, 0.5, 0.0990099, 0.714005, 0.321274, 0.321286, 0.386083, 0.434631, 0.464677, 0.464733, 0.46565, 0.470986, 0.567103, 0.567161, 0.580076, 0.580128, 0.610411, 0.612107, 0.623307, 0.623368, 0.635817, 0.649809, 0.655956, 0.655969, 0.662982, 0.664423, 0.669448, 0.693041, 0.699671, 0.69969, 0.715694, 0.727978, 0.734197, 0.734241, 0.768307, 0.768333, 0.778672, 0.782481, 0.791721, 0.806757, 0.806763, 0.810801, 0.831814, 0.831835
elapsed time for k point: 6 seconds.
solve_kpoint (0.5,0.5,0.10396):
Solving for bands 1 to 10...
Finished solving for bands 1 to 10 after 12 iterations.
Solving for bands 11 to 20...
Finished solving for bands 11 to 20 after 12 iterations.
Solving for bands 21 to 30...
Finished solving for bands 21 to 30 after 8 iterations.
Solving for bands 31 to 40...
Finished solving for bands 31 to 40 after 10 iterations.
Finished k-point with 10.5 mean iterations/band.
freqs:, 628, 0.5, 0.5, 0.10396, 0.714708, 0.32148, 0.321492, 0.385059, 0.435974, 0.464867, 0.464923, 0.465827, 0.471429, 0.566618, 0.566677, 0.579055, 0.579107, 0.609716, 0.61104, 0.623857, 0.623919, 0.63638, 0.64968, 0.656719, 0.656731, 0.664006, 0.664623, 0.668808, 0.693579, 0.699576, 0.699596, 0.71542, 0.728278, 0.734101, 0.734145, 0.768311, 0.768337, 0.77858, 0.782553, 0.791308, 0.806643, 0.806649, 0.811314, 0.831787, 0.831807
elapsed time for k point: 7 seconds.
solve_kpoint (0.5,0.5,0.108911):
Solving for bands 1 to 10...
Finished solving for bands 1 to 10 after 8 iterations.
Solving for bands 11 to 20...
Finished solving for bands 11 to 20 after 11 iterations.
Solving for bands 21 to 30...
Finished solving for bands 21 to 30 after 9 iterations.
Solving for bands 31 to 40...
Finished solving for bands 31 to 40 after 10 iterations.
Finished k-point with 9.5 mean iterations/band.
freqs:, 629, 0.5, 0.5, 0.108911, 0.715445, 0.321696, 0.321708, 0.384047, 0.437319, 0.465066, 0.465122, 0.466018, 0.471886, 0.566118, 0.566176, 0.578019, 0.578071, 0.609019, 0.60998, 0.624412, 0.624475, 0.636938, 0.6495, 0.657498, 0.657511, 0.664819, 0.665079, 0.668167, 0.694116, 0.699476, 0.699497, 0.715149, 0.728576, 0.734002, 0.734046, 0.768314, 0.76834, 0.778488, 0.782622, 0.790899, 0.806529, 0.806534, 0.811823, 0.831765, 0.831785
elapsed time for k point: 6 seconds.
solve_kpoint (0.5,0.5,0.113861):
Solving for bands 1 to 10...
Finished solving for bands 1 to 10 after 12 iterations.
Solving for bands 11 to 20...
Finished solving for bands 11 to 20 after 11 iterations.
Solving for bands 21 to 30...
Finished solving for bands 21 to 30 after 8 iterations.
Solving for bands 31 to 40...
Finished solving for bands 31 to 40 after 11 iterations.
Finished k-point with 10.5 mean iterations/band.
freqs:, 630, 0.5, 0.5, 0.113861, 0.716215, 0.321921, 0.321932, 0.383046, 0.438666, 0.465274, 0.46533, 0.466223, 0.472357, 0.565602, 0.56566, 0.57697, 0.577022, 0.608319, 0.608928, 0.624973, 0.625036, 0.637491, 0.649278, 0.658292, 0.658305, 0.665014, 0.66619, 0.667526, 0.69465, 0.699372, 0.699394, 0.714882, 0.728871, 0.7339, 0.733943, 0.768313, 0.76834, 0.778397, 0.782687, 0.790493, 0.806415, 0.80642, 0.812326, 0.831749, 0.83177
elapsed time for k point: 7 seconds.
solve_kpoint (0.5,0.5,0.118812):
Solving for bands 1 to 10...
Finished solving for bands 1 to 10 after 8 iterations.
Solving for bands 11 to 20...
Finished solving for bands 11 to 20 after 10 iterations.
Solving for bands 21 to 30...
Finished solving for bands 21 to 30 after 8 iterations.
Solving for bands 31 to 40...
    iteration   24: trace = 6.367617119867401 (0.000255027% change)
    iteration   49: trace = 6.367032641434813 (0.000484096% change)
    iteration   74: trace = 6.358179825900133 (0.0113397% change)
    iteration   99: trace = 6.356328869113841 (0.00135815% change)
    iteration  124: trace = 6.355290536069476 (9.14521e-05% change)
Finished solving for bands 31 to 40 after 143 iterations.
Finished k-point with 42.25 mean iterations/band.
freqs:, 631, 0.5, 0.5, 0.118812, 0.717019, 0.322154, 0.322166, 0.382057, 0.440015, 0.465491, 0.465547, 0.466441, 0.472841, 0.565072, 0.565129, 0.57591, 0.575962, 0.607614, 0.607885, 0.625538, 0.625602, 0.638038, 0.649022, 0.6591, 0.659112, 0.665205, 0.666883, 0.667332, 0.695182, 0.699264, 0.699287, 0.714618, 0.729163, 0.733795, 0.733838, 0.768311, 0.768338, 0.778307, 0.782748, 0.790091, 0.806301, 0.806307, 0.812818, 0.825721, 0.830163
elapsed time for k point: 28 seconds.
solve_kpoint (0.5,0.5,0.123762):
Solving for bands 1 to 10...
Finished solving for bands 1 to 10 after 12 iterations.
Solving for bands 11 to 20...
Finished solving for bands 11 to 20 after 10 iterations.
Solving for bands 21 to 30...
Finished solving for bands 21 to 30 after 8 iterations.
Solving for bands 31 to 40...
Finished solving for bands 31 to 40 after 9 iterations.
Finished k-point with 9.75 mean iterations/band.
freqs:, 632, 0.5, 0.5, 0.123762, 0.717856, 0.322396, 0.322408, 0.38108, 0.441367, 0.465717, 0.465772, 0.466673, 0.473339, 0.564526, 0.564584, 0.574839, 0.574891, 0.606827, 0.606931, 0.626107, 0.626171, 0.638578, 0.648739, 0.659919, 0.659932, 0.665393, 0.666241, 0.668497, 0.695712, 0.699151, 0.699175, 0.714358, 0.729452, 0.733687, 0.73373, 0.768305, 0.768332, 0.778217, 0.782804, 0.789694, 0.80619, 0.806195, 0.813291, 0.824311, 0.829717
elapsed time for k point: 6 seconds.
solve_kpoint (0.5,0.5,0.128713):
Solving for bands 1 to 10...
Finished solving for bands 1 to 10 after 7 iterations.
Solving for bands 11 to 20...
Finished solving for bands 11 to 20 after 10 iterations.
Solving for bands 21 to 30...
Finished solving for bands 21 to 30 after 8 iterations.
Solving for bands 31 to 40...
Finished solving for bands 31 to 40 after 9 iterations.
Finished k-point with 8.5 mean iterations/band.
freqs:, 633, 0.5, 0.5, 0.128713, 0.718726, 0.322646, 0.322658, 0.380115, 0.442719, 0.465952, 0.466007, 0.466919, 0.47385, 0.563968, 0.564026, 0.573758, 0.57381, 0.60581, 0.606213, 0.62668, 0.626745, 0.639112, 0.648432, 0.660748, 0.660761, 0.665578, 0.6656, 0.669682, 0.69624, 0.699033, 0.699058, 0.714102, 0.729739, 0.733577, 0.733619, 0.768297, 0.768324, 0.778129, 0.782856, 0.7893, 0.80608, 0.806086, 0.813735, 0.822935, 0.829275
elapsed time for k point: 6 seconds.
solve_kpoint (0.5,0.5,0.133663):
Solving for bands 1 to 10...
Finished solving for bands 1 to 10 after 12 iterations.
Solving for bands 11 to 20...
Finished solving for bands 11 to 20 after 9 iterations.
Solving for bands 21 to 30...
Finished solving for bands 21 to 30 after 8 iterations.
Solving for bands 31 to 40...
Finished solving for bands 31 to 40 after 9 iterations.
Finished k-point with 9.5 mean iterations/band.
freqs:, 634, 0.5, 0.5, 0.133663, 0.719629, 0.322905, 0.322917, 0.379162, 0.444073, 0.466195, 0.46625, 0.467177, 0.474374, 0.563397, 0.563454, 0.57267, 0.572723, 0.60479, 0.605503, 0.627257, 0.627321, 0.639639, 0.648106, 0.661586, 0.661598, 0.664959, 0.66576, 0.670883, 0.696766, 0.698911, 0.698937, 0.71385, 0.730021, 0.733465, 0.733506, 0.768284, 0.768312, 0.778041, 0.782902, 0.78891, 0.805973, 0.805979, 0.814126, 0.821618, 0.828838
elapsed time for k point: 6 seconds.
solve_kpoint (0.5,0.5,0.138614):
Solving for bands 1 to 10...
Finished solving for bands 1 to 10 after 7 iterations.
Solving for bands 11 to 20...
Finished solving for bands 11 to 20 after 9 iterations.
Solving for bands 21 to 30...
Finished solving for bands 21 to 30 after 8 iterations.
Solving for bands 31 to 40...
Finished solving for bands 31 to 40 after 9 iterations.
Finished k-point with 8.25 mean iterations/band.
freqs:, 635, 0.5, 0.5, 0.138614, 0.720565, 0.323172, 0.323184, 0.378222, 0.445428, 0.466447, 0.466502, 0.467449, 0.47491, 0.562813, 0.56287, 0.571575, 0.571628, 0.603778, 0.604792, 0.627837, 0.627901, 0.640157, 0.647762, 0.662431, 0.662443, 0.66432, 0.665939, 0.672097, 0.697289, 0.698785, 0.698812, 0.713602, 0.730301, 0.733351, 0.733391, 0.768269, 0.768296, 0.777954, 0.782943, 0.788524, 0.805869, 0.805875, 0.814416, 0.820408, 0.828405
elapsed time for k point: 6 seconds.
solve_kpoint (0.5,0.5,0.143564):
Solving for bands 1 to 10...
Finished solving for bands 1 to 10 after 12 iterations.
Solving for bands 11 to 20...
Finished solving for bands 11 to 20 after 9 iterations.
Solving for bands 21 to 30...
Finished solving for bands 21 to 30 after 8 iterations.
Solving for bands 31 to 40...
Finished solving for bands 31 to 40 after 9 iterations.
Finished k-point with 9.5 mean iterations/band.
freqs:, 636, 0.5, 0.5, 0.143564, 0.721534, 0.323447, 0.323459, 0.377293, 0.446783, 0.466708, 0.466763, 0.467734, 0.47546, 0.562218, 0.562275, 0.570475, 0.570527, 0.602775, 0.604079, 0.628419, 0.628484, 0.640667, 0.647404, 0.663282, 0.663294, 0.663684, 0.666115, 0.673322, 0.697811, 0.698655, 0.698683, 0.713358, 0.730577, 0.733234, 0.733274, 0.768249, 0.768277, 0.777867, 0.782977, 0.788143, 0.805769, 0.805776, 0.814508, 0.819401, 0.827977
elapsed time for k point: 6 seconds.
solve_kpoint (0.5,0.5,0.148515):
Solving for bands 1 to 10...
Finished solving for bands 1 to 10 after 7 iterations.
Solving for bands 11 to 20...
Finished solving for bands 11 to 20 after 9 iterations.
Solving for bands 21 to 30...
Finished solving for bands 21 to 30 after 8 iterations.
Solving for bands 31 to 40...
Finished solving for bands 31 to 40 after 9 iterations.
Finished k-point with 8.25 mean iterations/band.
freqs:, 637, 0.5, 0.5, 0.148515, 0.722535, 0.323729, 0.323741, 0.376377, 0.448139, 0.466977, 0.467032, 0.468031, 0.476021, 0.561611, 0.561668, 0.56937, 0.569422, 0.60178, 0.603364, 0.629005, 0.62907, 0.641166, 0.647033, 0.664137, 0.664149, 0.663051, 0.666288, 0.674555, 0.698331, 0.698521, 0.69855, 0.713119, 0.730849, 0.733116, 0.733155, 0.768225, 0.768253, 0.777782, 0.783005, 0.787765, 0.805674, 0.80568, 0.814252, 0.818749, 0.827553
elapsed time for k point: 5 seconds.
solve_kpoint (0.5,0.5,0.153465):
Solving for bands 1 to 10...
Finished solving for bands 1 to 10 after 8 iterations.
Solving for bands 11 to 20...
Finished solving for bands 11 to 20 after 9 iterations.
Solving for bands 21 to 30...
Finished solving for bands 21 to 30 after 8 iterations.
Solving for bands 31 to 40...
Finished solving for bands 31 to 40 after 8 iterations.
Finished k-point with 8.25 mean iterations/band.
freqs:, 638, 0.5, 0.5, 0.153465, 0.723569, 0.32402, 0.324031, 0.375474, 0.449494, 0.467255, 0.46731, 0.468341, 0.476595, 0.560995, 0.561051, 0.56826, 0.568312, 0.600794, 0.602647, 0.629593, 0.629658, 0.641654, 0.646651, 0.664996, 0.665008, 0.662423, 0.666458, 0.675796, 0.698382, 0.698412, 0.698848, 0.712884, 0.731117, 0.732996, 0.733035, 0.768197, 0.768225, 0.777697, 0.783026, 0.787392, 0.805583, 0.80559, 0.813565, 0.818535, 0.827134
elapsed time for k point: 6 seconds.
solve_kpoint (0.5,0.5,0.158416):
Solving for bands 1 to 10...
Finished solving for bands 1 to 10 after 12 iterations.
Solving for bands 11 to 20...
Finished solving for bands 11 to 20 after 10 iterations.
Solving for bands 21 to 30...
Finished solving for bands 21 to 30 after 8 iterations.
Solving for bands 31 to 40...
Finished solving for bands 31 to 40 after 8 iterations.
Finished k-point with 9.5 mean iterations/band.
freqs:, 639, 0.5, 0.5, 0.158416, 0.724635, 0.324317, 0.324329, 0.374583, 0.450849, 0.467542, 0.467596, 0.468663, 0.47718, 0.560367, 0.560423, 0.567149, 0.567201, 0.599817, 0.601929, 0.630183, 0.630248, 0.64213, 0.646258, 0.665857, 0.665868, 0.661802, 0.666625, 0.677042, 0.69824, 0.698271, 0.699363, 0.712653, 0.73138, 0.732875, 0.732913, 0.768164, 0.768192, 0.777614, 0.78304, 0.787023, 0.805498, 0.805505, 0.812547, 0.818659, 0.82672
elapsed time for k point: 6 seconds.
solve_kpoint (0.5,0.5,0.163366):
Solving for bands 1 to 10...
Finished solving for bands 1 to 10 after 7 iterations.
Solving for bands 11 to 20...
Finished solving for bands 11 to 20 after 10 iterations.
Solving for bands 21 to 30...
Finished solving for bands 21 to 30 after 8 iterations.
Solving for bands 31 to 40...
Finished solving for bands 31 to 40 after 8 iterations.
Finished k-point with 8.25 mean iterations/band.
freqs:, 640, 0.5, 0.5, 0.163366, 0.725733, 0.324622, 0.324633, 0.373705, 0.452203, 0.467837, 0.467891, 0.468996, 0.477777, 0.55973, 0.559786, 0.566035, 0.566087, 0.598849, 0.601208, 0.630775, 0.63084, 0.642591, 0.645855, 0.666718, 0.66673, 0.661189, 0.666789, 0.678293, 0.698094, 0.698126, 0.699877, 0.712427, 0.73164, 0.732753, 0.73279, 0.768127, 0.768154, 0.777531, 0.783046, 0.786658, 0.805418, 0.805425, 0.811347, 0.818972, 0.826311
elapsed time for k point: 6 seconds.
solve_kpoint (0.5,0.5,0.168317):
Solving for bands 1 to 10...
Finished solving for bands 1 to 10 after 8 iterations.
Solving for bands 11 to 20...
Finished solving for bands 11 to 20 after 11 iterations.
Solving for bands 21 to 30...
Finished solving for bands 21 to 30 after 8 iterations.
Solving for bands 31 to 40...
Finished solving for bands 31 to 40 after 8 iterations.
Finished k-point with 8.75 mean iterations/band.
freqs:, 641, 0.5, 0.5, 0.168317, 0.726864, 0.324933, 0.324945, 0.37284, 0.453555, 0.46814, 0.468194, 0.469342, 0.478385, 0.559084, 0.559141, 0.564919, 0.564971, 0.59789, 0.600486, 0.631369, 0.631434, 0.643035, 0.645444, 0.667579, 0.66759, 0.660587, 0.66695, 0.679548, 0.697945, 0.697978, 0.700388, 0.712206, 0.731895, 0.732629, 0.732666, 0.768084, 0.768112, 0.777449, 0.783044, 0.786298, 0.805345, 0.805352, 0.810057, 0.819384, 0.825908
elapsed time for k point: 5 seconds.
solve_kpoint (0.5,0.5,0.173267):
Solving for bands 1 to 10...
Finished solving for bands 1 to 10 after 13 iterations.
Solving for bands 11 to 20...
    iteration   26: trace = 3.874115646148192 (0.000402271% change)
    iteration   53: trace = 3.873384159621822 (0.000787889% change)
    iteration   80: trace = 3.863043727003988 (0.000547681% change)
    iteration  107: trace = 3.861464095800026 (0.000386055% change)
Finished solving for bands 11 to 20 after 116 iterations.
Solving for bands 21 to 30...
Finished solving for bands 21 to 30 after 12 iterations.
Solving for bands 31 to 40...
Finished solving for bands 31 to 40 after 8 iterations.
Finished k-point with 37.25 mean iterations/band.
freqs:, 642, 0.5, 0.5, 0.173267, 0.728026, 0.325252, 0.325263, 0.371988, 0.454907, 0.468451, 0.468505, 0.469699, 0.479005, 0.558429, 0.558485, 0.563804, 0.563856, 0.596942, 0.599763, 0.631965, 0.632031, 0.643459, 0.645024, 0.659998, 0.667109, 0.668438, 0.66845, 0.680806, 0.697793, 0.697827, 0.700897, 0.71199, 0.732145, 0.732505, 0.732541, 0.768036, 0.768064, 0.777368, 0.783033, 0.785942, 0.805279, 0.805286, 0.808721, 0.81985, 0.825509
elapsed time for k point: 24 seconds.
solve_kpoint (0.5,0.5,0.178218):
Solving for bands 1 to 10...
Finished solving for bands 1 to 10 after 7 iterations.
Solving for bands 11 to 20...
Finished solving for bands 11 to 20 after 8 iterations.
Solving for bands 21 to 30...
Finished solving for bands 21 to 30 after 8 iterations.
Solving for bands 31 to 40...
Finished solving for bands 31 to 40 after 8 iterations.
Finished k-point with 7.75 mean iterations/band.
freqs:, 643, 0.5, 0.5, 0.178218, 0.72922, 0.325576, 0.325588, 0.371148, 0.456256, 0.468771, 0.468825, 0.470067, 0.479635, 0.557766, 0.557822, 0.562689, 0.56274, 0.596003, 0.599038, 0.632563, 0.632628, 0.643861, 0.644598, 0.659424, 0.667265, 0.669296, 0.669307, 0.682066, 0.697638, 0.697673, 0.701404, 0.711779, 0.732378, 0.732392, 0.732414, 0.767983, 0.768011, 0.777288, 0.783013, 0.785591, 0.805219, 0.805227, 0.807361, 0.820348, 0.825115
elapsed time for k point: 5 seconds.
solve_kpoint (0.5,0.5,0.183168):
Solving for bands 1 to 10...
Finished solving for bands 1 to 10 after 8 iterations.
Solving for bands 11 to 20...
Finished solving for bands 11 to 20 after 8 iterations.
Solving for bands 21 to 30...
Finished solving for bands 21 to 30 after 8 iterations.
Solving for bands 31 to 40...
Finished solving for bands 31 to 40 after 8 iterations.
Finished k-point with 8 mean iterations/band.
freqs:, 644, 0.5, 0.5, 0.183168, 0.730446, 0.325907, 0.325919, 0.370321, 0.457603, 0.469099, 0.469153, 0.470447, 0.480275, 0.557095, 0.557152, 0.561574, 0.561625, 0.595074, 0.598311, 0.633162, 0.633227, 0.644159, 0.644241, 0.658871, 0.667417, 0.670149, 0.670161, 0.683329, 0.69748, 0.697516, 0.701909, 0.711573, 0.732253, 0.732287, 0.732631, 0.767924, 0.767953, 0.777209, 0.782984, 0.785244, 0.805167, 0.805175, 0.805989, 0.820867, 0.824726
elapsed time for k point: 5 seconds.
solve_kpoint (0.5,0.5,0.188119):
Solving for bands 1 to 10...
Finished solving for bands 1 to 10 after 14 iterations.
Solving for bands 11 to 20...
Finished solving for bands 11 to 20 after 8 iterations.
Solving for bands 21 to 30...
Finished solving for bands 21 to 30 after 8 iterations.
Solving for bands 31 to 40...
Finished solving for bands 31 to 40 after 8 iterations.
Finished k-point with 9.5 mean iterations/band.
freqs:, 645, 0.5, 0.5, 0.188119, 0.731703, 0.326244, 0.326256, 0.369507, 0.458947, 0.469435, 0.469489, 0.470837, 0.480926, 0.556416, 0.556472, 0.560463, 0.560513, 0.594155, 0.597584, 0.633763, 0.633828, 0.643722, 0.644582, 0.658343, 0.667567, 0.670998, 0.671009, 0.684592, 0.69732, 0.697358, 0.702412, 0.711372, 0.732126, 0.73216, 0.732866, 0.76786, 0.767889, 0.777131, 0.782944, 0.784902, 0.804612, 0.805123, 0.805131, 0.8214, 0.824343
elapsed time for k point: 6 seconds.
solve_kpoint (0.5,0.5,0.193069):
Solving for bands 1 to 10...
Finished solving for bands 1 to 10 after 7 iterations.
Solving for bands 11 to 20...
Finished solving for bands 11 to 20 after 8 iterations.
Solving for bands 21 to 30...
Finished solving for bands 21 to 30 after 8 iterations.
Solving for bands 31 to 40...
Finished solving for bands 31 to 40 after 8 iterations.
Finished k-point with 7.75 mean iterations/band.
freqs:, 646, 0.5, 0.5, 0.193069, 0.732991, 0.326587, 0.326598, 0.368707, 0.460288, 0.469779, 0.469833, 0.471238, 0.481586, 0.55573, 0.555786, 0.559353, 0.559403, 0.593246, 0.596855, 0.634364, 0.634429, 0.643275, 0.644889, 0.657847, 0.667714, 0.671841, 0.671852, 0.685856, 0.697159, 0.697198, 0.702913, 0.711177, 0.731999, 0.732032, 0.733096, 0.767791, 0.767819, 0.777053, 0.782893, 0.784565, 0.803233, 0.805087, 0.805095, 0.821944, 0.823965
elapsed time for k point: 6 seconds.
solve_kpoint (0.5,0.5,0.19802):
Solving for bands 1 to 10...
Finished solving for bands 1 to 10 after 14 iterations.
Solving for bands 11 to 20...
Finished solving for bands 11 to 20 after 7 iterations.
Solving for bands 21 to 30...
Finished solving for bands 21 to 30 after 8 iterations.
Solving for bands 31 to 40...
Finished solving for bands 31 to 40 after 8 iterations.
Finished k-point with 9.25 mean iterations/band.
freqs:, 647, 0.5, 0.5, 0.19802, 0.73431, 0.326935, 0.326947, 0.367919, 0.461626, 0.470131, 0.470185, 0.471648, 0.482255, 0.555036, 0.555092, 0.558247, 0.558297, 0.592347, 0.596125, 0.634967, 0.635032, 0.642822, 0.645152, 0.657388, 0.667859, 0.672676, 0.672687, 0.68712, 0.696997, 0.697036, 0.703412, 0.710987, 0.731871, 0.731904, 0.73332, 0.767715, 0.767743, 0.776977, 0.782832, 0.784233, 0.801856, 0.805059, 0.805067, 0.822495, 0.823592
elapsed time for k point: 6 seconds.
solve_kpoint (0.5,0.5,0.20297):
Solving for bands 1 to 10...
Finished solving for bands 1 to 10 after 7 iterations.
Solving for bands 11 to 20...
Finished solving for bands 11 to 20 after 7 iterations.
Solving for bands 21 to 30...
Finished solving for bands 21 to 30 after 8 iterations.
Solving for bands 31 to 40...
Finished solving for bands 31 to 40 after 8 iterations.
Finished k-point with 7.5 mean iterations/band.
freqs:, 648, 0.5, 0.5, 0.20297, 0.735661, 0.327289, 0.3273, 0.367145, 0.46296, 0.470491, 0.470544, 0.472069, 0.482934, 0.554336, 0.554392, 0.557145, 0.557195, 0.59146, 0.595394, 0.63557, 0.635636, 0.642364, 0.645363, 0.656975, 0.668, 0.673503, 0.673513, 0.688383, 0.696834, 0.696875, 0.703909, 0.710802, 0.731744, 0.731775, 0.733538, 0.767634, 0.767662, 0.776902, 0.782758, 0.783905, 0.800483, 0.805039, 0.805048, 0.823052, 0.823225
elapsed time for k point: 5 seconds.
solve_kpoint (0.5,0.5,0.207921):
Solving for bands 1 to 10...
Finished solving for bands 1 to 10 after 14 iterations.
Solving for bands 11 to 20...
Finished solving for bands 11 to 20 after 7 iterations.
Solving for bands 21 to 30...
Finished solving for bands 21 to 30 after 8 iterations.
Solving for bands 31 to 40...
Finished solving for bands 31 to 40 after 8 iterations.
Finished k-point with 9.25 mean iterations/band.
freqs:, 649, 0.5, 0.5, 0.207921, 0.737042, 0.327647, 0.327658, 0.366383, 0.464289, 0.470859, 0.470912, 0.472499, 0.483621, 0.553627, 0.553682, 0.55605, 0.556099, 0.590583, 0.594663, 0.636175, 0.63624, 0.6419, 0.645515, 0.656615, 0.668139, 0.67432, 0.67433, 0.689646, 0.696672, 0.696714, 0.704404, 0.710624, 0.731616, 0.731647, 0.733751, 0.767547, 0.767575, 0.776828, 0.782673, 0.783582, 0.799115, 0.805029, 0.805038, 0.822863, 0.823615
elapsed time for k point: 6 seconds.
solve_kpoint (0.5,0.5,0.212871):
Solving for bands 1 to 10...
Finished solving for bands 1 to 10 after 7 iterations.
Solving for bands 11 to 20...
Finished solving for bands 11 to 20 after 7 iterations.
Solving for bands 21 to 30...
Finished solving for bands 21 to 30 after 8 iterations.
Solving for bands 31 to 40...
Finished solving for bands 31 to 40 after 8 iterations.
Finished k-point with 7.5 mean iterations/band.
freqs:, 650, 0.5, 0.5, 0.212871, 0.738454, 0.32801, 0.328021, 0.365635, 0.465614, 0.471234, 0.471287, 0.472939, 0.484317, 0.552912, 0.552968, 0.554961, 0.555009, 0.589716, 0.593931, 0.63678, 0.636845, 0.641431, 0.6456, 0.656317, 0.668275, 0.675125, 0.675135, 0.690908, 0.696511, 0.696554, 0.704896, 0.710451, 0.731488, 0.731518, 0.733957, 0.767454, 0.767482, 0.776754, 0.782576, 0.783264, 0.797754, 0.805027, 0.805036, 0.822507, 0.824181
elapsed time for k point: 5 seconds.
solve_kpoint (0.5,0.5,0.217822):
Solving for bands 1 to 10...
Finished solving for bands 1 to 10 after 15 iterations.
Solving for bands 11 to 20...
Finished solving for bands 11 to 20 after 7 iterations.
Solving for bands 21 to 30...
Finished solving for bands 21 to 30 after 8 iterations.
Solving for bands 31 to 40...
Finished solving for bands 31 to 40 after 8 iterations.
Finished k-point with 9.5 mean iterations/band.
freqs:, 651, 0.5, 0.5, 0.217822, 0.739896, 0.328377, 0.328388, 0.3649, 0.466934, 0.471617, 0.47167, 0.473388, 0.485021, 0.552185, 0.55224, 0.553884, 0.55393, 0.588861, 0.593199, 0.637385, 0.637451, 0.640958, 0.64561, 0.656088, 0.668408, 0.675918, 0.675928, 0.692168, 0.696352, 0.696396, 0.705387, 0.710284, 0.73136, 0.73139, 0.734157, 0.767355, 0.767383, 0.776682, 0.782465, 0.782952, 0.796399, 0.805034, 0.805043, 0.822156, 0.824751
elapsed time for k point: 6 seconds.
solve_kpoint (0.5,0.5,0.222772):
Solving for bands 1 to 10...
Finished solving for bands 1 to 10 after 15 iterations.
Solving for bands 11 to 20...
Finished solving for bands 11 to 20 after 7 iterations.
Solving for bands 21 to 30...
Finished solving for bands 21 to 30 after 8 iterations.
Solving for bands 31 to 40...
Finished solving for bands 31 to 40 after 8 iterations.
Finished k-point with 9.5 mean iterations/band.
freqs:, 652, 0.5, 0.5, 0.222772, 0.741369, 0.328748, 0.328759, 0.364178, 0.468248, 0.472008, 0.472061, 0.473845, 0.485732, 0.551448, 0.551502, 0.552819, 0.552862, 0.588017, 0.592466, 0.637991, 0.638057, 0.64048, 0.645541, 0.655931, 0.668539, 0.676696, 0.676705, 0.693427, 0.696197, 0.696242, 0.705875, 0.710123, 0.731233, 0.731262, 0.73435, 0.767251, 0.767279, 0.776611, 0.782342, 0.782644, 0.795052, 0.80505, 0.80506, 0.821811, 0.825324
elapsed time for k point: 6 seconds.
solve_kpoint (0.5,0.5,0.227723):
Solving for bands 1 to 10...
Finished solving for bands 1 to 10 after 16 iterations.
Solving for bands 11 to 20...
Finished solving for bands 11 to 20 after 7 iterations.
Solving for bands 21 to 30...
Finished solving for bands 21 to 30 after 8 iterations.
Solving for bands 31 to 40...
Finished solving for bands 31 to 40 after 8 iterations.
Finished k-point with 9.75 mean iterations/band.
freqs:, 653, 0.5, 0.5, 0.227723, 0.742871, 0.329124, 0.329135, 0.36347, 0.469556, 0.472406, 0.472458, 0.474311, 0.48645, 0.550693, 0.550746, 0.551775, 0.551813, 0.587185, 0.591734, 0.638598, 0.638663, 0.639998, 0.645392, 0.65585, 0.668667, 0.677457, 0.677466, 0.694683, 0.696047, 0.696094, 0.706361, 0.709968, 0.731105, 0.731134, 0.734537, 0.767141, 0.767169, 0.776541, 0.782205, 0.782342, 0.793713, 0.805075, 0.805085, 0.821471, 0.825899
elapsed time for k point: 6 seconds.
solve_kpoint (0.5,0.5,0.232673):
Solving for bands 1 to 10...
Finished solving for bands 1 to 10 after 16 iterations.
Solving for bands 11 to 20...
Finished solving for bands 11 to 20 after 7 iterations.
Solving for bands 21 to 30...
Finished solving for bands 21 to 30 after 8 iterations.
Solving for bands 31 to 40...
Finished solving for bands 31 to 40 after 8 iterations.
Finished k-point with 9.75 mean iterations/band.
freqs:, 654, 0.5, 0.5, 0.232673, 0.744404, 0.329502, 0.329513, 0.362775, 0.470858, 0.472811, 0.472864, 0.474784, 0.487175, 0.549909, 0.549958, 0.550767, 0.550794, 0.586364, 0.591001, 0.639204, 0.639269, 0.639512, 0.645164, 0.655841, 0.668792, 0.678199, 0.678208, 0.695904, 0.695936, 0.695952, 0.706845, 0.709819, 0.730978, 0.731006, 0.734717, 0.767025, 0.767053, 0.776471, 0.782045, 0.782054, 0.792383, 0.805109, 0.805119, 0.821137, 0.826477
elapsed time for k point: 6 seconds.
solve_kpoint (0.5,0.5,0.237624):
Solving for bands 1 to 10...
Finished solving for bands 1 to 10 after 16 iterations.
Solving for bands 11 to 20...
Finished solving for bands 11 to 20 after 7 iterations.
Solving for bands 21 to 30...
Finished solving for bands 21 to 30 after 8 iterations.
Solving for bands 31 to 40...
Finished solving for bands 31 to 40 after 8 iterations.
Finished k-point with 9.75 mean iterations/band.
freqs:, 655, 0.5, 0.5, 0.237624, 0.745966, 0.329884, 0.329895, 0.362093, 0.472153, 0.473224, 0.473276, 0.475265, 0.487906, 0.549072, 0.549117, 0.549819, 0.549828, 0.585555, 0.590269, 0.639023, 0.639811, 0.639876, 0.644863, 0.655901, 0.668915, 0.678921, 0.678929, 0.69577, 0.695819, 0.697186, 0.707326, 0.709676, 0.730852, 0.730878, 0.734891, 0.766904, 0.766932, 0.776403, 0.781753, 0.781889, 0.791062, 0.805152, 0.805163, 0.820809, 0.827057
elapsed time for k point: 7 seconds.
solve_kpoint (0.5,0.5,0.242574):
Solving for bands 1 to 10...
Finished solving for bands 1 to 10 after 16 iterations.
Solving for bands 11 to 20...
Finished solving for bands 11 to 20 after 7 iterations.
Solving for bands 21 to 30...
Finished solving for bands 21 to 30 after 8 iterations.
Solving for bands 31 to 40...
Finished solving for bands 31 to 40 after 8 iterations.
Finished k-point with 9.75 mean iterations/band.
freqs:, 656, 0.5, 0.5, 0.242574, 0.747558, 0.330268, 0.330279, 0.361425, 0.473441, 0.473644, 0.473696, 0.475754, 0.488643, 0.548163, 0.548208, 0.548935, 0.548948, 0.584757, 0.589538, 0.63853, 0.640418, 0.640483, 0.644495, 0.656021, 0.669035, 0.679618, 0.679626, 0.695647, 0.695697, 0.698433, 0.707806, 0.709541, 0.730725, 0.730751, 0.735057, 0.766778, 0.766805, 0.776336, 0.781467, 0.781709, 0.789752, 0.805204, 0.805215, 0.820486, 0.827639
elapsed time for k point: 6 seconds.
solve_kpoint (0.5,0.5,0.247525):
Solving for bands 1 to 10...
Finished solving for bands 1 to 10 after 17 iterations.
Solving for bands 11 to 20...
Finished solving for bands 11 to 20 after 7 iterations.
Solving for bands 21 to 30...
Finished solving for bands 21 to 30 after 8 iterations.
Solving for bands 31 to 40...
Finished solving for bands 31 to 40 after 8 iterations.
Finished k-point with 10 mean iterations/band.
freqs:, 657, 0.5, 0.5, 0.247525, 0.749179, 0.330655, 0.330666, 0.36077, 0.47407, 0.474122, 0.474721, 0.476249, 0.489385, 0.547194, 0.547242, 0.548108, 0.548137, 0.583972, 0.588807, 0.638035, 0.641025, 0.64109, 0.64407, 0.656194, 0.669152, 0.680288, 0.680296, 0.695538, 0.695589, 0.699676, 0.708283, 0.709411, 0.7306, 0.730625, 0.735215, 0.766646, 0.766674, 0.77627, 0.781186, 0.781516, 0.788452, 0.805265, 0.805277, 0.82017, 0.828223
elapsed time for k point: 7 seconds.
solve_kpoint (0.5,0.5,0.252475):
Solving for bands 1 to 10...
Finished solving for bands 1 to 10 after 18 iterations.
Solving for bands 11 to 20...
Finished solving for bands 11 to 20 after 7 iterations.
Solving for bands 21 to 30...
Finished solving for bands 21 to 30 after 8 iterations.
Solving for bands 31 to 40...
Finished solving for bands 31 to 40 after 8 iterations.
Finished k-point with 10.25 mean iterations/band.
freqs:, 658, 0.5, 0.5, 0.252475, 0.750829, 0.331044, 0.331055, 0.360128, 0.474504, 0.474555, 0.475993, 0.476751, 0.490132, 0.546196, 0.546246, 0.54732, 0.547357, 0.583198, 0.588077, 0.637536, 0.641631, 0.641696, 0.643595, 0.656412, 0.669267, 0.680928, 0.680935, 0.695447, 0.695498, 0.700915, 0.708757, 0.709288, 0.730474, 0.730499, 0.735366, 0.76651, 0.766537, 0.776205, 0.780911, 0.781307, 0.787162, 0.805335, 0.805347, 0.819859, 0.828808
elapsed time for k point: 6 seconds.
solve_kpoint (0.5,0.5,0.257426):
Solving for bands 1 to 10...
Finished solving for bands 1 to 10 after 16 iterations.
Solving for bands 11 to 20...
Finished solving for bands 11 to 20 after 7 iterations.
Solving for bands 21 to 30...
Finished solving for bands 21 to 30 after 8 iterations.
Solving for bands 31 to 40...
Finished solving for bands 31 to 40 after 8 iterations.
Finished k-point with 9.75 mean iterations/band.
freqs:, 659, 0.5, 0.5, 0.257426, 0.752508, 0.331435, 0.331445, 0.359499, 0.474944, 0.474996, 0.477256, 0.477259, 0.490884, 0.545188, 0.545241, 0.546551, 0.546593, 0.582437, 0.587349, 0.637035, 0.642237, 0.642302, 0.643078, 0.656666, 0.669379, 0.681533, 0.681539, 0.695376, 0.695428, 0.70215, 0.709172, 0.70923, 0.730349, 0.730374, 0.73551, 0.766368, 0.766395, 0.776142, 0.780642, 0.781084, 0.785884, 0.805414, 0.805426, 0.819554, 0.829394
elapsed time for k point: 7 seconds.
solve_kpoint (0.5,0.5,0.262376):
Solving for bands 1 to 10...
Finished solving for bands 1 to 10 after 16 iterations.
Solving for bands 11 to 20...
Finished solving for bands 11 to 20 after 7 iterations.
Solving for bands 21 to 30...
Finished solving for bands 21 to 30 after 8 iterations.
Solving for bands 31 to 40...
Finished solving for bands 31 to 40 after 8 iterations.
Finished k-point with 9.75 mean iterations/band.
freqs:, 660, 0.5, 0.5, 0.262376, 0.754216, 0.331827, 0.331837, 0.358884, 0.475391, 0.475442, 0.477773, 0.478509, 0.491639, 0.544181, 0.544234, 0.54579, 0.545835, 0.581689, 0.586622, 0.636532, 0.642526, 0.642843, 0.642908, 0.65695, 0.669489, 0.682099, 0.682104, 0.69533, 0.695383, 0.70338, 0.709063, 0.709699, 0.730225, 0.730249, 0.735646, 0.766222, 0.766249, 0.776079, 0.780378, 0.780846, 0.784617, 0.805501, 0.805513, 0.819254, 0.829982
elapsed time for k point: 6 seconds.
solve_kpoint (0.5,0.5,0.267327):
Solving for bands 1 to 10...
Finished solving for bands 1 to 10 after 7 iterations.
Solving for bands 11 to 20...
Finished solving for bands 11 to 20 after 7 iterations.
Solving for bands 21 to 30...
Finished solving for bands 21 to 30 after 8 iterations.
Solving for bands 31 to 40...
Finished solving for bands 31 to 40 after 8 iterations.
Finished k-point with 7.5 mean iterations/band.
freqs:, 661, 0.5, 0.5, 0.267327, 0.755952, 0.33222, 0.33223, 0.358283, 0.475845, 0.475896, 0.478292, 0.479753, 0.492398, 0.54318, 0.543234, 0.545032, 0.545079, 0.580953, 0.585897, 0.636027, 0.641947, 0.643449, 0.643514, 0.657258, 0.669597, 0.682622, 0.682626, 0.695313, 0.695367, 0.704604, 0.708961, 0.710166, 0.730102, 0.730124, 0.735774, 0.766072, 0.766099, 0.776017, 0.78012, 0.780593, 0.783362, 0.805596, 0.805609, 0.818961, 0.83057
elapsed time for k point: 5 seconds.
solve_kpoint (0.5,0.5,0.272277):
Solving for bands 1 to 10...
Finished solving for bands 1 to 10 after 15 iterations.
Solving for bands 11 to 20...
Finished solving for bands 11 to 20 after 7 iterations.
Solving for bands 21 to 30...
Finished solving for bands 21 to 30 after 8 iterations.
Solving for bands 31 to 40...
    iteration   24: trace = 6.26320194753311 (0.000165853% change)
    iteration   48: trace = 6.262908377845157 (0.000227898% change)
    iteration   72: trace = 6.255093606540918 (0.034718% change)
Finished solving for bands 31 to 40 after 92 iterations.
Finished k-point with 30.5 mean iterations/band.
freqs:, 662, 0.5, 0.5, 0.272277, 0.757717, 0.332614, 0.332624, 0.357694, 0.476305, 0.476356, 0.478816, 0.480987, 0.493159, 0.542183, 0.542237, 0.54428, 0.544327, 0.580229, 0.585173, 0.635521, 0.641344, 0.644054, 0.644119, 0.657584, 0.669701, 0.683097, 0.6831, 0.69533, 0.695384, 0.705824, 0.708865, 0.710631, 0.729979, 0.730001, 0.735894, 0.765917, 0.765944, 0.775957, 0.779867, 0.780325, 0.78212, 0.805699, 0.805713, 0.818674, 0.823562
elapsed time for k point: 20 seconds.
solve_kpoint (0.5,0.5,0.277228):
Solving for bands 1 to 10...
Finished solving for bands 1 to 10 after 6 iterations.
Solving for bands 11 to 20...
Finished solving for bands 11 to 20 after 7 iterations.
Solving for bands 21 to 30...
Finished solving for bands 21 to 30 after 8 iterations.
Solving for bands 31 to 40...
Finished solving for bands 31 to 40 after 7 iterations.
Finished k-point with 7 mean iterations/band.
freqs:, 663, 0.5, 0.5, 0.277228, 0.75951, 0.333008, 0.333018, 0.357119, 0.476771, 0.476822, 0.479345, 0.482209, 0.493922, 0.541198, 0.541252, 0.543526, 0.543575, 0.579519, 0.584453, 0.635013, 0.640722, 0.644658, 0.644723, 0.657925, 0.669804, 0.683519, 0.683521, 0.695385, 0.695438, 0.707038, 0.708777, 0.711093, 0.729856, 0.729878, 0.736006, 0.765759, 0.765785, 0.775897, 0.779621, 0.780043, 0.780891, 0.80581, 0.805825, 0.818392, 0.823623
elapsed time for k point: 5 seconds.
solve_kpoint (0.5,0.5,0.282178):
Solving for bands 1 to 10...
Finished solving for bands 1 to 10 after 15 iterations.
Solving for bands 11 to 20...
Finished solving for bands 11 to 20 after 7 iterations.
Solving for bands 21 to 30...
Finished solving for bands 21 to 30 after 8 iterations.
Solving for bands 31 to 40...
Finished solving for bands 31 to 40 after 8 iterations.
Finished k-point with 9.5 mean iterations/band.
freqs:, 664, 0.5, 0.5, 0.282178, 0.761331, 0.333402, 0.333413, 0.356557, 0.477243, 0.477294, 0.479877, 0.48342, 0.494687, 0.540221, 0.540276, 0.542774, 0.542823, 0.578822, 0.583735, 0.634505, 0.640085, 0.645262, 0.645327, 0.658277, 0.669903, 0.683884, 0.683885, 0.695481, 0.695534, 0.708245, 0.708696, 0.711552, 0.729735, 0.729755, 0.73611, 0.765596, 0.765623, 0.775839, 0.77938, 0.779673, 0.779747, 0.805929, 0.805944, 0.818117, 0.823707
elapsed time for k point: 6 seconds.
solve_kpoint (0.5,0.5,0.287129):
Solving for bands 1 to 10...
Finished solving for bands 1 to 10 after 6 iterations.
Solving for bands 11 to 20...
Finished solving for bands 11 to 20 after 7 iterations.
Solving for bands 21 to 30...
Finished solving for bands 21 to 30 after 8 iterations.
Solving for bands 31 to 40...
Finished solving for bands 31 to 40 after 8 iterations.
Finished k-point with 7.25 mean iterations/band.
freqs:, 665, 0.5, 0.5, 0.287129, 0.763179, 0.333796, 0.333806, 0.356009, 0.477722, 0.477772, 0.480413, 0.48462, 0.495453, 0.539257, 0.539311, 0.542021, 0.542071, 0.578138, 0.58302, 0.633996, 0.639435, 0.645865, 0.64593, 0.658637, 0.670001, 0.684188, 0.684191, 0.695622, 0.695675, 0.708622, 0.709447, 0.712008, 0.729614, 0.729634, 0.736205, 0.765431, 0.765458, 0.775782, 0.778471, 0.779147, 0.779435, 0.806055, 0.80607, 0.817847, 0.823814
elapsed time for k point: 5 seconds.
solve_kpoint (0.5,0.5,0.292079):
Solving for bands 1 to 10...
Finished solving for bands 1 to 10 after 7 iterations.
Solving for bands 11 to 20...
Finished solving for bands 11 to 20 after 7 iterations.
Solving for bands 21 to 30...
Finished solving for bands 21 to 30 after 8 iterations.
Solving for bands 31 to 40...
Finished solving for bands 31 to 40 after 8 iterations.
Finished k-point with 7.5 mean iterations/band.
freqs:, 666, 0.5, 0.5, 0.292079, 0.765056, 0.334189, 0.334199, 0.355473, 0.478206, 0.478256, 0.480951, 0.485806, 0.496219, 0.538305, 0.538359, 0.541269, 0.541319, 0.577467, 0.582308, 0.633487, 0.638776, 0.646467, 0.646532, 0.659003, 0.670095, 0.68443, 0.684435, 0.695809, 0.695861, 0.708555, 0.710642, 0.712462, 0.729493, 0.729513, 0.736292, 0.765263, 0.765289, 0.775726, 0.777282, 0.778918, 0.779109, 0.806188, 0.806203, 0.817584, 0.823943
elapsed time for k point: 5 seconds.
solve_kpoint (0.5,0.5,0.29703):
Solving for bands 1 to 10...
Finished solving for bands 1 to 10 after 8 iterations.
Solving for bands 11 to 20...
Finished solving for bands 11 to 20 after 7 iterations.
Solving for bands 21 to 30...
Finished solving for bands 21 to 30 after 8 iterations.
Solving for bands 31 to 40...
Finished solving for bands 31 to 40 after 8 iterations.
Finished k-point with 7.75 mean iterations/band.
freqs:, 667, 0.5, 0.5, 0.29703, 0.766959, 0.33458, 0.33459, 0.354951, 0.478696, 0.478746, 0.481492, 0.48698, 0.496985, 0.537365, 0.53742, 0.540517, 0.540568, 0.57681, 0.5816, 0.632978, 0.63811, 0.647069, 0.647133, 0.659373, 0.670188, 0.68461, 0.684618, 0.696042, 0.696093, 0.708496, 0.711829, 0.712913, 0.729373, 0.729392, 0.73637, 0.765091, 0.765118, 0.775672, 0.776108, 0.778696, 0.778769, 0.806327, 0.806343, 0.817327, 0.824096
elapsed time for k point: 6 seconds.
solve_kpoint (0.5,0.5,0.30198):
Solving for bands 1 to 10...
Finished solving for bands 1 to 10 after 14 iterations.
Solving for bands 11 to 20...
Finished solving for bands 11 to 20 after 7 iterations.
Solving for bands 21 to 30...
Finished solving for bands 21 to 30 after 8 iterations.
Solving for bands 31 to 40...
Finished solving for bands 31 to 40 after 8 iterations.
Finished k-point with 9.25 mean iterations/band.
freqs:, 668, 0.5, 0.5, 0.30198, 0.76889, 0.33497, 0.33498, 0.354443, 0.479191, 0.479241, 0.482036, 0.48814, 0.49775, 0.536437, 0.536492, 0.539767, 0.539818, 0.576167, 0.580896, 0.63247, 0.637438, 0.647669, 0.647733, 0.659746, 0.670278, 0.684729, 0.68474, 0.69632, 0.696369, 0.708444, 0.71301, 0.71336, 0.729254, 0.729272, 0.73644, 0.764918, 0.764944, 0.774948, 0.775618, 0.778416, 0.77848, 0.806473, 0.80649, 0.817075, 0.824269
elapsed time for k point: 6 seconds.
solve_kpoint (0.5,0.5,0.306931):
Solving for bands 1 to 10...
Finished solving for bands 1 to 10 after 6 iterations.
Solving for bands 11 to 20...
Finished solving for bands 11 to 20 after 7 iterations.
Solving for bands 21 to 30...
Finished solving for bands 21 to 30 after 8 iterations.
Solving for bands 31 to 40...
Finished solving for bands 31 to 40 after 8 iterations.
Finished k-point with 7.25 mean iterations/band.
freqs:, 669, 0.5, 0.5, 0.306931, 0.770848, 0.335358, 0.335368, 0.353947, 0.479692, 0.479741, 0.48258, 0.489285, 0.498513, 0.535524, 0.535579, 0.539017, 0.539068, 0.575537, 0.580197, 0.631962, 0.636762, 0.648268, 0.648333, 0.660119, 0.670366, 0.684791, 0.684804, 0.696639, 0.696687, 0.708399, 0.713805, 0.714183, 0.729135, 0.729153, 0.736501, 0.764742, 0.764768, 0.773804, 0.775566, 0.778049, 0.77827, 0.806624, 0.806642, 0.81683, 0.824465
elapsed time for k point: 5 seconds.
solve_kpoint (0.5,0.5,0.311881):
Solving for bands 1 to 10...
Finished solving for bands 1 to 10 after 7 iterations.
Solving for bands 11 to 20...
Finished solving for bands 11 to 20 after 7 iterations.
Solving for bands 21 to 30...
Finished solving for bands 21 to 30 after 8 iterations.
Solving for bands 31 to 40...
Finished solving for bands 31 to 40 after 8 iterations.
Finished k-point with 7.5 mean iterations/band.
freqs:, 670, 0.5, 0.5, 0.311881, 0.772832, 0.335744, 0.335753, 0.353465, 0.480197, 0.480247, 0.483125, 0.490416, 0.499273, 0.534626, 0.53468, 0.538267, 0.538319, 0.574921, 0.579503, 0.631457, 0.636085, 0.648867, 0.648931, 0.660492, 0.670451, 0.684798, 0.684813, 0.696997, 0.697043, 0.708362, 0.714246, 0.715347, 0.729017, 0.729034, 0.736554, 0.764565, 0.76459, 0.772675, 0.775515, 0.777668, 0.778066, 0.806781, 0.806799, 0.816591, 0.82468
elapsed time for k point: 5 seconds.
solve_kpoint (0.5,0.5,0.316832):
Solving for bands 1 to 10...
Finished solving for bands 1 to 10 after 7 iterations.
Solving for bands 11 to 20...
Finished solving for bands 11 to 20 after 7 iterations.
Solving for bands 21 to 30...
Finished solving for bands 21 to 30 after 8 iterations.
Solving for bands 31 to 40...
Finished solving for bands 31 to 40 after 8 iterations.
Finished k-point with 7.5 mean iterations/band.
freqs:, 671, 0.5, 0.5, 0.316832, 0.774843, 0.336126, 0.336136, 0.352996, 0.480708, 0.480757, 0.483671, 0.491531, 0.500031, 0.533742, 0.533796, 0.537519, 0.537571, 0.574319, 0.578814, 0.630953, 0.635406, 0.649464, 0.649528, 0.660863, 0.670534, 0.684755, 0.684773, 0.697387, 0.697432, 0.708332, 0.714684, 0.716504, 0.728899, 0.728916, 0.736597, 0.764386, 0.764411, 0.771562, 0.775465, 0.777275, 0.777868, 0.806944, 0.806962, 0.816358, 0.824916
elapsed time for k point: 5 seconds.
solve_kpoint (0.5,0.5,0.321782):
Solving for bands 1 to 10...
Finished solving for bands 1 to 10 after 7 iterations.
Solving for bands 11 to 20...
Finished solving for bands 11 to 20 after 7 iterations.
Solving for bands 21 to 30...
Finished solving for bands 21 to 30 after 8 iterations.
Solving for bands 31 to 40...
Finished solving for bands 31 to 40 after 8 iterations.
Finished k-point with 7.5 mean iterations/band.
freqs:, 672, 0.5, 0.5, 0.321782, 0.776881, 0.336505, 0.336515, 0.352539, 0.481223, 0.481272, 0.484216, 0.492629, 0.500785, 0.532873, 0.532928, 0.536773, 0.536824, 0.573732, 0.578131, 0.630452, 0.634728, 0.65006, 0.650124, 0.661232, 0.670614, 0.684667, 0.684688, 0.697805, 0.697848, 0.70831, 0.715119, 0.717652, 0.728782, 0.728799, 0.736632, 0.764206, 0.764231, 0.770467, 0.775416, 0.776869, 0.777677, 0.807111, 0.80713, 0.816131, 0.825171
elapsed time for k point: 5 seconds.
solve_kpoint (0.5,0.5,0.326733):
Solving for bands 1 to 10...
Finished solving for bands 1 to 10 after 7 iterations.
Solving for bands 11 to 20...
Finished solving for bands 11 to 20 after 7 iterations.
Solving for bands 21 to 30...
Finished solving for bands 21 to 30 after 8 iterations.
Solving for bands 31 to 40...
Finished solving for bands 31 to 40 after 8 iterations.
Finished k-point with 7.5 mean iterations/band.
freqs:, 673, 0.5, 0.5, 0.326733, 0.778944, 0.336881, 0.336891, 0.352096, 0.481742, 0.481791, 0.484761, 0.493711, 0.501534, 0.532021, 0.532075, 0.536028, 0.53608, 0.573159, 0.577454, 0.629953, 0.634051, 0.650654, 0.650718, 0.661597, 0.670692, 0.684539, 0.684562, 0.698246, 0.698288, 0.708295, 0.71555, 0.718791, 0.728666, 0.728682, 0.736659, 0.764025, 0.764051, 0.769388, 0.775369, 0.776451, 0.777491, 0.807282, 0.807302, 0.815911, 0.825444
elapsed time for k point: 5 seconds.
solve_kpoint (0.5,0.5,0.331683):
Solving for bands 1 to 10...
Finished solving for bands 1 to 10 after 7 iterations.
Solving for bands 11 to 20...
Finished solving for bands 11 to 20 after 7 iterations.
Solving for bands 21 to 30...
Finished solving for bands 21 to 30 after 8 iterations.
Solving for bands 31 to 40...
Finished solving for bands 31 to 40 after 8 iterations.
Finished k-point with 7.5 mean iterations/band.
freqs:, 674, 0.5, 0.5, 0.331683, 0.781034, 0.337252, 0.337262, 0.351667, 0.482266, 0.482315, 0.485303, 0.494775, 0.502278, 0.531185, 0.531239, 0.535285, 0.535338, 0.5726, 0.576784, 0.629458, 0.633377, 0.651248, 0.651311, 0.661959, 0.670768, 0.684375, 0.684401, 0.698706, 0.698747, 0.708287, 0.715977, 0.719921, 0.72855, 0.728565, 0.736676, 0.763844, 0.763869, 0.768326, 0.775322, 0.776021, 0.777312, 0.807457, 0.807477, 0.815696, 0.825735
elapsed time for k point: 5 seconds.
solve_kpoint (0.5,0.5,0.336634):
Solving for bands 1 to 10...
Finished solving for bands 1 to 10 after 7 iterations.
Solving for bands 11 to 20...
Finished solving for bands 11 to 20 after 7 iterations.
Solving for bands 21 to 30...
Finished solving for bands 21 to 30 after 8 iterations.
Solving for bands 31 to 40...
Finished solving for bands 31 to 40 after 8 iterations.
Finished k-point with 7.5 mean iterations/band.
freqs:, 675, 0.5, 0.5, 0.336634, 0.783149, 0.337619, 0.337629, 0.35125, 0.482794, 0.482842, 0.485844, 0.49582, 0.503015, 0.530365, 0.53042, 0.534545, 0.534598, 0.572056, 0.576122, 0.628967, 0.632708, 0.651839, 0.651903, 0.662316, 0.670842, 0.68418, 0.684208, 0.69918, 0.69922, 0.708287, 0.716401, 0.721041, 0.728434, 0.72845, 0.736685, 0.763663, 0.763688, 0.767283, 0.775277, 0.77558, 0.777139, 0.807636, 0.807656, 0.815488, 0.826043
elapsed time for k point: 5 seconds.
solve_kpoint (0.5,0.5,0.341584):
Solving for bands 1 to 10...
Finished solving for bands 1 to 10 after 7 iterations.
Solving for bands 11 to 20...
Finished solving for bands 11 to 20 after 7 iterations.
Solving for bands 21 to 30...
Finished solving for bands 21 to 30 after 8 iterations.
Solving for bands 31 to 40...
Finished solving for bands 31 to 40 after 8 iterations.
Finished k-point with 7.5 mean iterations/band.
freqs:, 676, 0.5, 0.5, 0.341584, 0.78529, 0.337981, 0.33799, 0.350846, 0.483325, 0.483373, 0.486382, 0.496847, 0.503746, 0.529563, 0.529618, 0.533808, 0.533861, 0.571527, 0.575467, 0.628481, 0.632042, 0.65243, 0.652493, 0.662667, 0.670913, 0.683957, 0.683987, 0.699663, 0.699703, 0.708294, 0.71682, 0.722152, 0.728319, 0.728334, 0.736686, 0.763482, 0.763507, 0.766259, 0.775127, 0.775233, 0.776973, 0.807817, 0.807838, 0.815285, 0.826366
elapsed time for k point: 5 seconds.
solve_kpoint (0.5,0.5,0.346535):
Solving for bands 1 to 10...
Finished solving for bands 1 to 10 after 7 iterations.
Solving for bands 11 to 20...
Finished solving for bands 11 to 20 after 7 iterations.
Solving for bands 21 to 30...
Finished solving for bands 21 to 30 after 8 iterations.
Solving for bands 31 to 40...
Finished solving for bands 31 to 40 after 8 iterations.
Finished k-point with 7.5 mean iterations/band.
freqs:, 677, 0.5, 0.5, 0.346535, 0.787456, 0.338337, 0.338347, 0.350455, 0.483859, 0.483908, 0.486916, 0.497853, 0.504468, 0.528779, 0.528834, 0.533074, 0.533127, 0.571012, 0.574821, 0.627999, 0.631383, 0.653018, 0.653082, 0.663013, 0.670982, 0.683709, 0.683741, 0.700154, 0.700192, 0.708308, 0.717235, 0.723252, 0.728204, 0.728219, 0.736678, 0.763302, 0.763327, 0.765253, 0.774664, 0.775191, 0.776812, 0.808001, 0.808023, 0.815089, 0.826704
elapsed time for k point: 5 seconds.
solve_kpoint (0.5,0.5,0.351485):
Solving for bands 1 to 10...
Finished solving for bands 1 to 10 after 7 iterations.
Solving for bands 11 to 20...
Finished solving for bands 11 to 20 after 7 iterations.
Solving for bands 21 to 30...
Finished solving for bands 21 to 30 after 8 iterations.
Solving for bands 31 to 40...
Finished solving for bands 31 to 40 after 8 iterations.
Finished k-point with 7.5 mean iterations/band.
freqs:, 678, 0.5, 0.5, 0.351485, 0.789647, 0.338688, 0.338697, 0.350077, 0.484397, 0.484445, 0.487445, 0.49884, 0.505182, 0.528012, 0.528068, 0.532344, 0.532397, 0.570513, 0.574184, 0.627524, 0.630731, 0.653605, 0.653669, 0.663352, 0.671048, 0.683439, 0.683472, 0.700648, 0.700686, 0.708328, 0.717646, 0.724342, 0.72809, 0.728105, 0.736661, 0.763123, 0.763148, 0.764268, 0.77419, 0.77515, 0.776658, 0.808187, 0.808209, 0.814899, 0.827056
elapsed time for k point: 6 seconds.
solve_kpoint (0.5,0.5,0.356436):
Solving for bands 1 to 10...
Finished solving for bands 1 to 10 after 7 iterations.
Solving for bands 11 to 20...
Finished solving for bands 11 to 20 after 7 iterations.
Solving for bands 21 to 30...
Finished solving for bands 21 to 30 after 8 iterations.
Solving for bands 31 to 40...
Finished solving for bands 31 to 40 after 8 iterations.
Finished k-point with 7.5 mean iterations/band.
freqs:, 679, 0.5, 0.5, 0.356436, 0.791863, 0.339032, 0.339041, 0.349712, 0.484937, 0.484985, 0.48797, 0.499805, 0.505886, 0.527265, 0.52732, 0.531618, 0.531672, 0.570028, 0.573557, 0.627054, 0.630086, 0.654191, 0.654254, 0.663684, 0.671113, 0.68315, 0.683185, 0.701144, 0.701181, 0.708356, 0.718052, 0.725421, 0.727977, 0.727992, 0.736636, 0.762946, 0.76297, 0.763302, 0.773707, 0.77511, 0.776509, 0.808374, 0.808397, 0.814716, 0.82742
elapsed time for k point: 5 seconds.
solve_kpoint (0.5,0.5,0.361386):
Solving for bands 1 to 10...
Finished solving for bands 1 to 10 after 8 iterations.
Solving for bands 11 to 20...
Finished solving for bands 11 to 20 after 7 iterations.
Solving for bands 21 to 30...
Finished solving for bands 21 to 30 after 9 iterations.
Solving for bands 31 to 40...
Finished solving for bands 31 to 40 after 8 iterations.
Finished k-point with 8 mean iterations/band.
freqs:, 680, 0.5, 0.5, 0.361386, 0.794103, 0.33937, 0.339379, 0.349359, 0.485479, 0.485527, 0.488489, 0.500747, 0.506579, 0.526537, 0.526592, 0.530897, 0.530951, 0.569559, 0.57294, 0.626591, 0.629451, 0.654774, 0.654837, 0.664009, 0.671175, 0.682843, 0.682879, 0.701638, 0.701675, 0.70839, 0.718454, 0.726489, 0.727864, 0.727879, 0.736603, 0.762358, 0.76277, 0.762794, 0.773214, 0.775071, 0.776367, 0.808562, 0.808586, 0.814538, 0.827796
elapsed time for k point: 5 seconds.
solve_kpoint (0.5,0.5,0.366337):
Solving for bands 1 to 10...
Finished solving for bands 1 to 10 after 8 iterations.
Solving for bands 11 to 20...
Finished solving for bands 11 to 20 after 7 iterations.
Solving for bands 21 to 30...
Finished solving for bands 21 to 30 after 9 iterations.
Solving for bands 31 to 40...
Finished solving for bands 31 to 40 after 8 iterations.
Finished k-point with 8 mean iterations/band.
freqs:, 681, 0.5, 0.5, 0.366337, 0.796368, 0.3397, 0.339709, 0.34902, 0.486023, 0.48607, 0.489001, 0.501667, 0.507261, 0.525827, 0.525883, 0.530181, 0.530235, 0.569105, 0.572334, 0.626136, 0.628825, 0.655356, 0.655419, 0.664326, 0.671235, 0.68252, 0.682558, 0.702129, 0.702166, 0.70843, 0.71885, 0.727545, 0.727751, 0.727766, 0.736562, 0.761435, 0.762596, 0.76262, 0.772711, 0.775034, 0.776231, 0.808751, 0.808775, 0.814367, 0.828181
elapsed time for k point: 5 seconds.
solve_kpoint (0.5,0.5,0.371287):
Solving for bands 1 to 10...
Finished solving for bands 1 to 10 after 8 iterations.
Solving for bands 11 to 20...
Finished solving for bands 11 to 20 after 7 iterations.
Solving for bands 21 to 30...
Finished solving for bands 21 to 30 after 8 iterations.
Solving for bands 31 to 40...
Finished solving for bands 31 to 40 after 8 iterations.
Finished k-point with 7.75 mean iterations/band.
freqs:, 682, 0.5, 0.5, 0.371287, 0.798658, 0.340023, 0.340032, 0.348693, 0.486568, 0.486615, 0.489506, 0.502564, 0.50793, 0.525138, 0.525194, 0.529471, 0.529525, 0.568667, 0.57174, 0.625689, 0.62821, 0.655935, 0.655998, 0.664635, 0.671292, 0.682183, 0.682223, 0.702616, 0.702652, 0.708477, 0.719242, 0.72764, 0.727655, 0.72859, 0.736514, 0.760535, 0.762425, 0.762449, 0.7722, 0.774997, 0.776101, 0.80894, 0.808965, 0.814202, 0.828576
elapsed time for k point: 6 seconds.
solve_kpoint (0.5,0.5,0.376238):
Solving for bands 1 to 10...
Finished solving for bands 1 to 10 after 15 iterations.
Solving for bands 11 to 20...
Finished solving for bands 11 to 20 after 7 iterations.
Solving for bands 21 to 30...
Finished solving for bands 21 to 30 after 9 iterations.
Solving for bands 31 to 40...
Finished solving for bands 31 to 40 after 8 iterations.
Finished k-point with 9.75 mean iterations/band.
freqs:, 683, 0.5, 0.5, 0.376238, 0.800971, 0.340338, 0.340347, 0.348379, 0.487114, 0.487161, 0.490003, 0.503435, 0.508586, 0.524468, 0.524523, 0.528769, 0.528823, 0.568244, 0.571159, 0.62525, 0.627607, 0.656513, 0.656576, 0.664936, 0.671348, 0.681834, 0.681875, 0.703095, 0.703131, 0.708529, 0.719627, 0.727528, 0.727544, 0.729622, 0.736458, 0.759658, 0.762257, 0.762281, 0.771681, 0.774963, 0.775976, 0.809128, 0.809153, 0.814043, 0.828978
elapsed time for k point: 6 seconds.
solve_kpoint (0.5,0.5,0.381188):
Solving for bands 1 to 10...
Finished solving for bands 1 to 10 after 8 iterations.
Solving for bands 11 to 20...
Finished solving for bands 11 to 20 after 8 iterations.
Solving for bands 21 to 30...
Finished solving for bands 21 to 30 after 9 iterations.
Solving for bands 31 to 40...
Finished solving for bands 31 to 40 after 8 iterations.
Finished k-point with 8.25 mean iterations/band.
freqs:, 684, 0.5, 0.5, 0.381188, 0.803308, 0.340644, 0.340653, 0.348078, 0.48766, 0.487707, 0.49049, 0.504282, 0.509227, 0.523819, 0.523875, 0.528073, 0.528127, 0.567837, 0.57059, 0.624821, 0.627017, 0.657089, 0.657151, 0.665227, 0.671401, 0.681473, 0.681515, 0.703567, 0.703603, 0.708586, 0.720007, 0.727418, 0.727434, 0.730642, 0.736394, 0.758804, 0.762091, 0.762115, 0.771153, 0.774929, 0.775858, 0.809315, 0.809341, 0.81389, 0.829386
elapsed time for k point: 6 seconds.
solve_kpoint (0.5,0.5,0.386139):
Solving for bands 1 to 10...
Finished solving for bands 1 to 10 after 9 iterations.
Solving for bands 11 to 20...
Finished solving for bands 11 to 20 after 7 iterations.
Solving for bands 21 to 30...
Finished solving for bands 21 to 30 after 9 iterations.
Solving for bands 31 to 40...
Finished solving for bands 31 to 40 after 8 iterations.
Finished k-point with 8.25 mean iterations/band.
freqs:, 685, 0.5, 0.5, 0.386139, 0.805669, 0.340942, 0.340951, 0.347789, 0.488205, 0.488252, 0.490968, 0.505102, 0.509853, 0.523191, 0.523247, 0.527386, 0.52744, 0.567445, 0.570036, 0.624402, 0.62644, 0.657662, 0.657724, 0.665509, 0.671452, 0.681101, 0.681144, 0.70403, 0.704066, 0.708649, 0.720381, 0.727309, 0.727325, 0.731648, 0.736324, 0.757975, 0.76193, 0.761954, 0.770618, 0.774897, 0.775745, 0.8095, 0.809526, 0.813744, 0.829799
elapsed time for k point: 5 seconds.
solve_kpoint (0.5,0.5,0.391089):
Solving for bands 1 to 10...
Finished solving for bands 1 to 10 after 16 iterations.
Solving for bands 11 to 20...
Finished solving for bands 11 to 20 after 8 iterations.
Solving for bands 21 to 30...
Finished solving for bands 21 to 30 after 9 iterations.
Solving for bands 31 to 40...
Finished solving for bands 31 to 40 after 8 iterations.
Finished k-point with 10.25 mean iterations/band.
freqs:, 686, 0.5, 0.5, 0.391089, 0.808054, 0.34123, 0.341239, 0.347513, 0.48875, 0.488796, 0.491434, 0.505896, 0.510462, 0.522583, 0.522638, 0.526708, 0.526763, 0.56707, 0.569496, 0.623994, 0.625878, 0.658233, 0.658295, 0.665781, 0.6715, 0.680719, 0.680763, 0.704482, 0.704518, 0.708716, 0.720748, 0.727201, 0.727217, 0.732642, 0.736248, 0.757171, 0.761772, 0.761796, 0.770077, 0.774866, 0.775638, 0.809683, 0.80971, 0.813604, 0.830214
elapsed time for k point: 7 seconds.
solve_kpoint (0.5,0.5,0.39604):
Solving for bands 1 to 10...
Finished solving for bands 1 to 10 after 8 iterations.
Solving for bands 11 to 20...
Finished solving for bands 11 to 20 after 8 iterations.
Solving for bands 21 to 30...
Finished solving for bands 21 to 30 after 9 iterations.
Solving for bands 31 to 40...
Finished solving for bands 31 to 40 after 8 iterations.
Finished k-point with 8.25 mean iterations/band.
freqs:, 687, 0.5, 0.5, 0.39604, 0.810461, 0.341509, 0.341518, 0.34725, 0.489292, 0.489338, 0.49189, 0.506662, 0.511054, 0.521997, 0.522052, 0.52604, 0.526095, 0.56671, 0.568973, 0.623597, 0.625332, 0.658802, 0.658863, 0.666044, 0.671547, 0.680329, 0.680374, 0.704923, 0.704959, 0.708787, 0.721108, 0.727094, 0.72711, 0.733621, 0.736165, 0.756393, 0.761619, 0.761642, 0.769529, 0.774836, 0.775536, 0.809863, 0.809891, 0.81347, 0.830631
elapsed time for k point: 5 seconds.
solve_kpoint (0.5,0.5,0.40099):
Solving for bands 1 to 10...
Finished solving for bands 1 to 10 after 17 iterations.
Solving for bands 11 to 20...
Finished solving for bands 11 to 20 after 8 iterations.
Solving for bands 21 to 30...
Finished solving for bands 21 to 30 after 9 iterations.
Solving for bands 31 to 40...
Finished solving for bands 31 to 40 after 8 iterations.
Finished k-point with 10.5 mean iterations/band.
freqs:, 688, 0.5, 0.5, 0.40099, 0.812892, 0.341778, 0.341786, 0.346999, 0.489831, 0.489877, 0.492332, 0.507399, 0.511627, 0.521431, 0.521486, 0.525385, 0.525439, 0.566367, 0.568465, 0.623213, 0.624803, 0.659368, 0.659429, 0.666296, 0.671591, 0.679929, 0.679976, 0.705352, 0.705388, 0.708862, 0.721461, 0.726988, 0.727005, 0.734585, 0.736076, 0.755642, 0.76147, 0.761493, 0.768976, 0.774808, 0.77544, 0.81004, 0.810068, 0.813342, 0.831047
elapsed time for k point: 7 seconds.
solve_kpoint (0.5,0.5,0.405941):
Solving for bands 1 to 10...
Finished solving for bands 1 to 10 after 9 iterations.
Solving for bands 11 to 20...
Finished solving for bands 11 to 20 after 8 iterations.
Solving for bands 21 to 30...
Finished solving for bands 21 to 30 after 9 iterations.
Solving for bands 31 to 40...
Finished solving for bands 31 to 40 after 8 iterations.
Finished k-point with 8.5 mean iterations/band.
freqs:, 689, 0.5, 0.5, 0.405941, 0.815345, 0.342036, 0.342045, 0.34676, 0.490367, 0.490413, 0.492761, 0.508107, 0.512181, 0.520888, 0.520943, 0.524741, 0.524796, 0.56604, 0.567975, 0.622841, 0.624291, 0.659931, 0.659992, 0.666537, 0.671633, 0.679523, 0.67957, 0.705767, 0.705803, 0.70894, 0.721806, 0.726884, 0.726902, 0.735534, 0.735982, 0.754919, 0.761326, 0.761349, 0.768417, 0.774781, 0.77535, 0.810213, 0.810241, 0.81322, 0.831462
elapsed time for k point: 6 seconds.
solve_kpoint (0.5,0.5,0.410891):
Solving for bands 1 to 10...
Finished solving for bands 1 to 10 after 17 iterations.
Solving for bands 11 to 20...
Finished solving for bands 11 to 20 after 8 iterations.
Solving for bands 21 to 30...
Finished solving for bands 21 to 30 after 9 iterations.
Solving for bands 31 to 40...
Finished solving for bands 31 to 40 after 8 iterations.
Finished k-point with 10.5 mean iterations/band.
freqs:, 690, 0.5, 0.5, 0.410891, 0.817821, 0.342283, 0.342292, 0.346534, 0.490897, 0.490943, 0.493175, 0.508784, 0.512713, 0.520365, 0.520419, 0.524113, 0.524168, 0.565729, 0.567503, 0.622484, 0.623798, 0.660492, 0.660553, 0.666768, 0.671673, 0.679109, 0.679157, 0.706168, 0.706205, 0.70902, 0.722142, 0.726782, 0.7268, 0.735884, 0.736467, 0.754225, 0.761187, 0.76121, 0.767854, 0.774755, 0.775265, 0.810381, 0.81041, 0.813105, 0.831872
elapsed time for k point: 7 seconds.
solve_kpoint (0.5,0.5,0.415842):
Solving for bands 1 to 10...
Finished solving for bands 1 to 10 after 10 iterations.
Solving for bands 11 to 20...
Finished solving for bands 11 to 20 after 10 iterations.
Solving for bands 21 to 30...
Finished solving for bands 21 to 30 after 9 iterations.
Solving for bands 31 to 40...
Finished solving for bands 31 to 40 after 8 iterations.
Finished k-point with 9.25 mean iterations/band.
freqs:, 691, 0.5, 0.5, 0.415842, 0.82032, 0.34252, 0.342528, 0.346321, 0.491421, 0.491467, 0.493574, 0.509431, 0.513225, 0.519864, 0.519919, 0.5235, 0.523554, 0.565434, 0.56705, 0.62214, 0.623325, 0.661049, 0.66111, 0.666988, 0.671711, 0.678689, 0.678738, 0.706554, 0.706591, 0.709102, 0.722469, 0.726682, 0.7267, 0.735782, 0.737383, 0.753561, 0.761053, 0.761077, 0.767288, 0.774731, 0.775185, 0.810545, 0.810574, 0.812996, 0.832276
elapsed time for k point: 6 seconds.
solve_kpoint (0.5,0.5,0.420792):
Solving for bands 1 to 10...
Finished solving for bands 1 to 10 after 17 iterations.
Solving for bands 11 to 20...
Finished solving for bands 11 to 20 after 7 iterations.
Solving for bands 21 to 30...
Finished solving for bands 21 to 30 after 9 iterations.
Solving for bands 31 to 40...
Finished solving for bands 31 to 40 after 8 iterations.
Finished k-point with 10.25 mean iterations/band.
freqs:, 692, 0.5, 0.5, 0.420792, 0.82284, 0.342745, 0.342753, 0.34612, 0.491937, 0.491983, 0.493956, 0.510045, 0.513713, 0.519383, 0.519438, 0.522906, 0.52296, 0.565155, 0.566617, 0.621812, 0.622873, 0.661603, 0.661664, 0.667196, 0.671746, 0.678262, 0.678312, 0.706923, 0.706961, 0.709185, 0.722787, 0.726584, 0.726603, 0.735676, 0.738282, 0.752927, 0.760926, 0.760949, 0.76672, 0.774708, 0.77511, 0.810702, 0.810732, 0.812893, 0.832673
elapsed time for k point: 6 seconds.
solve_kpoint (0.5,0.5,0.425743):
Solving for bands 1 to 10...
Finished solving for bands 1 to 10 after 11 iterations.
Solving for bands 11 to 20...
Finished solving for bands 11 to 20 after 10 iterations.
Solving for bands 21 to 30...
Finished solving for bands 21 to 30 after 9 iterations.
Solving for bands 31 to 40...
Finished solving for bands 31 to 40 after 9 iterations.
Finished k-point with 9.75 mean iterations/band.
freqs:, 693, 0.5, 0.5, 0.425743, 0.825383, 0.342958, 0.342966, 0.345931, 0.492444, 0.492489, 0.494321, 0.510627, 0.514178, 0.518926, 0.518979, 0.522331, 0.522385, 0.564893, 0.566204, 0.621499, 0.622443, 0.662154, 0.662214, 0.667393, 0.67178, 0.677831, 0.677881, 0.707276, 0.707314, 0.709269, 0.723094, 0.726489, 0.726509, 0.735568, 0.739161, 0.752325, 0.760805, 0.760828, 0.766151, 0.774686, 0.775041, 0.810854, 0.810884, 0.812796, 0.833059
elapsed time for k point: 7 seconds.
solve_kpoint (0.5,0.5,0.430693):
Solving for bands 1 to 10...
Finished solving for bands 1 to 10 after 18 iterations.
Solving for bands 11 to 20...
Finished solving for bands 11 to 20 after 10 iterations.
Solving for bands 21 to 30...
Finished solving for bands 21 to 30 after 9 iterations.
Solving for bands 31 to 40...
Finished solving for bands 31 to 40 after 9 iterations.
Finished k-point with 11.5 mean iterations/band.
freqs:, 694, 0.5, 0.5, 0.430693, 0.827947, 0.343159, 0.343167, 0.345754, 0.492939, 0.492985, 0.494668, 0.511176, 0.514619, 0.518487, 0.51854, 0.52178, 0.521833, 0.564648, 0.565814, 0.621202, 0.622035, 0.662701, 0.662761, 0.667578, 0.671811, 0.677394, 0.677445, 0.707611, 0.707649, 0.709352, 0.72339, 0.726397, 0.726418, 0.735458, 0.74002, 0.751755, 0.76069, 0.760713, 0.765581, 0.774666, 0.774976, 0.810998, 0.811029, 0.812706, 0.833434
elapsed time for k point: 7 seconds.
solve_kpoint (0.5,0.5,0.435644):
Solving for bands 1 to 10...
Finished solving for bands 1 to 10 after 18 iterations.
Solving for bands 11 to 20...
Finished solving for bands 11 to 20 after 11 iterations.
Solving for bands 21 to 30...
Finished solving for bands 21 to 30 after 9 iterations.
Solving for bands 31 to 40...
Finished solving for bands 31 to 40 after 9 iterations.
Finished k-point with 11.75 mean iterations/band.
freqs:, 695, 0.5, 0.5, 0.435644, 0.830533, 0.343347, 0.343356, 0.34559, 0.493422, 0.493467, 0.494996, 0.511691, 0.515033, 0.51807, 0.518122, 0.521253, 0.521306, 0.564419, 0.565446, 0.620923, 0.62165, 0.663243, 0.663303, 0.667751, 0.67184, 0.676953, 0.677005, 0.707928, 0.707966, 0.709435, 0.723674, 0.726309, 0.72633, 0.735347, 0.740857, 0.751219, 0.760581, 0.760605, 0.765015, 0.774647, 0.774916, 0.811136, 0.811167, 0.812622, 0.833794
elapsed time for k point: 8 seconds.
solve_kpoint (0.5,0.5,0.440594):
Solving for bands 1 to 10...
Finished solving for bands 1 to 10 after 18 iterations.
Solving for bands 11 to 20...
Finished solving for bands 11 to 20 after 11 iterations.
Solving for bands 21 to 30...
Finished solving for bands 21 to 30 after 10 iterations.
Solving for bands 31 to 40...
Finished solving for bands 31 to 40 after 9 iterations.
Finished k-point with 12 mean iterations/band.
freqs:, 696, 0.5, 0.5, 0.440594, 0.833141, 0.343523, 0.343532, 0.345438, 0.493889, 0.493934, 0.495303, 0.51217, 0.515422, 0.517674, 0.517725, 0.520754, 0.520806, 0.564207, 0.565101, 0.620662, 0.62129, 0.663781, 0.663841, 0.667912, 0.671867, 0.676509, 0.676561, 0.708225, 0.708264, 0.709515, 0.723944, 0.726224, 0.726246, 0.735237, 0.741669, 0.750718, 0.76048, 0.760503, 0.764452, 0.774629, 0.774862, 0.811266, 0.811297, 0.812544, 0.834139
elapsed time for k point: 8 seconds.
solve_kpoint (0.5,0.5,0.445545):
Solving for bands 1 to 10...
Finished solving for bands 1 to 10 after 18 iterations.
Solving for bands 11 to 20...
Finished solving for bands 11 to 20 after 12 iterations.
Solving for bands 21 to 30...
Finished solving for bands 21 to 30 after 10 iterations.
Solving for bands 31 to 40...
Finished solving for bands 31 to 40 after 9 iterations.
Finished k-point with 12.25 mean iterations/band.
freqs:, 697, 0.5, 0.5, 0.445545, 0.835769, 0.343686, 0.343694, 0.345299, 0.494337, 0.494383, 0.49559, 0.512614, 0.515782, 0.517299, 0.517349, 0.520286, 0.520336, 0.564011, 0.56478, 0.620418, 0.620956, 0.664314, 0.664374, 0.668061, 0.671891, 0.676062, 0.676115, 0.708502, 0.708542, 0.709593, 0.7242, 0.726144, 0.726167, 0.735127, 0.742455, 0.750252, 0.760386, 0.760409, 0.763896, 0.774613, 0.774812, 0.811387, 0.811419, 0.812472, 0.834466
elapsed time for k point: 7 seconds.
solve_kpoint (0.5,0.5,0.450495):
Solving for bands 1 to 10...
Finished solving for bands 1 to 10 after 18 iterations.
Solving for bands 11 to 20...
Finished solving for bands 11 to 20 after 12 iterations.
Solving for bands 21 to 30...
Finished solving for bands 21 to 30 after 11 iterations.
Solving for bands 31 to 40...
Finished solving for bands 31 to 40 after 9 iterations.
Finished k-point with 12.5 mean iterations/band.
freqs:, 698, 0.5, 0.5, 0.450495, 0.838419, 0.343836, 0.343844, 0.345171, 0.494765, 0.494811, 0.495855, 0.513022, 0.516115, 0.516945, 0.516994, 0.519851, 0.519899, 0.563833, 0.564484, 0.620194, 0.620648, 0.664841, 0.6649, 0.668197, 0.671914, 0.675613, 0.675667, 0.708759, 0.708798, 0.709667, 0.724441, 0.726069, 0.726092, 0.735021, 0.74321, 0.749822, 0.760299, 0.760322, 0.76335, 0.774597, 0.774767, 0.8115, 0.811532, 0.812407, 0.834772
elapsed time for k point: 8 seconds.
solve_kpoint (0.5,0.5,0.455446):
Solving for bands 1 to 10...
Finished solving for bands 1 to 10 after 19 iterations.
Solving for bands 11 to 20...
Finished solving for bands 11 to 20 after 12 iterations.
Solving for bands 21 to 30...
Finished solving for bands 21 to 30 after 11 iterations.
Solving for bands 31 to 40...
Finished solving for bands 31 to 40 after 9 iterations.
Finished k-point with 12.75 mean iterations/band.
freqs:, 699, 0.5, 0.5, 0.455446, 0.841089, 0.343972, 0.34398, 0.345056, 0.495169, 0.495214, 0.496097, 0.513393, 0.516418, 0.516614, 0.51666, 0.519452, 0.519499, 0.56367, 0.564215, 0.619989, 0.620366, 0.665361, 0.66542, 0.668321, 0.671935, 0.675163, 0.675217, 0.708993, 0.709034, 0.709737, 0.724665, 0.725999, 0.726023, 0.734918, 0.743931, 0.749431, 0.76022, 0.760243, 0.762819, 0.774583, 0.774727, 0.811603, 0.811636, 0.812347, 0.835057
elapsed time for k point: 9 seconds.
solve_kpoint (0.5,0.5,0.460396):
Solving for bands 1 to 10...
Finished solving for bands 1 to 10 after 19 iterations.
Solving for bands 11 to 20...
Finished solving for bands 11 to 20 after 12 iterations.
Solving for bands 21 to 30...
Finished solving for bands 21 to 30 after 11 iterations.
Solving for bands 31 to 40...
Finished solving for bands 31 to 40 after 9 iterations.
Finished k-point with 12.75 mean iterations/band.
freqs:, 700, 0.5, 0.5, 0.460396, 0.84378, 0.344094, 0.344102, 0.344953, 0.495545, 0.495591, 0.496316, 0.513727, 0.516305, 0.51635, 0.516692, 0.519091, 0.519136, 0.563525, 0.563971, 0.619804, 0.620113, 0.665872, 0.66593, 0.668432, 0.671953, 0.674714, 0.674769, 0.709206, 0.709246, 0.709802, 0.724871, 0.725935, 0.725959, 0.734821, 0.744614, 0.749078, 0.760148, 0.760171, 0.762306, 0.77457, 0.774691, 0.811697, 0.81173, 0.812294, 0.835318
elapsed time for k point: 8 seconds.
solve_kpoint (0.5,0.5,0.465347):
Solving for bands 1 to 10...
Finished solving for bands 1 to 10 after 19 iterations.
Solving for bands 11 to 20...
Finished solving for bands 11 to 20 after 13 iterations.
Solving for bands 21 to 30...
Finished solving for bands 21 to 30 after 13 iterations.
Solving for bands 31 to 40...
Finished solving for bands 31 to 40 after 10 iterations.
Finished k-point with 13.75 mean iterations/band.
freqs:, 701, 0.5, 0.5, 0.465347, 0.846491, 0.344202, 0.34421, 0.344863, 0.49589, 0.495936, 0.496511, 0.514022, 0.516022, 0.516065, 0.516935, 0.518771, 0.518813, 0.563396, 0.563755, 0.619639, 0.619888, 0.666372, 0.66643, 0.66853, 0.671969, 0.674269, 0.674325, 0.709395, 0.709436, 0.709862, 0.725057, 0.725877, 0.725902, 0.73473, 0.745251, 0.748764, 0.760085, 0.760108, 0.761818, 0.774559, 0.774661, 0.811781, 0.811814, 0.812248, 0.835552
elapsed time for k point: 9 seconds.
solve_kpoint (0.5,0.5,0.470297):
Solving for bands 1 to 10...
Finished solving for bands 1 to 10 after 12 iterations.
Solving for bands 11 to 20...
Finished solving for bands 11 to 20 after 13 iterations.
Solving for bands 21 to 30...
Finished solving for bands 21 to 30 after 13 iterations.
Solving for bands 31 to 40...
Finished solving for bands 31 to 40 after 10 iterations.
Finished k-point with 12 mean iterations/band.
freqs:, 702, 0.5, 0.5, 0.470297, 0.849223, 0.344297, 0.344305, 0.344784, 0.4962, 0.496246, 0.496682, 0.51428, 0.515768, 0.51581, 0.517147, 0.51849, 0.51853, 0.563284, 0.563567, 0.619495, 0.619692, 0.666858, 0.666915, 0.668615, 0.671983, 0.67383, 0.673887, 0.70956, 0.709602, 0.709915, 0.725222, 0.725825, 0.725851, 0.734647, 0.745836, 0.74849, 0.76003, 0.760053, 0.761363, 0.774548, 0.774635, 0.811854, 0.811887, 0.812207, 0.83576
elapsed time for k point: 7 seconds.
solve_kpoint (0.5,0.5,0.475248):
Solving for bands 1 to 10...
Finished solving for bands 1 to 10 after 19 iterations.
Solving for bands 11 to 20...
Finished solving for bands 11 to 20 after 14 iterations.
Solving for bands 21 to 30...
Finished solving for bands 21 to 30 after 14 iterations.
Solving for bands 31 to 40...
Finished solving for bands 31 to 40 after 10 iterations.
Finished k-point with 14.25 mean iterations/band.
freqs:, 703, 0.5, 0.5, 0.475248, 0.851974, 0.344377, 0.344385, 0.344717, 0.49647, 0.496517, 0.496827, 0.514498, 0.515542, 0.515583, 0.517328, 0.518255, 0.518293, 0.563188, 0.563408, 0.619371, 0.619527, 0.667324, 0.667381, 0.668687, 0.671995, 0.673404, 0.673461, 0.709701, 0.709743, 0.709961, 0.725365, 0.725781, 0.725807, 0.734574, 0.746359, 0.748257, 0.759983, 0.760006, 0.760949, 0.774538, 0.774614, 0.811917, 0.81195, 0.812173, 0.835938
elapsed time for k point: 10 seconds.
solve_kpoint (0.5,0.5,0.480198):
Solving for bands 1 to 10...
Finished solving for bands 1 to 10 after 12 iterations.
Solving for bands 11 to 20...
Finished solving for bands 11 to 20 after 15 iterations.
Solving for bands 21 to 30...
Finished solving for bands 21 to 30 after 15 iterations.
Solving for bands 31 to 40...
Finished solving for bands 31 to 40 after 10 iterations.
Finished k-point with 13 mean iterations/band.
freqs:, 704, 0.5, 0.5, 0.480198, 0.854746, 0.344442, 0.34445, 0.344663, 0.496698, 0.496745, 0.496946, 0.514677, 0.515353, 0.515393, 0.517476, 0.518061, 0.518097, 0.563109, 0.563278, 0.619269, 0.619391, 0.667763, 0.667819, 0.668746, 0.672005, 0.672998, 0.673056, 0.709818, 0.709859, 0.709999, 0.725485, 0.725744, 0.72577, 0.734512, 0.74681, 0.748066, 0.759944, 0.759967, 0.760587, 0.774529, 0.774597, 0.811968, 0.812002, 0.812145, 0.836086
elapsed time for k point: 8 seconds.
solve_kpoint (0.5,0.5,0.485149):
Solving for bands 1 to 10...
Finished solving for bands 1 to 10 after 19 iterations.
Solving for bands 11 to 20...
Finished solving for bands 11 to 20 after 16 iterations.
Solving for bands 21 to 30...
Finished solving for bands 21 to 30 after 15 iterations.
Solving for bands 31 to 40...
Finished solving for bands 31 to 40 after 10 iterations.
Finished k-point with 15 mean iterations/band.
freqs:, 705, 0.5, 0.5, 0.485149, 0.857537, 0.344494, 0.344502, 0.344621, 0.49688, 0.496927, 0.49704, 0.514817, 0.515199, 0.515238, 0.517591, 0.517911, 0.517946, 0.563045, 0.563179, 0.619187, 0.619287, 0.668158, 0.668214, 0.668793, 0.672012, 0.672627, 0.672687, 0.709908, 0.709951, 0.710029, 0.725579, 0.725715, 0.725742, 0.734463, 0.747179, 0.747916, 0.759914, 0.759937, 0.760288, 0.774522, 0.774585, 0.812009, 0.812042, 0.812123, 0.836203
elapsed time for k point: 10 seconds.
solve_kpoint (0.5,0.5,0.490099):
Solving for bands 1 to 10...
Finished solving for bands 1 to 10 after 12 iterations.
Solving for bands 11 to 20...
Finished solving for bands 11 to 20 after 16 iterations.
Solving for bands 21 to 30...
Finished solving for bands 21 to 30 after 15 iterations.
Solving for bands 31 to 40...
Finished solving for bands 31 to 40 after 10 iterations.
Finished k-point with 13.25 mean iterations/band.
freqs:, 706, 0.5, 0.5, 0.490099, 0.860347, 0.34453, 0.344538, 0.344591, 0.497012, 0.497059, 0.497107, 0.514917, 0.515088, 0.515127, 0.517674, 0.517804, 0.517837, 0.562998, 0.563109, 0.619128, 0.619213, 0.668488, 0.668543, 0.668826, 0.672018, 0.672316, 0.672376, 0.709974, 0.710016, 0.710051, 0.725647, 0.725694, 0.725721, 0.734426, 0.747453, 0.747809, 0.759892, 0.759915, 0.760063, 0.774517, 0.774576, 0.812038, 0.812071, 0.812107, 0.836287
elapsed time for k point: 8 seconds.
solve_kpoint (0.5,0.5,0.49505):
Solving for bands 1 to 10...
Finished solving for bands 1 to 10 after 12 iterations.
Solving for bands 11 to 20...
Finished solving for bands 11 to 20 after 16 iterations.
Solving for bands 21 to 30...
Finished solving for bands 21 to 30 after 15 iterations.
Solving for bands 31 to 40...
Finished solving for bands 31 to 40 after 10 iterations.
Finished k-point with 13.25 mean iterations/band.
freqs:, 707, 0.5, 0.5, 0.49505, 0.863177, 0.344552, 0.34456, 0.344573, 0.497092, 0.497137, 0.49715, 0.514977, 0.51502, 0.515059, 0.517724, 0.517739, 0.517772, 0.562969, 0.563068, 0.619091, 0.61917, 0.668715, 0.668769, 0.668845, 0.672021, 0.672099, 0.672161, 0.710013, 0.710056, 0.710065, 0.725681, 0.725689, 0.725709, 0.734404, 0.747623, 0.747745, 0.759879, 0.759902, 0.759924, 0.774513, 0.774571, 0.812055, 0.812088, 0.812099, 0.836338
elapsed time for k point: 9 seconds.
solve_kpoint (0.5,0.5,0.5):
Solving for bands 1 to 10...
Finished solving for bands 1 to 10 after 12 iterations.
Solving for bands 11 to 20...
Finished solving for bands 11 to 20 after 16 iterations.
Solving for bands 21 to 30...
Finished solving for bands 21 to 30 after 15 iterations.
Solving for bands 31 to 40...
Finished solving for bands 31 to 40 after 10 iterations.
Finished k-point with 13.25 mean iterations/band.
freqs:, 708, 0.5, 0.5, 0.5, 0.866025, 0.34456, 0.344564, 0.34457, 0.497119, 0.497159, 0.497169, 0.514996, 0.514998, 0.515035, 0.51774, 0.517718, 0.51775, 0.562959, 0.563054, 0.619079, 0.619155, 0.668798, 0.668851, 0.668853, 0.672022, 0.67202, 0.672082, 0.710026, 0.710069, 0.710069, 0.725677, 0.725702, 0.725704, 0.734397, 0.74768, 0.747724, 0.759873, 0.759877, 0.759898, 0.774512, 0.77457, 0.812061, 0.812092, 0.812098, 0.836356
elapsed time for k point: 9 seconds.
Band 1 range: 0.0 at #(0.0 0.0 0.0) to 0.3445596880489779 at #(0.5 0.5 0.5)
Band 2 range: 0.0 at #(0.0 0.0 0.0) to 0.3445639385743224 at #(0.5 0.5 0.5)
Band 3 range: 0.34457034934261044 at #(0.5 0.5 0.5) to 0.5191886695932985 at #(0.0 0.0 0.0)
Band 4 range: 0.3562371758705453 at #(0.5 0.0 0.0) to 0.519225468405995 at #(0.0 0.0 0.0)
Band 5 range: 0.45607270359370256 at #(0.4158415841584161 0.4158415841584161 0.0) to 0.5230228259595913 at #(0.1584158415841581 0.0 0.0)
Band 6 range: 0.4620951923101423 at #(0.5 0.46039603960396036 0.0) to 0.534554265571707 at #(0.0 0.0 0.0)
Band 7 range: 0.4646692609476739 at #(0.5 0.5 0.04455445544554418) to 0.5523822737330497 at #(0.5 0.0 0.0)
Band 8 range: 0.46525808290424386 at #(0.5 0.5 0.0) to 0.5581493572242889 at #(0.4455445544554455 0.0 0.0)
Band 9 range: 0.5150351080413424 at #(0.5 0.5 0.5) to 0.572257653203876 at #(0.5 0.5 0.0)
Band 10 range: 0.5166604631366871 at #(0.5 0.5 0.4554455445544554) to 0.573433976528566 at #(0.35643564356435664 0.35643564356435664 0.0)
Band 11 range: 0.5161581588647237 at #(0.47029702970297027 0.47029702970297027 0.47029702970297027) to 0.5946916365857499 at #(0.5 0.2673267326732671 0.0)
Band 12 range: 0.5177490663468096 at #(0.5 0.5 0.5) to 0.5991311123800392 at #(0.22277227722772253 0.22277227722772253 0.22277227722772253)
Band 13 range: 0.5629588379626609 at #(0.5 0.5 0.5) to 0.6178749227558897 at #(0.5 0.5 0.04455445544554418)
Band 14 range: 0.5630544343820292 at #(0.5 0.5 0.5) to 0.6207820507632161 at #(0.17326732673267298 0.17326732673267298 0.17326732673267298)
Band 15 range: 0.612637155507465 at #(0.5 0.21287128712871298 0.21287128712871298) to 0.6392044152273374 at #(0.5 0.5 0.23267326732673244)
Band 16 range: 0.6191554271128077 at #(0.5 0.5 0.5) to 0.648207059733528 at #(0.5 0.1435643564356436 0.1435643564356436)
Band 17 range: 0.6277017458770675 at #(0.5 0.5 0.02970297029702933) to 0.6687977778757154 at #(0.5 0.5 0.5)
Band 18 range: 0.6338677587441836 at #(0.5 0.40594059405940586 0.0) to 0.6688507946883112 at #(0.5 0.5 0.5)
Band 19 range: 0.6456752294077132 at #(0.08910891089108912 0.08910891089108912 0.0) to 0.6688534854369462 at #(0.5 0.5 0.5)
Band 20 range: 0.6472482427400372 at #(0.5 0.5 0.0) to 0.672062403545778 at #(0.5 0.4950495049504954 0.4950495049504954)
Band 21 range: 0.6573002906210518 at #(0.18316831683168325 0.18316831683168325 0.0) to 0.6878661768955034 at #(0.3564356435643563 0.3564356435643563 0.3564356435643563)
Band 22 range: 0.6599250439875931 at #(0.5 0.5 0.0) to 0.6892274196589715 at #(0.5 0.33168316831683187 0.33168316831683187)
Band 23 range: 0.6673316834443801 at #(0.5 0.5 0.11881188118811847) to 0.7100264027546052 at #(0.5 0.5 0.5)
Band 24 range: 0.6769019102752979 at #(0.2821782178217823 0.2821782178217823 0.0) to 0.7100686415057591 at #(0.5 0.5 0.5)
Band 25 range: 0.6850057140460677 at #(0.5 0.18811881188118784 0.0) to 0.712655684077894 at #(0.004950495049504574 0.004950495049504574 0.004950495049504574)
Band 26 range: 0.6850087378404794 at #(0.5 0.18811881188118784 0.0) to 0.7256819253662086 at #(0.5 0.4950495049504954 0.4950495049504954)
Band 27 range: 0.7006454769379452 at #(0.23762376237623775 0.23762376237623775 0.0) to 0.7276395349889189 at #(0.5 0.5 0.3712871287128712)
Band 28 range: 0.7046317603614678 at #(0.26732673267326745 0.26732673267326745 0.0) to 0.7323778594933874 at #(0.5 0.5 0.17821782178217793)
Band 29 range: 0.7123703177484828 at #(0.26237623762376217 0.0 0.0) to 0.7435980557834307 at #(0.44059405940594054 0.44059405940594054 0.44059405940594054)
Band 30 range: 0.7186732879866184 at #(0.5 0.024752475247524754 0.024752475247524754) to 0.7477206978151641 at #(0.5 0.5 0.5)
Band 31 range: 0.7182391064058412 at #(0.5 0.029702970297029705 0.029702970297029705) to 0.7683135704982532 at #(0.5 0.5 0.10891089108910856)
Band 32 range: 0.7204327320534042 at #(0.5 0.0 0.0) to 0.768938711317985 at #(0.3514851485148517 0.3514851485148517 0.0)
Band 33 range: 0.7347612922419035 at #(0.0 0.0 0.0) to 0.7806241492424297 at #(0.5 0.5 0.0)
Band 34 range: 0.734789387764576 at #(0.0 0.0 0.0) to 0.7830463507014198 at #(0.5 0.5 0.16336633663366307)
Band 35 range: 0.7668739334252044 at #(0.2227722772277229 0.2227722772277229 0.0) to 0.8007005085752156 at #(0.5 0.5 0.0)
Band 36 range: 0.7693865449342552 at #(0.1831683168316829 0.1831683168316829 0.1831683168316829) to 0.8074009408150872 at #(0.5 0.5 0.06930693069306892)
Band 37 range: 0.7760464206881718 at #(0.25247524752475226 0.25247524752475226 0.25247524752475226) to 0.8120611346072567 at #(0.5 0.5 0.5)
Band 38 range: 0.7830036030155552 at #(0.2673267326732671 0.0 0.0) to 0.8145079696468605 at #(0.5 0.5 0.14356435643564325)
Band 39 range: 0.7830132709014308 at #(0.2722772277227721 0.0 0.0) to 0.832708549724416 at #(0.5 0.5 0.0)
Band 40 range: 0.799115654164065 at #(0.14356435643564325 0.14356435643564325 0.14356435643564325) to 0.8363562695840255 at #(0.5 0.5 0.5)
Gap from band 2 (0.3445639385743224) to band 3 (0.34457034934261044), 0.0018605280278346209%
total elapsed time for run: 1 hour, 28 minutes, 30 seconds.
done.
