rscan_3300502.out:harminv0:, frequency, imag. freq., Q, |amp|, amplitude, error
rscan_3300502.out:harminv0:,0.3470466160630580,-4.68286804991833E-04,370.5492151002530,0.034386844752696000,-0.02258565570534604-0.02592958249578236i,2.2193219319445266e-7+0.0i
rscan_3300502.out:harminv0:,0.35053465771973700,4.24033047436931E-05,-4133.3412553401800,0.005108683659507880,-0.0010883742711584128-0.004991401624674496i,2.645035116036143e-5+0.0i
rscan_3300502.out:harminv0:,0.35261841600454400,-0.0019131945793066100,92.15435267758870,0.05286046010243440,-0.02193803778331232-0.048093146501960296i,5.879397546686248e-5+0.0i
rscan_3300502.out:harminv0:,0.3579124672287200,-0.0026978654718140900,66.33252676384450,0.03997724155841190,-0.03952218514880349-0.0060147089441894815i,8.382993730759202e-5+0.0i
rscan_3300502.out:harminv0:,0.4040353285557480,-0.0017516600163463800,115.32926617760200,0.004640506787218010,0.001754058918304265-0.004296228643046555i,1.001664242095693e-5+0.0i
rscan_3300502.out:harminv0:, frequency, imag. freq., Q, |amp|, amplitude, error
rscan_3300502.out:harminv0:,0.3467959843864870,-4.16446264716586E-04,416.37542915951,0.033391120755404400,0.014480077793874425-0.030088108820351962i,3.3145243216025947e-6+0.0i
rscan_3300502.out:harminv0:,0.350010093871272,0.001263017417703650,-138.56107167058800,1.98538373626048E-04,1.9834802136271993e-4-8.691848110158134e-6i,2.5665246305119132e-5+0.0i
rscan_3300502.out:harminv0:,0.3507537580835080,-2.02042090904925E-04,868.0215011449310,0.21656807576169400,0.18705924012651937+0.1091355676322445i,3.480423279063638e-7+0.0i
rscan_3300502.out:harminv0:,0.3557303369940590,-0.0019236543177103300,92.462126307983,0.11244965803377200,0.008332444066353507+0.11214051884931446i,9.696028513787836e-6+0.0i
rscan_3300502.out:harminv0:,0.4045470306176180,-0.0022954545567870700,88.1191547489965,0.008499964518005320,0.008499292769989272-1.068607381475838e-4i,1.0342224397988937e-5+0.0i
rscan_3300502.out:harminv0:, frequency, imag. freq., Q, |amp|, amplitude, error
rscan_3300502.out:harminv0:,0.34500155790807500,-0.00232795702072345,74.0996407658893,0.31288288341304500,-0.08343698996487373-0.3015525948130154i,2.0424246829617383e-4+0.0i
rscan_3300502.out:harminv0:,0.349235785336175,5.04161373099219E-04,-346.35317575930800,0.05011797049522440,-0.03544426327417737-0.03543324946305348i,1.3240922092206082e-6+0.0i
rscan_3300502.out:harminv0:,0.3506498345730550,-2.13496012356454E-04,821.20933010123,0.22682624419390500,-0.1997047900879406-0.10755529680608364i,9.583576812784683e-7+0.0i
rscan_3300502.out:harminv0:,0.3560584934166820,-0.0020186584231128200,88.19186280847630,0.09304228700406020,-0.021447078312856162+0.09053667766595i,1.887299807410374e-6+0.0i
rscan_3300502.out:harminv0:,0.38403368112218600,0.0031304301265154400,-61.33880419009130,0.02917217961880970,-0.014853415149616066+0.02510761084024626i,0.0016082433872690882+0.0i
rscan_3300502.out:harminv0:, frequency, imag. freq., Q, |amp|, amplitude, error
rscan_3300502.out:harminv0:,0.34720983565097000,-1.9747854316023E-04,879.107750377848,0.025399018295356500,-0.019514547155908106+0.016257077832983864i,6.357700966838208e-5+0.0i
rscan_3300502.out:harminv0:,0.35105132803917200,5.73121265270893E-05,-3062.626963189400,0.04680097925455970,-0.03580461538357676+0.030139030781029887i,2.7799582722481e-7+0.0i
rscan_3300502.out:harminv0:,0.3529459962610460,-0.003045050307787380,57.95405011182000,0.1039277706230340,0.0880898670820311+0.05514668461606698i,7.020198013473496e-5+0.0i
rscan_3300502.out:harminv0:,0.3560002516294020,-5.37626570372463E-04,331.08506093994600,0.007609091359773770,0.003911742719585486+0.006526602501849931i,6.996656203234788e-5+0.0i
rscan_3300502.out:harminv0:,0.3971906960312270,1.82442794468113E-04,-1088.5348944286400,1.33551197645079E-04,5.5483833691619094e-5+1.2148031359572465e-4i,4.257269170178501e-4+0.0i
rscan_3300502.out:harminv0:,0.40310059341446900,-0.0017554838059431200,114.81182339870900,0.003364878069854200,0.003275324896547566+7.711363349248946e-4i,1.920416443389524e-4+0.0i
rscan_3300502.out:harminv0:, frequency, imag. freq., Q, |amp|, amplitude, error
rscan_3300502.out:harminv0:,0.328906850288592,-0.003082880611304850,53.344078437954800,0.0023412028296236400,-0.002145156860960262-9.378340638475822e-4i,5.264807575038292e-4+0.0i
rscan_3300502.out:harminv0:,0.3466699802000770,-6.18478140766001E-04,280.2604953593980,0.06426835782538150,0.00899808140319254-0.06363533883490212i,2.1991969775544144e-6+0.0i
rscan_3300502.out:harminv0:,0.3506764432548760,-2.29570207136964E-04,763.7673190007160,0.2591151937010050,-0.23516241656634845-0.10880864598635878i,2.9752302264256294e-7+0.0i
rscan_3300502.out:harminv0:,0.3666199483670360,-0.003254948717886020,56.31731559278510,0.008803914723048780,3.823826432772186e-4+0.008795606742279654i,7.18941702975305e-5+0.0i
rscan_3300502.out:harminv0:,0.40442063135376,-0.0021484924687305000,94.11730253649060,0.011637858633022800,-0.00856143546640295+0.007882992852771116i,1.1741521337149583e-5+0.0i
rscan_3300502.out:harminv0:, frequency, imag. freq., Q, |amp|, amplitude, error
rscan_3300502.out:harminv0:,0.3285732120917610,-3.53082738662114E-04,465.29209178672500,3.61132094806867E-05,-1.0492962445876321e-5+3.455519697679909e-5i,3.7487345168618174e-4+0.0i
rscan_3300502.out:harminv0:,0.3502660452403270,-0.003191135846703800,54.8810928250086,0.1664456379971210,-0.16421383099099043+0.027165568639934974i,1.3526936906173737e-5+0.0i
rscan_3300502.out:harminv0:,0.351786411754355,7.06245711411407E-04,-249.0538392447880,0.0030978918589483800,0.003075956524470833-3.680019419839605e-4i,6.537909393847747e-4+0.0i
rscan_3300502.out:harminv0:,0.3558328672343070,-0.001495725660183720,118.94991063755600,0.019532131258441100,0.00870591096491222+0.017484600818091146i,1.7558084627533095e-4+0.0i
rscan_3300502.out:harminv0:,0.3803205086663850,3.33538711407994E-04,-570.1294867107150,4.77944262859957E-05,-3.433139318693456e-5+3.325150561781492e-5i,0.0012851223625881608+0.0i
rscan_3300502.out:harminv0:,0.4039141183229550,-0.0011594826357868500,174.17859735728200,0.0013807765410547100,1.7794919744141622e-4-0.0013692618228289852i,1.335026815259594e-4+0.0i
rscan_3300503.out:harminv0:, frequency, imag. freq., Q, |amp|, amplitude, error
rscan_3300503.out:harminv0:,0.3455617478586560,-0.0010988596533205700,157.2365255264520,0.05941398646216810,-0.05496061079350485-0.022568851289588666i,6.825077454297404e-6+0.0i
rscan_3300503.out:harminv0:,0.34993140167328300,0.0010162349048288200,-172.1705286890470,7.72332798587503E-04,7.150113477274185e-4-2.919875415065259e-4i,3.8542402153905816e-5+0.0i
rscan_3300503.out:harminv0:,0.3537206598785350,-0.002342412734950100,75.50348719523820,0.06960288381191340,0.04992968126505341-0.048493178527550494i,1.8679336866615962e-6+0.0i
rscan_3300503.out:harminv0:,0.39817377075100400,-0.0014373831104144100,138.5064871940120,0.012279433760732700,0.0013295375671890236+0.012207244707207868i,4.288854002192595e-7+0.0i
rscan_3300503.out:harminv0:, frequency, imag. freq., Q, |amp|, amplitude, error
rscan_3300503.out:harminv0:,0.3447642932797260,-9.3961865277357E-04,183.45968987633900,0.08047162409840050,0.06274832115452002+0.0503818467041799i,9.939442001365362e-7+0.0i
rscan_3300503.out:harminv0:,0.349742891261503,-2.01642490175294E-04,867.2351024763220,0.2240416195547470,0.15048244337186503+0.16598096737140478i,1.199702913598822e-7+0.0i
rscan_3300503.out:harminv0:,0.3540940413628270,-0.001962314145908950,90.22358680465250,0.19871316593927700,-0.16470229767170516+0.11117587624692563i,1.3826016933505764e-6+0.0i
rscan_3300503.out:harminv0:,0.3982928985618030,-0.001653657829621680,120.42784529763400,0.00949014755672877,-0.002278869653346841+0.009212472727315934i,1.1624730631317387e-5+0.0i
rscan_3300503.out:harminv0:, frequency, imag. freq., Q, |amp|, amplitude, error
rscan_3300503.out:harminv0:,0.3446130577110430,-5.48860145395346E-04,313.9352170149070,0.03171768870838440,-0.0250519770568038+0.019452769020048374i,2.153487331862215e-5+0.0i
rscan_3300503.out:harminv0:,0.34650026835302900,-1.61183584107624E-04,1074.8621525926200,0.007026668835148670,0.0016069339757928682+0.006840455987453763i,1.253741345924879e-4+0.0i
rscan_3300503.out:harminv0:,0.34957372498553300,-1.44819754503105E-04,1206.926935434210,0.20700417054381100,-0.15509866193081684+0.1370953379579392i,1.4882931463589155e-7+0.0i
rscan_3300503.out:harminv0:,0.3541780190944010,-0.0022128462120578400,80.02770756604760,0.1841011884210900,-0.15658131322517+0.09682737178473307i,1.055604805585793e-5+0.0i
rscan_3300503.out:harminv0:,0.39796508291492900,-0.0016304003643030600,122.04520178853300,0.011542278573889400,0.01024443553782393+0.005317493318156296i,1.977749690880326e-5+0.0i
rscan_3300503.out:harminv0:, frequency, imag. freq., Q, |amp|, amplitude, error
rscan_3300503.out:harminv0:,0.34440500236357300,1.97331405581589E-04,-872.6563350332350,0.01217281660026590,-0.006408096323664933-0.010349578034409931i,8.156861050896797e-7+0.0i
rscan_3300503.out:harminv0:,0.3457369964829650,-0.0012049394156933700,143.46654776996200,0.0766487226197547,0.05494596661796834+0.05344125215278178i,2.5672587260883417e-5+0.0i
rscan_3300503.out:harminv0:,0.34998170138212800,-1.43793726314885E-04,1216.9574791313400,0.06904052680067260,-0.04403834993497004-0.05317159087256575i,4.539057098613039e-7+0.0i
rscan_3300503.out:harminv0:,0.3538978193893930,-0.0023040201798874500,76.80006939146700,0.060676867474940100,-0.026951574369336803+0.0543626239762721i,5.7691845515097945e-6+0.0i
rscan_3300503.out:harminv0:,0.3983305802746960,-0.0015892342549497100,125.3215437038580,0.011345173635352400,-0.004129456672036805-0.010566955683169404i,6.577134324974868e-6+0.0i
rscan_3300503.out:harminv0:, frequency, imag. freq., Q, |amp|, amplitude, error
rscan_3300503.out:harminv0:,0.34470216203007800,-4.94471266044913E-04,348.55631226786800,0.05287243171315350,0.04773294857863073-0.022738945781453385i,1.5420290665378686e-5+0.0i
rscan_3300503.out:harminv0:,0.3473129675573050,-0.0013099088116398200,132.57142958009400,0.028077913931358200,0.020113437010949066-0.019591296596788637i,8.803911148635316e-5+0.0i
rscan_3300503.out:harminv0:,0.349756565213167,-2.18540407598941E-04,800.2102884676360,0.2515988716380040,-0.15327246783177376+0.1995232889020096i,6.784542822638842e-8+0.0i
rscan_3300503.out:harminv0:,0.368345081798239,-0.002775189997106100,66.3639394388025,0.004190056713912780,-0.00315546909717477-0.0027567353958224995i,1.3426738312328717e-4+0.0i
rscan_3300503.out:harminv0:,0.3982260134337100,-0.0015642033321600400,127.29355744428400,0.017704730036562300,-0.005887412124656073-0.01669718072436199i,3.4711759142489476e-6+0.0i
rscan_3300503.out:harminv0:, frequency, imag. freq., Q, |amp|, amplitude, error
rscan_3300503.out:harminv0:,0.344838112086756,-5.69960872857413E-04,302.51033755875400,0.02482558946202480,0.024051750167802144-0.006150057398319606i,4.953746059891249e-6+0.0i
rscan_3300503.out:harminv0:,0.34800553690652300,-0.0010465737096768900,166.25944913806500,0.02748947128746210,-0.026421588228839304+0.007587536301716398i,3.371382848090118e-5+0.0i
rscan_3300503.out:harminv0:,0.34952703762190800,-4.14194393831485E-05,4219.359832331700,0.17343053228588600,-0.10405485226952144+0.13874702608753048i,6.841365645318013e-8+0.0i
rscan_3300503.out:harminv0:,0.3539559280173710,-0.0020863681707082100,84.8258550400581,0.06771866547995760,-0.036237789664831176+0.05720699480477759i,4.859575988354939e-6+0.0i
rscan_3300503.out:harminv0:,0.3664785689294390,-0.0035492762885102200,51.62722469870960,0.018477648419111700,0.012442266249822843+0.013660655243026266i,2.6505205304700555e-5+0.0i
rscan_3300503.out:harminv0:,0.39195814957728900,-0.003376780335837810,58.03725895602880,0.015752968824049400,0.011385895616573258+0.010886570064991545i,1.8586368190353424e-5+0.0i
rscan_3300503.out:harminv0:,0.39826418353181000,-0.001400988256721570,142.13687431748400,0.008241425485623010,1.6257557267537238e-4+0.008239821795296651i,7.365212145919567e-6+0.0i
rscan_3300504.out:harminv0:, frequency, imag. freq., Q, |amp|, amplitude, error
rscan_3300504.out:harminv0:,0.33300497442215100,5.46130050974018E-05,-3048.7699205366900,2.86737538140784E-05,2.1057573802163318e-5-1.9461827852409497e-5i,0.0012348311456581097+0.0i
rscan_3300504.out:harminv0:,0.3447525525171080,-9.29479296980726E-04,185.45466996251800,0.06794593488322650,0.032256339824552206+0.05980115892086595i,2.4480429080608745e-7+0.0i
rscan_3300504.out:harminv0:,0.34766732420737900,-1.69989832997397E-04,1022.612111786420,0.009232156757817830,-0.008227085218983077-0.0041890079017007885i,3.372817958093511e-5+0.0i
rscan_3300504.out:harminv0:,0.3515844376202640,-0.001019489130722430,172.431675348577,0.04511250463326490,0.044948006698099945+0.003848995733163716i,1.8103106189614318e-5+0.0i
rscan_3300504.out:harminv0:,0.37587341070402400,-0.0027840412504704900,67.5050002654422,1.62763793489753E-04,4.625172435531671e-5-1.5605393447566424e-4i,1.5112123483511941e-4+0.0i
rscan_3300504.out:harminv0:,0.39426371066276700,-0.0015523690272525400,126.98775347268900,0.014749089269568700,-0.014600273736447188+0.0020898902130293993i,2.220176123171933e-7+0.0i
rscan_3300504.out:harminv0:, frequency, imag. freq., Q, |amp|, amplitude, error
rscan_3300504.out:harminv0:,0.3426304975795030,-8.11335326295656E-04,211.15221196140000,0.08107469176896860,0.07883659501421161-0.018918164075788575i,1.2972706168898282e-6+0.0i
rscan_3300504.out:harminv0:,0.3488543682004350,-2.50991013727345E-04,694.953900977907,0.24159520114950900,0.12998605195229715+0.20364642770332714i,2.1292510990228816e-6+0.0i
rscan_3300504.out:harminv0:,0.3510674904988650,-0.00198162176092419,88.58085266865800,0.4453720289173850,-0.4449003070004044-0.02049294934687214i,6.036075609525054e-6+0.0i
rscan_3300504.out:harminv0:,0.3942739994751210,-0.0010126044451302500,194.6831269461830,0.0030950471771789200,-0.0013662922507999718-0.0027771500705520286i,1.1242800760612629e-4+0.0i
rscan_3300504.out:harminv0:, frequency, imag. freq., Q, |amp|, amplitude, error
rscan_3300504.out:harminv0:,0.3422780962309210,-3.71801142610835E-04,460.2972624390020,0.020169101302197800,-0.016870130312908755+0.011054019656387241i,3.4594789890604866e-6+0.0i
rscan_3300504.out:harminv0:,0.3487829112750900,-9.9140883636066E-05,1759.0266421037200,0.17371596472270600,-0.06814593618510584-0.15979163864544296i,2.0015959893764902e-7+0.0i
rscan_3300504.out:harminv0:,0.3552570315500990,-0.0034852694026540400,50.96550517437340,0.5147115553893600,-0.3344935596309435-0.39120588417961577i,1.1693755254021524e-4+0.0i
rscan_3300504.out:harminv0:,0.3941749616846740,-0.002206049367930310,89.33956044113460,0.047866897266188400,-0.03168140120561831+0.03588214976197049i,1.7934497310933172e-5+0.0i
rscan_3300504.out:harminv0:, frequency, imag. freq., Q, |amp|, amplitude, error
rscan_3300504.out:harminv0:,0.342589307101022,5.93331460335368E-04,-288.6997656481760,0.005519058557402500,-0.005397667807476338+0.0011511687974277787i,1.672700161704202e-7+0.0i
rscan_3300504.out:harminv0:,0.3493221388668710,-1.45411010953295E-04,1201.1543574890300,0.07855988350378710,-0.0043783397152408485-0.07843778067657539i,2.1485408727283913e-7+0.0i
rscan_3300504.out:harminv0:,0.3507524707360440,-0.0016601553399340900,105.63844909536300,0.03712063111448190,-0.0348417937344518-0.01280588394853533i,9.597908653179388e-7+0.0i
rscan_3300504.out:harminv0:,0.3945284284320800,-0.0013250004208405700,148.87860495236400,0.005471814164636810,0.0052806872687449855-0.0014335592844506298i,7.490027958971222e-6+0.0i
rscan_3300504.out:harminv0:, frequency, imag. freq., Q, |amp|, amplitude, error
rscan_3300504.out:harminv0:,0.34300743454974900,-5.60237843668238E-04,306.1266196369910,0.05841924398332050,0.055333318379700534+0.018735846516061794i,9.151075311314298e-7+0.0i
rscan_3300504.out:harminv0:,0.34467288555111700,-6.23013832901214E-04,276.6173617253930,0.023678379992236000,0.018536753639086547-0.014732767682296918i,3.6971835222630928e-6+0.0i
rscan_3300504.out:harminv0:,0.3488585799499320,-2.1036084642507E-04,829.1908543783950,0.24429100967866100,-0.10164362831701845-0.22214110432869302i,1.0149139877538901e-7+0.0i
rscan_3300504.out:harminv0:,0.3511756564164470,-0.0020261580425958,86.6604798425647,0.05056778772767710,0.048084076178958046+0.01565320330435821i,6.561909534762541e-6+0.0i
rscan_3300504.out:harminv0:,0.3947085147196540,-0.0015052070741350600,131.11435678923600,0.012080257881328900,0.01205927910254714+7.11630526522402e-4i,3.807032126055959e-6+0.0i
rscan_3300504.out:harminv0:, frequency, imag. freq., Q, |amp|, amplitude, error
rscan_3300504.out:harminv0:,0.3263407002944650,-0.0028796614694673800,56.663032053351800,0.023255563288662300,-0.021272164706829855+0.009397671656239174i,2.6567951898852224e-4+0.0i
rscan_3300504.out:harminv0:,0.3429045463796000,-6.75966379757753E-04,253.6402376272680,0.03140313083391510,0.031160587027205304+0.003895438652058656i,2.4938447425501655e-5+0.0i
rscan_3300504.out:harminv0:,0.34465243294672000,-9.07957503326218E-04,189.79546492215600,0.03051425503035780,-0.02024134919556355+0.022834350063029432i,3.756771377486542e-5+0.0i
rscan_3300504.out:harminv0:,0.34893742779232800,2.15206197041988E-04,-810.7048788289500,0.10697268925106100,0.007848972141538743+0.10668434693958369i,3.0089595531442196e-7+0.0i
rscan_3300504.out:harminv0:,0.3511191376368690,-0.0018835356246565300,93.2074586327234,0.08884981909588900,-0.08884664557286075+7.509486151922195e-4i,5.548605258045252e-6+0.0i
rscan_3300504.out:harminv0:,0.3797386384165890,-0.00207476229457567,91.51376989291500,7.46099766167552E-05,-7.011015897488808e-5+2.5518899256603625e-5i,4.8574923934597666e-5+0.0i
rscan_3300504.out:harminv0:,0.3944991232485000,-0.0024429099522628400,80.74368907521130,0.056957254585876700,-0.053218662236489356-0.020295389617320435i,8.778419391153819e-6+0.0i
rscan_3300505.out:harminv0:, frequency, imag. freq., Q, |amp|, amplitude, error
rscan_3300505.out:harminv0:,0.32459580392058000,-2.30087854248809E-04,705.373616917593,4.57195798103222E-04,-1.4401163196525353e-4-4.339223982026585e-4i,3.602044062546426e-5+0.0i
rscan_3300505.out:harminv0:,0.3412998915313970,-7.72436920397742E-04,220.9241185388030,0.008314971385043400,-0.004223065382444378+0.007162713725236444i,4.176023138187815e-5+0.0i
rscan_3300505.out:harminv0:,0.34408236941871800,-8.2785694445835E-04,207.81511330067100,0.07845312081352160,0.059895125979925475+0.0506701692244054i,3.966589429859216e-7+0.0i
rscan_3300505.out:harminv0:,0.3480626873544810,2.33915085329314E-05,-7439.936737394790,0.008550599505872670,0.008548874160217653-1.7176292554822774e-4i,7.815551823150353e-6+0.0i
rscan_3300505.out:harminv0:,0.34976767256026600,-8.25571834176753E-04,211.8335789090050,0.0521502014691402,0.04933811134496177+0.01689361661054457i,5.871160468771072e-6+0.0i
rscan_3300505.out:harminv0:,0.35308612142306300,-0.0020921690769673100,84.38278849214160,0.001922065908442550,0.001358368254582468-0.0013598430208445567i,9.925582929757328e-5+0.0i
rscan_3300505.out:harminv0:,0.39289452489060000,-0.0017088402804927900,114.95940532760000,0.014310444907489200,-0.013504484622748215-0.004734736373256637i,3.0931253304931797e-6+0.0i
rscan_3300505.out:harminv0:, frequency, imag. freq., Q, |amp|, amplitude, error
rscan_3300505.out:harminv0:,0.32440857218471400,-6.8425097554719E-04,237.05378857902800,0.0011150130170424000,6.077768327993299e-4+9.348055143645705e-4i,5.0742412698226e-5+0.0i
rscan_3300505.out:harminv0:,0.34210668677779200,-6.98787390277716E-04,244.78596175142100,0.07911579537495160,0.06973011023532844+0.037376741489596924i,1.3856500056391449e-5+0.0i
rscan_3300505.out:harminv0:,0.343950312733133,1.23902620375571E-04,-1387.9864351962800,0.008864296445991350,0.008864295801019233-3.3814860031744607e-6i,7.97283380891782e-5+0.0i
rscan_3300505.out:harminv0:,0.3485788913445260,-3.05955391686552E-04,569.6563956971250,0.34327641082836200,-0.22226069507068982-0.26160825227407575i,1.267620982002295e-7+0.0i
rscan_3300505.out:harminv0:,0.3495291511429360,-0.001238685085226440,141.0887865332770,0.4261688765167400,-0.3231607974159725-0.2778255033739943i,6.40131598371338e-5+0.0i
rscan_3300505.out:harminv0:,0.3522604735112510,-0.0029253535069157000,60.20818897245870,0.1020291804016320,-0.0991562085007836+0.02404162991932609i,5.37164521195301e-4+0.0i
rscan_3300505.out:harminv0:,0.3930655610100010,-0.0022857030152432700,85.98351544112720,0.017436899874265600,0.009525280552553585-0.014605290398355933i,1.6926010671176945e-5+0.0i
rscan_3300505.out:harminv0:, frequency, imag. freq., Q, |amp|, amplitude, error
rscan_3300505.out:harminv0:,0.34135736103375200,8.89997665050431E-04,-191.77430146089700,0.003204856287856690,-0.003087540683006553+8.591835406907878e-4i,5.421815629530715e-6+0.0i
rscan_3300505.out:harminv0:,0.34789600521718500,1.28501061438479E-04,-1353.6697725401400,0.0974828719365241,-0.014531405039547958-0.09639371654091027i,4.854467720580854e-7+0.0i
rscan_3300505.out:harminv0:,0.34835278138961500,-0.002764803970343700,62.99773602869750,0.17818998481733500,-0.1780284085497949-0.007586595971135324i,3.289176236812226e-6+0.0i
rscan_3300505.out:harminv0:,0.3924963138446810,-0.001115142892253290,175.9847623884300,0.007633117243896640,-0.00584697910045078+0.004906863994239499i,3.0894083165312744e-6+0.0i
rscan_3300505.out:harminv0:, frequency, imag. freq., Q, |amp|, amplitude, error
rscan_3300505.out:harminv0:,0.3428675500867940,-6.75889468416521E-04,253.64173145800500,0.10905662000885300,0.03162644244400174-0.10437008434456461i,2.5146539829996996e-6+0.0i
rscan_3300505.out:harminv0:,0.34442979060495700,-3.29687233570531E-04,522.3583984050010,0.03260577212973810,-0.023586563285555924-0.022512450078853493i,8.312622938686978e-7+0.0i
rscan_3300505.out:harminv0:,0.34822189950434300,-3.07225140505185E-05,5667.210354786480,0.06642640903931070,-0.012846658990562787-0.06517231905217133i,5.00633664561803e-7+0.0i
rscan_3300505.out:harminv0:,0.37921129332210800,-0.0030109151842704900,62.972762451624300,0.008911813620536160,0.0013645557283041738+0.00880672525241512i,3.9012353995235e-5+0.0i
rscan_3300505.out:harminv0:,0.3923131247889430,-0.002182220779928920,89.88850449900890,0.013308479211424000,0.004329268538546682-0.012584635586382864i,8.032273886503528e-6+0.0i
rscan_3300505.out:harminv0:, frequency, imag. freq., Q, |amp|, amplitude, error
rscan_3300505.out:harminv0:,0.3240765658414240,-0.0021276327968203200,76.15895147079560,0.010474382432798000,0.010276334914469996+0.0020272217624505663i,4.627918571689039e-5+0.0i
rscan_3300505.out:harminv0:,0.34202379073256900,-5.07331182437488E-04,337.0813805385520,0.0514334966928834,0.04504756706609303+0.024821790497115602i,5.27778714705636e-6+0.0i
rscan_3300505.out:harminv0:,0.34456563355657000,-2.7755557463753E-04,620.7146694973630,0.017096130246585500,0.013434374713983531+0.010573327075830818i,2.5595316333998263e-5+0.0i
rscan_3300505.out:harminv0:,0.34807493285045600,-1.43710518001138E-04,1211.0280364019700,0.23713343316975,-0.011737833347738582+0.23684275035384345i,8.065063998207365e-8+0.0i
rscan_3300505.out:harminv0:,0.3488463746496200,-0.0012836718629135100,135.87832869447400,0.1253045433788780,0.11502310488843714+0.04970828837540756i,2.1875424045001346e-5+0.0i
rscan_3300505.out:harminv0:,0.3658465723328840,-0.002314225616711940,79.04297871628430,0.005198128080011120,0.0012509199476474467+0.005045367659623807i,7.463320379777864e-6+0.0i
rscan_3300505.out:harminv0:,0.3933124900396570,-0.0018397809751997800,106.89111783997700,0.015043785653176800,0.013460752478106599+0.00671741241118003i,3.4160320209266927e-6+0.0i
rscan_3300505.out:harminv0:, frequency, imag. freq., Q, |amp|, amplitude, error
rscan_3300505.out:harminv0:,0.3253562241604500,-7.85444333754977E-04,207.1160298560040,3.65343797086334E-04,3.0006041749664885e-4-2.084222539010579e-4i,1.5017563961477472e-4+0.0i
rscan_3300505.out:harminv0:,0.3421901325195260,-7.20625794864762E-04,237.42567568216400,0.042188222801468400,0.033643932661291204+0.025454507228167726i,1.0277375491814538e-5+0.0i
rscan_3300505.out:harminv0:,0.3444992877565430,-7.23451707676409E-04,238.09418382811600,0.02537266338259860,-0.02533745038094383-0.0013362841463800386i,3.542801698131687e-5+0.0i
rscan_3300505.out:harminv0:,0.34776464806285,-3.10821274268901E-06,55942.8644131335,0.1554108010018890,-0.015728548830247106+0.15461283846997734i,9.339742573032789e-8+0.0i
rscan_3300505.out:harminv0:,0.3493335256775460,-0.0011394434096251500,153.29130114169900,0.1000581178106000,-0.09573777643451278-0.029084447788727843i,1.4987591389809767e-5+0.0i
rscan_3300505.out:harminv0:,0.39301214876367300,-0.0015596721666527600,125.9919094430990,0.009949940747831310,-0.006126839035819293-0.00783984466137657i,7.16985875740463e-6+0.0i
rscan_3300506.out:harminv0:, frequency, imag. freq., Q, |amp|, amplitude, error
rscan_3300506.out:harminv0:,0.32385182457334300,-4.83538676847479E-04,334.87685688842500,8.47436621922364E-04,-4.763123376684805e-4-7.009103973832713e-4i,4.0278736496078096e-5+0.0i
rscan_3300506.out:harminv0:,0.3432356783061260,-8.04481238785132E-04,213.32733552895200,0.09521304923703020,0.09057984672535722-0.029339667895597134i,2.5583869576188975e-7+0.0i
rscan_3300506.out:harminv0:,0.3475868230473450,-4.06501931366276E-04,427.534036405542,0.06956757927368350,0.03477315493308053+0.06025342962852997i,4.67623104356549e-6+0.0i
rscan_3300506.out:harminv0:,0.3580384935017090,0.0026399201033273400,-67.81237300523600,6.18980518995706E-05,3.253733963048655e-5-5.265634205613126e-5i,0.0014594772673491266+0.0i
rscan_3300506.out:harminv0:,0.37172522106658200,-0.001890083259684000,98.33567361702610,2.81157894382236E-04,2.2164767915974515e-4+1.729799638586828e-4i,3.659504157578468e-5+0.0i
rscan_3300506.out:harminv0:,0.3906544246489230,-0.0019379528936784300,100.79048513594700,0.02536629230455840,-0.013138683311440627-0.021698474280971283i,1.3656244751102458e-5+0.0i
rscan_3300506.out:harminv0:, frequency, imag. freq., Q, |amp|, amplitude, error
rscan_3300506.out:harminv0:,0.32412690583641200,-6.90959251204018E-04,234.54849563965700,0.0013907621816361500,1.8063006369757657e-4+0.001378982315317335i,3.144078912910765e-5+0.0i
rscan_3300506.out:harminv0:,0.34045601242643000,-6.11645749106037E-04,278.31143511095300,0.0675493387420307,0.014271499444956627+0.06602452171790578i,1.8068002890987224e-6+0.0i
rscan_3300506.out:harminv0:,0.34312897389799800,-1.0992010539439E-04,1560.8107937436200,0.020406530933860500,0.0018869454157592795+0.020319102877650628i,1.4895407058893158e-5+0.0i
rscan_3300506.out:harminv0:,0.345282330505348,5.76458534920258E-04,-299.48583427003200,0.014682923939042800,0.010202436483339175+0.010559287154119128i,8.615355531501317e-7+0.0i
rscan_3300506.out:harminv0:,0.3476505361409080,-7.5394990175565E-05,2305.528094979310,0.25414031601327000,-0.2253152430608426+0.11755994839977635i,1.3278813758404656e-7+0.0i
rscan_3300506.out:harminv0:,0.36569983789967900,-5.46048754148392E-04,334.86006068269400,9.34671716918994E-04,-1.2248308166284196e-4-9.266116301421402e-4i,3.198197320486073e-5+0.0i
rscan_3300506.out:harminv0:,0.37660384471120800,-0.003606340692864480,52.214124618946500,0.03343417356953590,-0.013195837731333971+0.030719925599619453i,2.501555800418753e-5+0.0i
rscan_3300506.out:harminv0:,0.3905195950105510,-0.0021356706566272400,91.42785986189450,0.012622886000830300,0.010299371361393406-0.0072979586563686315i,1.0608588288354997e-5+0.0i
rscan_3300506.out:harminv0:, frequency, imag. freq., Q, |amp|, amplitude, error
rscan_3300506.out:harminv0:,0.3408281400185970,2.62392505493395E-04,-649.4624139087240,0.011281895230190900,0.007863166823451735-0.00809022666503055i,2.157015918981715e-5+0.0i
rscan_3300506.out:harminv0:,0.3436761251369910,-6.94651654754844E-04,247.37299823915400,0.055234849687618600,0.005829835655314357+0.05492632917140787i,1.1336500313879e-6+0.0i
rscan_3300506.out:harminv0:,0.34685350011545300,-0.0012777140459852000,135.73205256893300,0.5601382508454210,2.5348077365523725e-4-0.560138193491271i,3.4419135867518825e-5+0.0i
rscan_3300506.out:harminv0:,0.3815362259710840,-0.002185699259128450,87.28012885981920,3.37147480934067E-04,8.705763870908252e-5+3.257136648078891e-4i,4.537452690727756e-4+0.0i
rscan_3300506.out:harminv0:,0.390802990319347,-0.001720966754205710,113.54170246586700,0.022971477994961800,-0.01599456162082289-0.016488262486712046i,2.596008853272161e-5+0.0i
rscan_3300506.out:harminv0:, frequency, imag. freq., Q, |amp|, amplitude, error
rscan_3300506.out:harminv0:,0.3236067950578340,-0.0011253268234126700,143.78347175466100,0.0012965409491696200,-0.00125253866072999-3.3491093778851395e-4i,1.9246160189604838e-4+0.0i
rscan_3300506.out:harminv0:,0.33960848644606900,-1.04899676144033E-04,1618.7299090407500,0.016879073718861600,-0.01674294877453226+0.002139344745512421i,1.4796733575711283e-6+0.0i
rscan_3300506.out:harminv0:,0.34686478815885500,-5.4792053152263E-04,316.5283724584510,0.10077101852105200,0.006511128973360436-0.10056044636566853i,3.20275975503142e-5+0.0i
rscan_3300506.out:harminv0:,0.3472373083898220,3.65429392784013E-04,-475.1086191294100,0.016645217185515600,0.004915565041651214-0.01590284488619189i,3.865445906117689e-5+0.0i
rscan_3300506.out:harminv0:,0.38814113734503900,0.0011183028279032900,-173.5402646136400,3.20873422250456E-04,2.039953419750623e-4-2.476805473976445e-4i,1.7595631773829846e-4+0.0i
rscan_3300506.out:harminv0:, frequency, imag. freq., Q, |amp|, amplitude, error
rscan_3300506.out:harminv0:,0.32470560491502700,-0.0012180200546772500,133.29238860564900,0.0026363913997121200,-0.002346537599798976+0.0012017990286256998i,1.079897729753951e-4+0.0i
rscan_3300506.out:harminv0:,0.3404830102523620,1.92564219227803E-04,-884.0765216345110,0.017436700827646900,9.14590971997467e-4+0.017412698214429666i,2.186384980916392e-6+0.0i
rscan_3300506.out:harminv0:,0.34530081427095300,-0.0019826739826281100,87.0795746795557,0.04538657818547730,-0.03917378086878876-0.022920653826419522i,6.381587703002791e-6+0.0i
rscan_3300506.out:harminv0:,0.3470061731897080,-1.69099635734579E-04,1026.0405697572700,0.26171052420051600,0.15268264142887453-0.21255683824241162i,2.394932644831507e-8+0.0i
rscan_3300506.out:harminv0:,0.3782564922712220,-0.002760572871553360,68.51050667218560,0.025351182504031200,0.021918106905377818+0.012738879230023696i,1.1063125611324648e-5+0.0i
rscan_3300506.out:harminv0:,0.3907239814260590,-0.002224147313914830,87.83680356548120,0.027764941270704800,0.022480799175093727+0.016294343565016366i,9.133795389073561e-6+0.0i
rscan_3300506.out:harminv0:, frequency, imag. freq., Q, |amp|, amplitude, error
rscan_3300506.out:harminv0:,0.3402205541926920,-0.0016209848211643400,104.942547811248,0.1473174422385000,0.1031836436471528+0.10514544436822384i,6.825025019552458e-6+0.0i
rscan_3300506.out:harminv0:,0.34498560459500600,-0.0031244485817609400,55.207438299492100,0.3127655450224800,-0.03554137068220029-0.31073959696704123i,3.220090128996444e-5+0.0i
rscan_3300506.out:harminv0:,0.3465302996729680,3.20785299332982E-05,-5401.280862831290,0.1341350727175920,0.017897526998464013-0.13293568467606054i,3.025988166518599e-7+0.0i
rscan_3300506.out:harminv0:,0.39114254114021500,-0.001013683474062130,192.93130012901900,0.004757845358185130,0.0022476871984552977-0.00419344663854257i,4.026422284468141e-5+0.0i
rscan_3300507.out:harminv0:, frequency, imag. freq., Q, |amp|, amplitude, error
rscan_3300507.out:harminv0:,0.32284544710441500,-8.83075705772594E-04,182.79601906948600,0.001263992734554600,-4.993371320860566e-4-0.0011611804603621687i,1.0771576965132337e-5+0.0i
rscan_3300507.out:harminv0:,0.3388675249703860,1.47570688940845E-04,-1148.1532254221000,0.003865728013929040,1.0656154813888239e-4+0.003864259012298996i,9.121230136426086e-5+0.0i
rscan_3300507.out:harminv0:,0.3427161704020400,-8.09367447647801E-04,211.718528709085,0.031293290245107000,-0.031267167216000834-0.0012783851732364251i,4.816467778590636e-7+0.0i
rscan_3300507.out:harminv0:,0.34471864594695300,0.002304171278444010,-74.80317309131170,2.05209156958446E-05,-1.4594435540911404e-5-1.4426033142833945e-5i,4.134984565640961e-4+0.0i
rscan_3300507.out:harminv0:,0.3462845402335520,-3.44961831569732E-04,501.9171811817590,0.09132902784874640,-0.031938926185199785+0.08556223654120702i,5.1976224812661815e-6+0.0i
rscan_3300507.out:harminv0:,0.36978609018789800,2.77787844853613E-04,-665.590840345744,9.83098002167658E-04,-6.93469688653492e-4+6.968367619355843e-4i,5.320260447913581e-5+0.0i
rscan_3300507.out:harminv0:,0.38571477680706400,-0.0018478495967111000,104.36855290971200,0.020430772097392300,0.018984520895803103-0.0075501268103521455i,2.6729226342552877e-7+0.0i
rscan_3300507.out:harminv0:, frequency, imag. freq., Q, |amp|, amplitude, error
rscan_3300507.out:harminv0:,0.322755363756358,-7.22672706682733E-04,223.30673399711900,0.0011867089744790800,5.706685270592438e-4+0.001040488165397963i,2.7246671041573002e-5+0.0i
rscan_3300507.out:harminv0:,0.3393546876537220,-6.48708550993913E-04,261.5617499829340,0.08327406602650570,-0.02470620275716928+0.0795246730135275i,7.862337294788229e-6+0.0i
rscan_3300507.out:harminv0:,0.34130191828209700,-3.88322960507817E-04,439.45626835427200,0.03885793300945530,0.010915930843846195+0.037293181837698995i,2.0688622370217248e-5+0.0i
rscan_3300507.out:harminv0:,0.34557466004674400,-4.42280236338518E-04,390.6738665372380,0.2383112773348780,0.005176188011286008+0.23825505657310425i,3.1630853470058915e-5+0.0i
rscan_3300507.out:harminv0:,0.34622129536875900,-3.84809864873285E-04,449.86021276087500,0.5076332931330090,0.11417815741047069-0.49462602910422504i,1.0760546601675667e-5+0.0i
rscan_3300507.out:harminv0:,0.3854841672862120,-0.0011277469486048600,170.9089826237600,0.0031635733792919100,1.4658200113256705e-4+0.003160175666495202i,4.11212614549304e-5+0.0i
rscan_3300507.out:harminv0:, frequency, imag. freq., Q, |amp|, amplitude, error
rscan_3300507.out:harminv0:,0.3407767211266830,-0.0015536283206091600,109.67125039052700,0.029960829941852900,-0.00823151695482903-0.028807871483797494i,1.0811503670185666e-5+0.0i
rscan_3300507.out:harminv0:,0.3426798634994160,-0.0016596288724271400,103.23990778681200,0.7001367293309120,0.3867333701201457-0.5836340807335538i,5.320486359602803e-7+0.0i
rscan_3300507.out:harminv0:,0.3457753295779510,-5.1702495999246E-04,334.38939735423400,0.3703760340604210,0.1749781924221563-0.3264368833067131i,4.667649537890237e-6+0.0i
rscan_3300507.out:harminv0:,0.3663485984153890,-0.0029907613807990000,61.24671141726410,0.08530532704890470,-0.05793567962583395+0.06261354365641124i,5.530171721606702e-5+0.0i
rscan_3300507.out:harminv0:,0.38624180761996200,-0.0017277306772782800,111.77720367517400,0.024852846815975600,0.02474935631320343-0.002265691272094764i,2.3855302956029944e-5+0.0i
rscan_3300507.out:harminv0:, frequency, imag. freq., Q, |amp|, amplitude, error
rscan_3300507.out:harminv0:,0.32269263275691700,-8.12023742028944E-05,1986.9655039311300,1.52275287750429E-04,-6.833411825997993e-5-1.3608163557624872e-4i,2.644140342189263e-5+0.0i
rscan_3300507.out:harminv0:,0.33926803081645900,-8.0526546911456E-04,210.6560158288580,0.05513151332143130,-0.004729733129275993-0.05492825671398086i,1.4748979342960937e-6+0.0i
rscan_3300507.out:harminv0:,0.3421199082647000,-7.16184285607071E-04,238.84907497984500,0.029100998223164500,-0.02100788237330537-0.020137948648608343i,3.6623276326919738e-6+0.0i
rscan_3300507.out:harminv0:,0.34578777616312400,-1.15207137676295E-04,1500.7220174791000,0.07652935344235080,0.06105704878310935-0.04613869018731744i,6.816447322699038e-7+0.0i
rscan_3300507.out:harminv0:,0.3473343762222310,0.0015732586535512500,-110.38692698057200,1.1002860402348E-04,-1.0632140565437096e-4+2.832052970963575e-5i,1.837816410164292e-5+0.0i
rscan_3300507.out:harminv0:,0.3694122297287600,-0.0020115817844000600,91.82133000844750,0.08190558612922320,-0.05934747282406441+0.05644822856891556i,7.766801247697817e-7+0.0i
rscan_3300507.out:harminv0:,0.38746800023192900,-0.0022749764598944100,85.15868341114900,0.0062188774905465500,0.005008847864249196-0.0036859029172284018i,1.8070902322096427e-5+0.0i
rscan_3300507.out:harminv0:, frequency, imag. freq., Q, |amp|, amplitude, error
rscan_3300507.out:harminv0:,0.3243705022740290,5.50141709956087E-04,-294.8063166306010,1.35831428297881E-04,-1.357597383617173e-4-4.412522339938112e-6i,1.3590671058192562e-5+0.0i
rscan_3300507.out:harminv0:,0.33941878875551700,-6.78272059637665E-05,2502.084406490490,0.027252723073228500,-0.017105055523260096+0.021216219985008476i,1.3041408444730796e-6+0.0i
rscan_3300507.out:harminv0:,0.3412862745377790,-0.0012914831174890700,132.12959190721600,0.07721779222849160,-0.00358738682007951+0.07713441574579809i,4.243748079693485e-6+0.0i
rscan_3300507.out:harminv0:,0.3456565515514970,-7.77259941657009E-05,2223.558252690890,0.1770504339993790,0.15976990166091695-0.07629177349248918i,2.437508336704751e-7+0.0i
rscan_3300507.out:harminv0:,0.3520843800524950,-0.002028435382563210,86.78718165712240,0.008270824653731120,-0.0059949398794202306+0.005698002833879914i,2.5032005870590293e-5+0.0i
rscan_3300507.out:harminv0:,0.3696968076468250,-0.0025642812620372300,72.08585366979480,0.40303053110084200,-0.3720046507061939+0.1550682070973598i,2.7111335703311274e-6+0.0i
rscan_3300507.out:harminv0:,0.38539260074304100,-0.0017716862668752200,108.76434726300900,0.01041205003598360,-0.0043100061399525425+0.009478113368460859i,1.6190049182206471e-6+0.0i
rscan_3300507.out:harminv0:, frequency, imag. freq., Q, |amp|, amplitude, error
rscan_3300507.out:harminv0:,0.3224200174918230,6.03280393416238E-04,-267.2223571414550,4.97132897848207E-05,-2.766127537694797e-5-4.1306960984199884e-5i,1.0783765621517396e-4+0.0i
rscan_3300507.out:harminv0:,0.3392569488634560,-5.38317052704358E-04,315.10886303816800,0.03676828546635500,-0.005411040631827631+0.03636794543847759i,5.109045689790508e-6+0.0i
rscan_3300507.out:harminv0:,0.341068465624336,-7.36252481471863E-04,231.62466287549600,0.027402703190281000,-0.02253982358320392-0.015584110336258549i,9.344017118049956e-6+0.0i
rscan_3300507.out:harminv0:,0.34538482107969500,-1.74879599264972E-04,987.4931739647350,0.1986944999462750,0.13707666166924604+0.14383842718312578i,3.6499947251184506e-8+0.0i
rscan_3300507.out:harminv0:,0.3462711387003800,-5.14551522235056E-04,336.4785874078100,0.08889376114756060,0.03483492142768678-0.08178403890788495i,2.6152986769663253e-6+0.0i
rscan_3300507.out:harminv0:,0.36930210794100400,-0.002502049731050040,73.79991359844370,0.25525186971399200,-0.1357533818563513-0.21615859063903117i,3.2664690537098463e-7+0.0i
rscan_3300507.out:harminv0:,0.38640068840284400,-0.0018005757503632700,107.29920369217700,0.011949864089592300,0.00685230917586287+0.009790051619788026i,5.379586918969855e-6+0.0i
rscan_3300508.out:harminv0:, frequency, imag. freq., Q, |amp|, amplitude, error
rscan_3300508.out:harminv0:,0.3243568279504450,0.0019818934806980600,-81.83003554666330,9.40714583610113E-05,6.245500765693675e-5+7.034778814390293e-5i,5.804860866659813e-5+0.0i
rscan_3300508.out:harminv0:,0.3364077906267190,-0.002237159488007410,75.18636745168990,0.31416693298430100,0.04116044165937274-0.3114589536731407i,8.601456306077751e-6+0.0i
rscan_3300508.out:harminv0:,0.34504464602869100,-2.92943986620301E-04,588.925975251234,0.08576026011000800,-0.07960489229472446+0.03190428398948256i,2.469916427320613e-7+0.0i
rscan_3300508.out:harminv0:,0.366880507795447,-0.0021047954894839400,87.15348109316780,0.04931179497409720,-0.021228337867624604-0.04450854743692912i,1.4633633072070276e-5+0.0i
rscan_3300508.out:harminv0:,0.3829710417475110,-0.001716514037506720,111.55488198156100,0.018671350075255900,0.01576528711876496+0.010003751081252517i,1.0801045246716003e-5+0.0i
rscan_3300508.out:harminv0:, frequency, imag. freq., Q, |amp|, amplitude, error
rscan_3300508.out:harminv0:,0.32288928928421100,-6.20038547187614E-04,260.37839965658600,0.00109689814621745,-9.592043214292847e-4+5.320832763080078e-4i,7.803649947600448e-5+0.0i
rscan_3300508.out:harminv0:,0.33807581546892200,-8.19600817898991E-04,206.24419112682400,0.09306879931161160,-0.037846349392996144+0.08502620327245183i,3.142922858039861e-5+0.0i
rscan_3300508.out:harminv0:,0.33993915460909500,0.001219437888068950,-139.38354627778900,7.47798621991758E-04,3.857741548321067e-4+6.406099285183976e-4i,4.474764258324604e-4+0.0i
rscan_3300508.out:harminv0:,0.34373030733173400,-0.0018822894075042800,91.30644468415840,0.047053878125453600,0.03764787253000975-0.02822596571614833i,1.8035464454588252e-4+0.0i
rscan_3300508.out:harminv0:,0.3450082679553170,-4.34631397802858E-04,396.89754318187500,0.28990645339447500,0.265946084038115-0.11540551158655567i,3.1340771902386272e-6+0.0i
rscan_3300508.out:harminv0:,0.3532645975595910,2.4544683223386E-04,-719.635683101837,9.43601535850331E-04,-9.399912636797378e-4-8.246382640208661e-5i,3.041283533762967e-5+0.0i
rscan_3300508.out:harminv0:,0.36654088330082000,-0.0017664068185840500,103.75324626368900,0.15974525158805600,0.13372528536219988+0.08738474386144i,6.981753428721358e-6+0.0i
rscan_3300508.out:harminv0:,0.3827253467989660,-0.0030328328583155500,63.097006112551400,0.020288203246472200,-0.01923812678667139+0.006442489325572883i,1.8779833498448325e-4+0.0i
rscan_3300508.out:harminv0:, frequency, imag. freq., Q, |amp|, amplitude, error
rscan_3300508.out:harminv0:,0.3227686779136480,-0.0012955209761060600,124.57099648196800,0.0021614154352156900,-0.0018167647908842114+0.0011709322688320083i,1.728794717783305e-4+0.0i
rscan_3300508.out:harminv0:,0.3383745992280720,-6.93257658332605E-04,244.04678055913300,0.06779674177278820,0.04777258307879844-0.04810590921067215i,8.064373138075345e-6+0.0i
rscan_3300508.out:harminv0:,0.339698180749126,-0.001151958578427040,147.44374802650100,0.06132492484199790,-0.015118265968113206-0.05943218354556799i,2.6154414044846763e-6+0.0i
rscan_3300508.out:harminv0:,0.34468520712555300,-3.22014795920394E-04,535.2008843884990,0.40791398526918300,0.37617714703490723-0.15774844983981534i,2.108517381296834e-6+0.0i
rscan_3300508.out:harminv0:,0.3670462649859930,-0.002867697075539260,63.99669409241410,0.06580086996652490,-0.05444029374492163-0.03695955769916846i,7.015708282071634e-6+0.0i
rscan_3300508.out:harminv0:,0.38338808442143300,-0.0022928042976460400,83.60680517195620,0.06714076803080430,0.04555542607727836+0.04932125187668999i,1.0092008656101434e-5+0.0i
rscan_3300508.out:harminv0:, frequency, imag. freq., Q, |amp|, amplitude, error
rscan_3300508.out:harminv0:,0.3222780946521840,-9.80693952033523E-04,164.31124816458900,5.37240367866609E-04,3.324379650582881e-5-5.362108380658938e-4i,1.4451677595010316e-4+0.0i
rscan_3300508.out:harminv0:,0.3383128151979110,-8.6314396323911E-04,195.97704995139400,0.0675399310361647,0.020890942007957693-0.06422780415357536i,2.2809934123059687e-6+0.0i
rscan_3300508.out:harminv0:,0.34145608885314,-1.58639035689183E-04,1076.2045021571600,0.004262402064472230,-8.784541413251557e-4-0.004170897946582458i,2.900763145057083e-4+0.0i
rscan_3300508.out:harminv0:,0.3448209352294460,-1.60312071226293E-04,1075.4677816578900,0.06940740951477540,0.06623449508126521-0.02074560572462502i,3.371017568977311e-6+0.0i
rscan_3300508.out:harminv0:,0.3666284891045700,-0.0015684151235057000,116.87865145201100,0.15030456035731200,-0.1084595219655916-0.10405764248338545i,2.5499246998168433e-6+0.0i
rscan_3300508.out:harminv0:,0.3816755422713940,-0.002516297171402100,75.84071281587180,0.002500372777468340,1.285994158456258e-4+0.0024970635187253278i,1.5612514145417716e-4+0.0i
rscan_3300508.out:harminv0:, frequency, imag. freq., Q, |amp|, amplitude, error
rscan_3300508.out:harminv0:,0.3378541344800100,-9.12701769956621E-04,185.08462764133100,0.09354575571990330,-0.0013864846480174905+0.09353548029239299i,1.8467447209954556e-6+0.0i
rscan_3300508.out:harminv0:,0.3446284328839960,-1.30409785540877E-04,1321.328884387940,0.16134047919177300,0.15776189383466602-0.0337925299368131i,3.24386745838598e-8+0.0i
rscan_3300508.out:harminv0:,0.3665889163945830,-0.0016590272449272300,110.48309107505400,0.3703729895435490,-0.2983190566536934-0.2195037398785644i,4.832420355404783e-7+0.0i
rscan_3300508.out:harminv0:,0.38209151700428700,-0.002183895794376120,87.47933806828940,0.014567610112461800,-0.003877771743364254+0.014042013769223633i,2.0848896886143157e-5+0.0i
rscan_3300508.out:harminv0:, frequency, imag. freq., Q, |amp|, amplitude, error
rscan_3300508.out:harminv0:,0.3209146395066600,-0.0014484430596859600,110.77916986817500,7.5546666504047E-04,-5.002266596233569e-4+5.661299947798459e-4i,6.780161554945838e-4+0.0i
rscan_3300508.out:harminv0:,0.3381054022142830,8.39052874595483E-04,-201.48039083787600,4.28773612957118E-04,-3.3158162152499603e-4-2.718463526243358e-4i,0.0010141697313272278+0.0i
rscan_3300508.out:harminv0:,0.33866116174745200,-4.87048396247286E-04,347.6668482607080,0.04152651263232420,-0.0391623652046293+0.013811603925026871i,1.9998241869040081e-4+0.0i
rscan_3300508.out:harminv0:,0.3444416777638470,-1.25747736603227E-04,1369.574065776900,0.22347386971372500,0.21104491864071095+0.07348886147412169i,7.286197370747293e-8+0.0i
rscan_3300508.out:harminv0:,0.34749146996978400,5.27714651023177E-04,-329.2418253842670,0.0013370308088654100,7.122476187024335e-4+0.0011315276017437638i,4.3321053907843994e-4+0.0i
rscan_3300508.out:harminv0:,0.36655531084737100,-0.0016361353023425900,112.01864244434500,0.27759650127564400,-0.23861280437941865-0.14185819365361899i,2.673239709834717e-6+0.0i
rscan_3300508.out:harminv0:,0.38323027007779900,-0.0017749078429247900,107.95779386672000,0.01173091412748230,0.0023304940235603765+0.01149709284438951i,1.001385717965416e-4+0.0i
rscan_3300509.out:harminv0:, frequency, imag. freq., Q, |amp|, amplitude, error
rscan_3300509.out:harminv0:,0.32229336918168,-9.28171986645602E-04,173.61726803803000,0.002210164199818080,0.001217370754457013-0.001844677271597998i,3.085673884603874e-5+0.0i
rscan_3300509.out:harminv0:,0.3368352937747920,-0.0019884256858295500,84.69898980264570,0.2480696236877070,0.1664315642552346-0.18395399592321007i,2.3145921836906206e-6+0.0i
rscan_3300509.out:harminv0:,0.33765297133351400,-7.35500359269541E-04,229.5396372537830,0.03253226008185900,-0.025723147348227754+0.019916516676745443i,7.572526779459818e-5+0.0i
rscan_3300509.out:harminv0:,0.34370504633885900,-5.69790140504692E-04,301.6066985946980,0.11124559595929300,-0.11102025696085997-0.007077087302202612i,2.1035170693210236e-6+0.0i
rscan_3300509.out:harminv0:,0.3655822371872120,-8.66644075316547E-04,210.91832714236300,0.011172582228555900,0.006158701999446866-0.009321855144543537i,3.899854663683392e-6+0.0i
rscan_3300509.out:harminv0:,0.3810791789809680,-0.0020804192587792500,91.58711095680260,0.03073919750169940,0.002950808099051662+0.030597238349417268i,6.19561369034223e-6+0.0i
rscan_3300509.out:harminv0:, frequency, imag. freq., Q, |amp|, amplitude, error
rscan_3300509.out:harminv0:,0.3211021640171080,-0.001514256109087530,106.02637231907800,0.00485091952370862,0.004850671383382559-4.906481357341004e-5i,1.6633809117891374e-4+0.0i
rscan_3300509.out:harminv0:,0.33759259967840700,-7.78584301184926E-04,216.7990024745080,0.1008670158385980,-0.07647905423281944+0.06576556202023535i,6.286073452386241e-7+0.0i
rscan_3300509.out:harminv0:,0.3435021050935420,-5.04958788271717E-04,340.12885117736000,0.41660309783100500,0.4163028401126528-0.01581412142765612i,1.5930353981786278e-5+0.0i
rscan_3300509.out:harminv0:,0.34401915184308300,1.49673900814758E-04,-1149.228923581180,0.06923001547224470,-0.038301945651007675+0.05766936796631718i,4.6303040024001115e-5+0.0i
rscan_3300509.out:harminv0:,0.36577664613084700,-0.0020670010245428600,88.48003503330210,0.27435075879436500,-0.01341855056474126+0.2740224103094218i,9.674240871430688e-6+0.0i
rscan_3300509.out:harminv0:,0.3718077065046100,-0.0031875663946712100,58.32156267022030,0.6365704512537800,-0.12443917787081633-0.6242890599876606i,4.277156525945009e-5+0.0i
rscan_3300509.out:harminv0:,0.38045602099851800,-0.0015420413514626600,123.3611603987290,0.009103032328727580,-0.009093217873260813-4.22594708047183e-4i,4.3178006262136215e-5+0.0i
rscan_3300509.out:harminv0:, frequency, imag. freq., Q, |amp|, amplitude, error
rscan_3300509.out:harminv0:,0.3216991807929860,-0.0023328396511643600,68.95012707633380,0.023185600338762600,0.010593982090533404+0.020623763151624043i,3.7035793072990605e-4+0.0i
rscan_3300509.out:harminv0:,0.3374450552655700,-8.98803727476081E-04,187.71898966927100,0.10258171499663400,0.0582072703989111-0.08446846704160443i,3.834161858163734e-6+0.0i
rscan_3300509.out:harminv0:,0.3436138443020050,-2.71262106490137E-04,633.3613064279920,0.38881423431009800,0.38539118556787905+0.05147953854428493i,7.394115513121458e-8+0.0i
rscan_3300509.out:harminv0:,0.3663876320537770,-0.0024606030985918300,74.45077840133080,0.1884664192730930,-0.05839336824933945-0.17919209172873235i,1.3078012570198277e-5+0.0i
rscan_3300509.out:harminv0:,0.38093777487187400,-0.0019680002799303400,96.78295749159080,0.04243228542553810,0.02968491181177626+0.03032004052044451i,1.5808568754568566e-5+0.0i
rscan_3300509.out:harminv0:, frequency, imag. freq., Q, |amp|, amplitude, error
rscan_3300509.out:harminv0:,0.32802876449802200,-0.002020747790188290,81.16519193804420,2.3396066227173E-04,4.510506458882314e-5-2.2957161113488033e-4i,0.0015964954243369303+0.0i
rscan_3300509.out:harminv0:,0.33776491279802600,-7.7089644881855E-04,219.07281666407500,0.08023480578668540,0.056199274674760144-0.05726487217883217i,1.6392585317806462e-5+0.0i
rscan_3300509.out:harminv0:,0.3441796815733850,-5.76279249331403E-05,2986.2231025384000,0.07002441892206520,0.06843938144757547-0.014814530449735628i,9.71253272324447e-7+0.0i
rscan_3300509.out:harminv0:,0.36527554061280700,-0.0015920563605793200,114.71815623408300,0.1695009804103990,-0.05053838900528176-0.1617913891306869i,7.0511938908861345e-6+0.0i
rscan_3300509.out:harminv0:,0.3769091379330160,-0.0023014214860411900,81.88616040544560,5.32878232032749E-04,2.2984894503152986e-4-4.8075843481133155e-4i,4.195121053511567e-4+0.0i
rscan_3300509.out:harminv0:, frequency, imag. freq., Q, |amp|, amplitude, error
rscan_3300509.out:harminv0:,0.3223635990009450,-0.0015620433890050900,103.18650597992300,0.0049344492085224100,-0.00332718208503283+0.003643987975353933i,8.669336939434674e-5+0.0i
rscan_3300509.out:harminv0:,0.33743568919998300,-8.201349369765E-04,205.71961636213800,0.09318602547934290,-0.052948123032155944+0.07668201622289562i,3.4721775006288158e-6+0.0i
rscan_3300509.out:harminv0:,0.3439278176216680,-2.39149771852445E-04,719.0636540390920,0.15746615081727200,0.1571699375027199+0.00965398356115458i,1.2840062275831199e-6+0.0i
rscan_3300509.out:harminv0:,0.36505629515046200,-0.0016819150685243300,108.52399802528500,0.3258314749029130,-0.19853036693955484+0.25836378120830517i,2.644971164985149e-6+0.0i
rscan_3300509.out:harminv0:,0.3791677654751080,-0.001966699844038440,96.39695824059280,0.0036481261999195800,2.664851268946241e-4+0.0036383801955930392i,2.3763798125005526e-4+0.0i
rscan_3300509.out:harminv0:, frequency, imag. freq., Q, |amp|, amplitude, error
rscan_3300509.out:harminv0:,0.33772857905381900,-4.34272735760196E-04,388.8438661278420,0.02638872435719680,-0.0224914398561829+0.013802170350920065i,1.374896549280831e-6+0.0i
rscan_3300509.out:harminv0:,0.34361647514886700,-7.64715145009292E-05,2246.6958931792300,0.2134085015193990,0.20620439157028495+0.0549812460561216i,3.4323453730009263e-7+0.0i
rscan_3300509.out:harminv0:,0.3654020202165590,-0.0017987633029711700,101.5703454737470,0.3853912500593090,-0.11105713576663119-0.3690429896605388i,3.3892051260830662e-6+0.0i
rscan_3300509.out:harminv0:,0.3800921393147290,-0.0013046687073552700,145.66615155705900,0.0045189453690417100,0.0038852144110519933+0.002307807667145904i,8.57029169279492e-5+0.0i
rscan_3300973.out:harminv0:, frequency, imag. freq., Q, |amp|, amplitude, error
rscan_3300973.out:harminv0:,0.32193085854442400,6.68756210725438E-04,-240.693733666568,2.68116673414996E-04,2.6811249485908555e-4+1.4968846182579852e-6i,1.1257645462524022e-4+0.0i
rscan_3300973.out:harminv0:,0.3342705910104750,-2.08501838185215E-04,801.6010648154050,0.013680470684494700,0.011563794962171057-0.007309851176473203i,6.625872537942862e-5+0.0i
rscan_3300973.out:harminv0:,0.3415647902734780,3.20036050370794E-05,-5336.3486688099900,0.05552742957327890,-0.029056969248631884+0.04731794557141624i,7.456778685091992e-7+0.0i
rscan_3300973.out:harminv0:,0.3602166603122480,6.80933787914876E-04,-264.5019726626340,3.81813722337689E-04,3.249965707679284e-4+2.0039697491341802e-4i,1.9383628628798434e-5+0.0i
rscan_3300973.out:harminv0:,0.37907026445498500,-0.0015476242320513500,122.46844440802400,0.01744228205793480,-9.879486755145384e-4+0.01741428036994646i,1.7675681982514775e-5+0.0i
rscan_3300973.out:harminv0:, frequency, imag. freq., Q, |amp|, amplitude, error
rscan_3300973.out:harminv0:,0.3214363083526090,-9.1272063168604E-04,176.0869083011900,0.002266297411651280,-0.0010883354071208604+0.00198787072005811i,8.825112782196108e-6+0.0i
rscan_3300973.out:harminv0:,0.33647153793118900,-5.23052570919447E-04,321.642179618506,0.07244719168678680,-0.0710159196546071+0.014329505885145213i,3.249908563478096e-6+0.0i
rscan_3300973.out:harminv0:,0.3415680472807310,-3.70564129404263E-04,460.8757569571730,0.4372128006536390,0.234490072624761+0.3690114346410329i,4.913329315429811e-7+0.0i
rscan_3300973.out:harminv0:,0.3433532574986540,-8.70704119725927E-05,1971.6988223665000,0.10470606377411100,-0.10290315493967997-0.019346847146976685i,1.7255016983244495e-6+0.0i
rscan_3300973.out:harminv0:,0.36379432219170100,-0.003110596209653060,58.47662275526870,0.5526803538835500,-0.19424730633249448+0.5174200977459381i,8.790492752036596e-6+0.0i
rscan_3300973.out:harminv0:,0.38321996048772300,-0.001285063424718110,149.10546558111900,4.8389265882995E-04,-3.0372785661701864e-4+3.7669814757223017e-4i,6.809510234609284e-4+0.0i
rscan_3300973.out:harminv0:, frequency, imag. freq., Q, |amp|, amplitude, error
rscan_3300973.out:harminv0:,0.34194883800320500,-7.01506684902876E-04,243.72457551886900,0.4355824185913680,0.2667542595612045+0.3443460590624771i,3.1957476670275895e-6+0.0i
rscan_3300973.out:harminv0:,0.3420429374030840,3.97694145788184E-04,-430.03265326573200,0.040181008735007700,-0.03895853599514827-0.009835951203493407i,5.923250714141568e-6+0.0i
rscan_3300973.out:harminv0:,0.37930801270811700,-9.11535599969016E-04,208.05990063416600,0.011304578687455200,0.0014019252451642106+0.011217312731123998i,7.356354423882312e-5+0.0i
rscan_3300973.out:harminv0:, frequency, imag. freq., Q, |amp|, amplitude, error
rscan_3300973.out:harminv0:,0.33681126622368100,-8.23661229522321E-04,204.45982774921500,0.07386634143524420,0.0670741050427232-0.030940278436785318i,5.795458568820256e-7+0.0i
rscan_3300973.out:harminv0:,0.341721711086344,-8.1803878922747E-04,208.8664471577540,0.06924696310091450,-0.04587951222669688-0.05186725611153718i,2.6146742955327094e-6+0.0i
rscan_3300973.out:harminv0:,0.34322447958361400,-2.12489303193418E-04,807.6276650763800,0.12653128794926900,0.1264770778400164+0.00370345934921602i,1.4603690206596353e-7+0.0i
rscan_3300973.out:harminv0:,0.3602585275241760,-0.002807405407170860,64.16218452169060,0.09710541240738940,-0.05905737415636136+0.07708234348127142i,3.4878736365384124e-6+0.0i
rscan_3300973.out:harminv0:,0.3635124825670410,-0.0019070297905233800,95.30854850129940,0.19235812988061500,0.04284151894889396-0.18752667646316132i,1.2298292377316448e-6+0.0i
rscan_3300973.out:harminv0:,0.3790442549597650,-8.10471674725174E-04,233.84176571519100,6.13297644219887E-04,4.0281637986623673e-4+4.6246401429421837e-4i,7.299801515934915e-5+0.0i
rscan_3300973.out:harminv0:, frequency, imag. freq., Q, |amp|, amplitude, error
rscan_3300973.out:harminv0:,0.3367748063369660,-2.8286173703639E-04,595.299332220462,0.03829991150029710,-0.03826997093325116+0.0015141154839388659i,2.4893152986175584e-7+0.0i
rscan_3300973.out:harminv0:,0.34317885050326600,-1.36620264334534E-04,1255.9588146563100,0.1471545596358870,0.1465434090317058+0.0133975255550403i,1.819983910871766e-7+0.0i
rscan_3300973.out:harminv0:,0.35782184181768500,-0.0024124382042091600,74.16186686012640,0.06027847620314300,-0.05034974260040532+0.03314208975677017i,4.800417936507473e-5+0.0i
rscan_3300973.out:harminv0:,0.3638612629299300,-0.0021646206927052300,84.04734930146000,0.5433415284956190,0.2950960274609395+0.45622182232410563i,2.4023446813887257e-7+0.0i
rscan_3300973.out:harminv0:,0.37920010419726400,-0.0013104747968397700,144.68042617519600,0.007311143039158590,-0.0026621547731592683-0.006809239642043924i,2.72723392168124e-5+0.0i
rscan_3300973.out:harminv0:, frequency, imag. freq., Q, |amp|, amplitude, error
rscan_3300973.out:harminv0:,0.3231369089679400,0.0032022788687705800,-50.454211236762100,0.003842338468643430,-0.003267295495956029-0.0020219656400944502i,1.6179229911816666e-4+0.0i
rscan_3300973.out:harminv0:,0.34156931099342500,-4.4033045413952E-04,387.85565225202200,0.12197331818998600,0.08295967967947762+0.08941578103307009i,1.6005112959420893e-6+0.0i
rscan_3300973.out:harminv0:,0.3430827415141080,2.43753643466397E-04,-703.748950446773,0.057696601887196500,0.04259491711485141+0.03891748842498165i,5.748826252235046e-7+0.0i
rscan_3300973.out:harminv0:,0.363688712429669,-0.0022237655750775000,81.77316811305410,0.5325957863018020,0.1821459498818299+0.5004808932697432i,1.5595357840212145e-7+0.0i
rscan_3300973.out:harminv0:,0.37954690167865800,-0.002154974950627640,88.06294977306220,0.021008222102558600,-0.019302864417496866+0.008291249676023838i,6.566038499050152e-6+0.0i
rscan_3300974.out:harminv0:, frequency, imag. freq., Q, |amp|, amplitude, error
rscan_3300974.out:harminv0:,0.3212599620637920,-8.71639520461093E-04,184.28487609984000,0.002509411766593820,0.0020638720411722752-0.0014274381289523137i,1.6203309391047046e-6+0.0i
rscan_3300974.out:harminv0:,0.3357332791332320,-8.70851721314249E-04,192.76144888739400,0.07824950109671900,-0.0780872814902165+0.0050359598244144365i,2.722635234725e-7+0.0i
rscan_3300974.out:harminv0:,0.33999284541417400,-4.87005306650492E-04,349.0648261643850,0.10436681962016800,-0.01777625330901547-0.10284180986312096i,4.122719786010528e-7+0.0i
rscan_3300974.out:harminv0:,0.34226267885998900,2.99539850851208E-04,-571.3140970848710,0.00774664517803426,-0.007290966419618944+0.0026176936761871817i,2.3270992958249684e-6+0.0i
rscan_3300974.out:harminv0:,0.3611322546675120,-6.11469542683183E-04,295.29864487021800,0.03821485309257330,0.037370903935704435+0.007986897765422635i,1.0367943018461062e-6+0.0i
rscan_3300974.out:harminv0:,0.3652998300913430,-0.0023646277144861000,77.2425671604574,0.018923789283194300,-0.005980818752753105-0.01795381875483473i,6.279103519384518e-5+0.0i
rscan_3300974.out:harminv0:,0.37718387139640000,-0.0020079411950985300,93.92303726750600,0.031834172250246800,-0.031112166424541853+0.006741485239173372i,6.398649812551656e-6+0.0i
rscan_3300974.out:harminv0:, frequency, imag. freq., Q, |amp|, amplitude, error
rscan_3300974.out:harminv0:,0.318509577426313,-0.0030290396456440000,52.57600010028850,0.03345172018705590,0.033272562300355024+0.0034574819510845953i,2.1345323269463987e-4+0.0i
rscan_3300974.out:harminv0:,0.3399026409397900,-6.10462934168029E-04,278.3974439029840,0.45011666673215800,0.04637180284906481+0.4477216429553032i,1.694929349854196e-6+0.0i
rscan_3300974.out:harminv0:,0.34268218582080000,-0.001293712531694160,132.44139537399600,0.44536356438572800,0.05631059901464578-0.441789339981141i,2.2100044794698965e-5+0.0i
rscan_3300974.out:harminv0:,0.359120562627142,-6.28691463885234E-04,285.6095424040130,0.12197013594191700,0.005008542339198153-0.12186725797081943i,5.244869839148783e-6+0.0i
rscan_3300974.out:harminv0:,0.36131766338731200,9.03775139115195E-04,-199.89356187704200,0.003969346726281190,-0.002813585941332984-0.0027999013525787913i,3.6973783964820874e-4+0.0i
rscan_3300974.out:harminv0:,0.3774326354464000,-5.40272593567065E-04,349.2983356368870,0.0027994802990233900,0.002637548687270469-9.383106452012043e-4i,1.3631011455509615e-4+0.0i
rscan_3300974.out:harminv0:, frequency, imag. freq., Q, |amp|, amplitude, error
rscan_3300974.out:harminv0:,0.32214522074725400,-7.99573580490832E-04,201.44813973812100,0.0016549442622986900,-0.0011344517569506335-0.0012049314181591278i,2.0829132004418298e-4+0.0i
rscan_3300974.out:harminv0:,0.3394790767037770,2.08726328903412E-04,-813.215751187939,0.03665270176381970,0.0353268027574383+0.009769214580740914i,1.2039943837952716e-4+0.0i
rscan_3300974.out:harminv0:,0.3395356098228680,-0.0012337731683853800,137.6005000445960,0.3405036146878050,0.11125872836132315+0.3218139322324041i,1.2002826223973838e-4+0.0i
rscan_3300974.out:harminv0:,0.3591218970972240,-0.0017434442692549900,102.99207821844600,0.7603778302268700,0.44714889241893935-0.6150059452631651i,1.2198918331412896e-5+0.0i
rscan_3300974.out:harminv0:,0.3764841198078340,-0.0018247894218841200,103.15823713486600,0.03211402195645350,-0.0018928351327794394+0.03205819055061734i,8.809839075680228e-5+0.0i
rscan_3300974.out:harminv0:, frequency, imag. freq., Q, |amp|, amplitude, error
rscan_3300974.out:harminv0:,0.32205104876081800,-4.12876828405573E-04,390.00862558029600,6.91364474207297E-05,6.505773986986288e-5+2.3395273988234904e-5i,1.0014268224339603e-4+0.0i
rscan_3300974.out:harminv0:,0.3360663979557100,-9.75326586228599E-04,172.2840342408860,0.08821067082870930,0.08810952113332085-0.004223118954966524i,2.6069507397030042e-5+0.0i
rscan_3300974.out:harminv0:,0.34056873257968200,-0.0014546054001504600,117.06567724293300,0.12321418898447800,0.011278781133454594-0.12269688448875209i,1.7383128186103456e-4+0.0i
rscan_3300974.out:harminv0:,0.34285474063868500,9.68138937600808E-04,-177.06897601305500,0.016947003769023400,0.005639769588721557-0.015981049268850384i,5.497127610321522e-6+0.0i
rscan_3300974.out:harminv0:,0.3607509864738570,-3.3943077747961E-04,531.4058276514540,0.1256631740561080,0.10182735555674766-0.07363710324405277i,4.9745922158629496e-6+0.0i
rscan_3300974.out:harminv0:,0.3692229781151650,-0.003243961672010220,56.90926950538910,0.03671915475277490,-0.02409720028572248+0.02770597885200963i,6.2539923474316e-4+0.0i
rscan_3300974.out:harminv0:, frequency, imag. freq., Q, |amp|, amplitude, error
rscan_3300974.out:harminv0:,0.32372589183463800,-0.002454522148780610,65.94478929339920,0.04141333132591080,0.023706620252936607+0.033956739650512935i,8.43845548321469e-5+0.0i
rscan_3300974.out:harminv0:,0.3361319873258970,5.41402273003572E-04,-310.42720365867300,0.012540325855985100,-0.011824887479345163-0.004175141755092328i,4.541921667600522e-7+0.0i
rscan_3300974.out:harminv0:,0.34128714610631700,-7.36055820350316E-04,231.8350977402000,0.23307115276675800,0.18589259372371453-0.14059198359328878i,1.1979868056652005e-6+0.0i
rscan_3300974.out:harminv0:,0.36045341217578300,-7.76810198641941E-04,232.0086765119370,0.5459017209863140,0.38113072804088355+0.39082995934145826i,6.219892679038707e-8+0.0i
rscan_3300974.out:harminv0:,0.3631121098429780,3.94665901730011E-05,-4600.24679420343,0.02293937374022850,-0.003422994685141927-0.02268254780617412i,6.710027617113946e-6+0.0i
rscan_3300974.out:harminv0:,0.3776014273837450,-0.0019055211090629200,99.0808828062363,0.013086089761736000,0.01215390271549559-0.00485060759436187i,2.626466440035343e-6+0.0i
rscan_3300974.out:harminv0:, frequency, imag. freq., Q, |amp|, amplitude, error
rscan_3300974.out:harminv0:,0.33976486645286000,-7.77038569418813E-04,218.6280577468550,0.12092662170825200,0.036547982156288905+0.11527138776849331i,1.658253343258573e-5+0.0i
rscan_3300974.out:harminv0:,0.3420764587654460,3.42933887324797E-04,-498.7498631791110,0.03570553876406570,0.0016055749476808234+0.03566942146320261i,1.8820210055098188e-6+0.0i
rscan_3300974.out:harminv0:,0.35828203780167000,-0.00159071508253483,112.61665955626100,1.1200997601428900,-0.4014552460346845-1.0456850185899165i,2.702819688553851e-6+0.0i
rscan_3300974.out:harminv0:,0.360676962392176,-0.0011776214693286100,153.1379020279780,0.7181858549562670,0.6627339755479302-0.27672115913623235i,4.244405540654011e-6+0.0i
rscan_3300974.out:harminv0:,0.3804509288238140,-0.003081677284938120,61.72789907030360,0.01839519475046390,-0.010137293268198875-0.015349868895271518i,4.4044356839674465e-4+0.0i
rscan_3300975.out:harminv0:, frequency, imag. freq., Q, |amp|, amplitude, error
rscan_3300975.out:harminv0:,0.32065951610430300,-9.23697316689611E-04,173.57391339703000,0.0029722771588211500,0.0026999027919666885-0.0012429627600135133i,8.166645926827944e-6+0.0i
rscan_3300975.out:harminv0:,0.3243106451392640,0.003126033453894390,-51.87254869829370,2.46239093629524E-04,1.4861957660130135e-4+1.9633113019167276e-4i,0.002826503472090751+0.0i
rscan_3300975.out:harminv0:,0.33494319318783600,-9.66247012058808E-04,173.32172260702000,0.089520184221008,-0.08595670297130979-0.025006171183634494i,1.3707624617412076e-6+0.0i
rscan_3300975.out:harminv0:,0.3387126328840820,-6.66622433740463E-04,254.0513308137140,0.11122473423875200,0.041796676625663075-0.10307268954253024i,4.794553693634563e-7+0.0i
rscan_3300975.out:harminv0:,0.3414296434855110,1.94555713835108E-04,-877.4598205192870,0.009364723004151900,-0.006763957174215481-0.006476644215168119i,2.439463583887623e-5+0.0i
rscan_3300975.out:harminv0:,0.3477416585565510,-0.001516270196743540,114.67008297841300,7.80570523694695E-04,-6.876576197719721e-4-3.6934718143036635e-4i,3.976378636424036e-4+0.0i
rscan_3300975.out:harminv0:,0.35856151288339600,-3.78771440744068E-04,473.3217374824090,0.07131913959877040,0.0274110853531683+0.0658411123301408i,2.761676921209674e-5+0.0i
rscan_3300975.out:harminv0:,0.3604323380588730,-0.0023157756338919300,77.82108352464270,0.1241039864778750,-0.08253923196441722+0.09267726067609348i,1.403206532210702e-4+0.0i
rscan_3300975.out:harminv0:,0.3749540628396870,-0.002241729944684990,83.63051573823180,0.031101739017822500,-0.023665938448849653-0.020180226145115547i,1.4745664292157072e-6+0.0i
rscan_3300975.out:harminv0:, frequency, imag. freq., Q, |amp|, amplitude, error
rscan_3300975.out:harminv0:,0.3223734575841510,0.003185364057264280,-50.602294084560300,0.004562116511270580,0.0045509210431525365+3.194130889601957e-4i,2.1734163194258072e-4+0.0i
rscan_3300975.out:harminv0:,0.3356878403003700,2.70896392025374E-04,-619.5871377071090,0.028135761280146000,-0.01548772398356249-0.023489390554510957i,5.609476211331125e-5+0.0i
rscan_3300975.out:harminv0:,0.3387239694460290,-7.31549386304016E-04,231.5113482340220,0.4754270444392140,-0.2894183415623594+0.37718417007013927i,4.298923732659225e-6+0.0i
rscan_3300975.out:harminv0:,0.35810442223835800,-5.87209814995634E-04,304.92033093913900,0.570579696398126,-0.558110052671889-0.1186354038571916i,5.062251709001989e-7+0.0i
rscan_3300975.out:harminv0:,0.3704556540783140,-0.0019819002649996100,93.45971152549040,0.0062670494987578600,0.005118739324308725+0.0036158563508049703i,1.0429721656867327e-4+0.0i
rscan_3300975.out:harminv0:, frequency, imag. freq., Q, |amp|, amplitude, error
rscan_3300975.out:harminv0:,0.3324923090370120,0.0014184741092124400,-117.20069717085600,0.0034012720190098900,4.883854056794042e-4-0.0033660260015066666i,1.638175617972194e-4+0.0i
rscan_3300975.out:harminv0:,0.33860446838895300,-9.28216644621573E-04,182.3951716180440,0.38922852135861000,-0.1849464623499957+0.34248160228431473i,2.516785851164365e-6+0.0i
rscan_3300975.out:harminv0:,0.3416998144044780,2.59216762769775E-04,-659.100535693288,0.02757011297033130,-0.004950989061432457-0.02712192538354177i,1.1115218351358727e-5+0.0i
rscan_3300975.out:harminv0:,0.35831898362118100,-0.0010616755657612400,168.75163900200500,0.8235255967232150,0.8162011077961799+0.10959087594602274i,7.946343756029438e-7+0.0i
rscan_3300975.out:harminv0:,0.3749670472226860,-0.0022401343880204100,83.69298048097050,0.046212398481597100,-0.04238148892754791-0.01842268085013817i,1.0412181658137476e-5+0.0i
rscan_3300975.out:harminv0:, frequency, imag. freq., Q, |amp|, amplitude, error
rscan_3300975.out:harminv0:,0.33647705542616300,-0.0013981482866412300,120.3295310808850,0.11653745864009700,-0.01193420888832929+0.11592477700863672i,2.3242748083875345e-5+0.0i
rscan_3300975.out:harminv0:,0.3385103620036150,-0.0032892249331564100,51.45746625463730,0.15505107777282200,-0.0018294432220958264-0.15504028462309644i,7.813826954012758e-5+0.0i
rscan_3300975.out:harminv0:,0.3410952146855250,1.04990453058441E-04,-1624.4106237719500,0.04924313871735530,0.025202796327392897+0.04230491423010621i,2.905938208290853e-5+0.0i
rscan_3300975.out:harminv0:,0.3583436934268680,-2.72447950612463E-04,657.6369773039420,0.33506098450241200,0.23454963904582515+0.23927459154535927i,6.4106343084893754e-6+0.0i
rscan_3300975.out:harminv0:,0.358479419591563,-7.87171302049973E-04,227.7010217839510,0.22100603425568000,-0.17529026302038728-0.13459937172091868i,2.2219202140588253e-5+0.0i
rscan_3300975.out:harminv0:,0.3753348826288610,-0.0018369779354955900,102.160966491849,0.003551888717793220,-0.0027327992261990024-0.002268859152277392i,5.717586475391294e-5+0.0i
rscan_3300975.out:harminv0:, frequency, imag. freq., Q, |amp|, amplitude, error
rscan_3300975.out:harminv0:,0.3354132684105420,-8.9896842977556E-04,186.55453145016600,0.0937232044680453,-0.05542610380388853-0.07557768237303655i,2.905681494743894e-6+0.0i
rscan_3300975.out:harminv0:,0.3581630200189660,-3.68115303534117E-04,486.48211114886700,0.859185323300027,0.7991582596755769-0.31550831330802537i,9.487187506372431e-8+0.0i
rscan_3300975.out:harminv0:, frequency, imag. freq., Q, |amp|, amplitude, error
rscan_3300975.out:harminv0:,0.31724212469454800,-0.0017391375773251800,91.20673626708450,2.82137124629181E-04,2.7090011751590616e-4-7.883199492522075e-5i,3.6161602043203364e-5+0.0i
rscan_3300975.out:harminv0:,0.3344779926796510,-7.43502742327438E-04,224.9339334194060,0.035170993886608700,-0.008828580522808075+0.034044896488668625i,1.5509215815990885e-5+0.0i
rscan_3300975.out:harminv0:,0.3383729628807810,-3.47790329464576E-04,486.46114370360200,0.0640543279902794,-0.028919092088358835+0.05715455403615106i,1.2913216112383044e-6+0.0i
rscan_3300975.out:harminv0:,0.3526318845712490,0.0016050727447062900,-109.84919086510800,1.3714028674411E-04,9.809182176280783e-5-9.58407676905311e-5i,3.923570643657408e-4+0.0i
rscan_3300975.out:harminv0:,0.3579262131730830,-3.22328820928447E-04,555.2190650251200,0.7447827707273900,0.7442574062636856+0.02796942605810411i,8.034603009865147e-7+0.0i
rscan_3300975.out:harminv0:,0.3730303957732310,-5.20774463552713E-06,35814.96615909550,6.78327878444256E-04,-6.130654803412778e-4+2.9030919291094377e-4i,2.3088319430932365e-4+0.0i
rscan_3300976.out:harminv0:, frequency, imag. freq., Q, |amp|, amplitude, error
rscan_3300976.out:harminv0:,0.31986432581851100,-0.001075051368937120,148.76699619235600,0.00458924665525863,0.004587270921302391+1.3464901550341353e-4i,1.3174552829492141e-5+0.0i
rscan_3300976.out:harminv0:,0.3340085324434050,-0.0011547765563471700,144.62041622145200,0.08506400197497070,-0.06366302873118189-0.05641722436251657i,4.438668079989158e-6+0.0i
rscan_3300976.out:harminv0:,0.33706621413782000,-7.4574763918668E-04,225.99214293553000,0.09985708013760780,0.08119357357714888-0.05812951112284299i,8.813733247016343e-7+0.0i
rscan_3300976.out:harminv0:,0.340312047220101,2.14035299903E-05,-7949.904697363690,0.014446822596529300,-0.0037976856114545344-0.013938732622880107i,1.0038523955298712e-7+0.0i
rscan_3300976.out:harminv0:,0.3555469188504950,-2.05845611988832E-04,863.625207783842,0.0787360399803958,-0.022054028594853076+0.07558428285385718i,1.437392204373999e-6+0.0i
rscan_3300976.out:harminv0:,0.3561085581282430,8.00820114166136E-04,-222.33991868388900,7.77854409904783E-04,6.019796281300752e-4-4.926235990334751e-4i,6.211882925555322e-6+0.0i
rscan_3300976.out:harminv0:,0.3728725513148410,-0.002666972179824550,69.90559446693790,0.026569919399346000,-0.007108306630311533-0.025601417807168635i,1.7869414576806337e-5+0.0i
rscan_3300976.out:harminv0:, frequency, imag. freq., Q, |amp|, amplitude, error
rscan_3300976.out:harminv0:,0.32904418648264500,-0.0026638968514762700,61.75993381656210,0.2895029706364920,-0.20087413751520464+0.20847434107073257i,6.322291163955077e-5+0.0i
rscan_3300976.out:harminv0:,0.3370589036109910,-5.95045195561771E-04,283.2212629603530,0.39043149469423600,-0.3610339956902253+0.148631107124738i,8.714016717230125e-7+0.0i
rscan_3300976.out:harminv0:,0.35539686063561300,-1.03885417098564E-04,1710.5233369685600,0.2352522216731290,0.035246794190617534-0.23259679985207754i,1.4559070351182813e-6+0.0i
rscan_3300976.out:harminv0:,0.35733991961301500,-5.78189755980527E-04,309.01612828388600,0.5598034196196970,-0.40792261485816306-0.38337841476168877i,1.8891178991308531e-6+0.0i
rscan_3300976.out:harminv0:,0.3681193808710290,-4.80765192459961E-04,382.847371902539,7.21469720356678E-04,6.174769882769989e-4-3.7314973715642626e-4i,1.0831269660107849e-4+0.0i
rscan_3300976.out:harminv0:, frequency, imag. freq., Q, |amp|, amplitude, error
rscan_3300976.out:harminv0:,0.33375649551466800,-0.0013952577788202400,119.60388273085900,0.10445163027987800,0.09309255384921719+0.047370027295274i,2.7809351926174686e-5+0.0i
rscan_3300976.out:harminv0:,0.3370393709412950,-7.0705871199379E-04,238.33902703136100,0.2822436934335880,-0.2615142905019979+0.10616863164923017i,1.2715270974228619e-6+0.0i
rscan_3300976.out:harminv0:,0.34019364553147600,-5.2834126350529E-05,3219.44989943105,0.0722027942281661,-0.022789023598748816-0.0685120711828986i,1.396732608522315e-6+0.0i
rscan_3300976.out:harminv0:,0.35761901621412400,-6.08497525109378E-04,293.85412549528600,0.9763883983005250,0.39817632783083196-0.8915099081283493i,3.129432393310676e-7+0.0i
rscan_3300976.out:harminv0:,0.37282426320934100,-0.0032420041269365600,57.499042044963500,0.0821933703063854,-0.003719779574526521-0.0821091551670064i,1.227461449739156e-4+0.0i
rscan_3300976.out:harminv0:, frequency, imag. freq., Q, |amp|, amplitude, error
rscan_3300976.out:harminv0:,0.33734263524230500,-4.28706398411233E-05,3934.425010828880,0.013759100250946700,0.013196173798174253-0.0038953609337235586i,4.141783549641791e-6+0.0i
rscan_3300976.out:harminv0:,0.3400509019338890,-3.33796261748722E-04,509.3689488198570,0.08812164558682800,0.01109445398832124+0.08742046391796109i,1.982522890192942e-6+0.0i
rscan_3300976.out:harminv0:,0.35558706998620700,-2.36970626004053E-04,750.2766819296110,0.37651802022737800,-0.13982440744891023-0.3495925551803209i,1.0823077636170916e-7+0.0i
rscan_3300976.out:harminv0:,0.357558349704409,-5.77636401959286E-04,309.50122645630200,0.1524404683968220,-0.0983808693255099-0.11644441144082145i,1.7332966754714148e-6+0.0i
rscan_3300976.out:harminv0:,0.3704996143421700,6.25136993578726E-04,-296.334737943733,2.18500325458072E-04,-1.9257874093270495e-4+1.032270350540863e-4i,1.3123948003614694e-4+0.0i
rscan_3300976.out:harminv0:, frequency, imag. freq., Q, |amp|, amplitude, error
rscan_3300976.out:harminv0:,0.3224945614204480,-1.01975710861491E-04,1581.2322301850800,6.87320785557696E-06,6.8385888231942635e-6+6.889768742471551e-7i,0.0013789431330436328+0.0i
rscan_3300976.out:harminv0:,0.33437972024614900,-0.001957135196928950,85.42581033002780,0.06614288098102340,-0.004628154457821474-0.06598076152019139i,1.1263257826708537e-4+0.0i
rscan_3300976.out:harminv0:,0.35511910842315900,8.12632644702201E-05,-2184.9916486759900,0.4248352375850230,0.09974522563689267-0.41295988795107985i,2.0293019069706106e-7+0.0i
rscan_3300976.out:harminv0:,0.35732491715483800,-5.44041304511417E-04,328.39870262767800,0.5227826957200840,0.4024694405398328+0.3336466639664065i,3.5539306913823846e-6+0.0i
rscan_3300976.out:harminv0:,0.37402965285592800,-0.002729630483705970,68.51287291240160,0.013507391954298200,-0.013288208707844884+0.0024234576009899886i,2.1824341871227532e-4+0.0i
rscan_3300976.out:harminv0:, frequency, imag. freq., Q, |amp|, amplitude, error
rscan_3300976.out:harminv0:,0.3371736120041280,-4.98756342173106E-04,338.01436041399100,0.0855458174218686,-0.0843626306987174+0.01417862546114759i,5.465522884441934e-6+0.0i
rscan_3300976.out:harminv0:,0.34016405447288900,1.20529214783374E-04,-1411.126983131280,0.03135517048166570,-0.03102326020585096-0.004550169462161355i,8.273363782570914e-6+0.0i
rscan_3300976.out:harminv0:,0.35508253575610800,1.66075071236294E-04,-1069.0422503293400,0.29267574696238100,0.08396365733495353-0.28037331739473026i,2.501247906684678e-7+0.0i
rscan_3300976.out:harminv0:,0.3574171515639060,-5.75361348795362E-04,310.60233044175800,0.5003887734640760,0.354962019252242+0.3526909263041133i,7.80896521746216e-7+0.0i
rscan_3300976.out:harminv0:,0.36476155558134700,-0.0027296180063685700,66.81549482936970,0.016562733492386900,0.015608933261044147-0.005539435277363929i,5.470254130372579e-5+0.0i
rscan_3300977.out:harminv0:, frequency, imag. freq., Q, |amp|, amplitude, error
rscan_3300977.out:harminv0:,0.319593245177826,-0.0010177350384572600,157.01200857852200,0.005130423060541850,0.005096911740482584-5.854327372725533e-4i,2.031599055573299e-5+0.0i
rscan_3300977.out:harminv0:,0.33366018955664500,-0.0013487920734842100,123.68851957097100,0.1324030256293070,-0.08546303737827204-0.10112680375585437i,3.8525925747094117e-5+0.0i
rscan_3300977.out:harminv0:,0.3366821386113550,-8.66956030381249E-04,194.1748640143240,0.11204927168216200,0.11165856518570312+0.009349016267660772i,1.5222307109845213e-4+0.0i
rscan_3300977.out:harminv0:,0.33673338588865100,3.62600302544283E-04,-464.33136366113100,0.0051094480902183900,-0.0028937775815640328+0.0042109988239221584i,3.5846025932066353e-4+0.0i
rscan_3300977.out:harminv0:,0.3391168432448660,9.157914626045E-04,-185.14959851253800,0.002677175610424320,-0.0021473855290024945+0.0015987509621205923i,1.5170752473574303e-6+0.0i
rscan_3300977.out:harminv0:,0.3489137309579160,-0.002910650041158900,59.93742394722820,0.14658657420577300,0.13204518510341234+0.06365290903321057i,1.8793461377668405e-5+0.0i
rscan_3300977.out:harminv0:,0.35289762099783100,-5.68312384240945E-05,3104.7855966500800,0.05666641768777040,-0.04883541275501023+0.028743440201420688i,1.707774487795241e-7+0.0i
rscan_3300977.out:harminv0:,0.3714401723546110,-0.0028299450103998100,65.62674733777510,0.03475305148171180,-0.01671053516717513-0.03047183292349035i,1.4562834356090005e-5+0.0i
rscan_3300977.out:harminv0:, frequency, imag. freq., Q, |amp|, amplitude, error
rscan_3300977.out:harminv0:,0.3172975794491140,-0.0016133129056007600,98.33727181738480,0.0027876748801069900,0.00198376700947445-0.001958519769953904i,8.136489431849717e-4+0.0i
rscan_3300977.out:harminv0:,0.3322463183046920,0.00266114356691986,-62.42547798525020,0.0014623974428942900,-0.0011999088516745958+8.359575519466957e-4i,9.624025039622242e-4+0.0i
rscan_3300977.out:harminv0:,0.3362370908310050,-7.18229430534901E-04,234.07359580113100,0.41723909154534200,-0.41665635881118057-0.022044005438926026i,1.2564663051386213e-5+0.0i
rscan_3300977.out:harminv0:,0.3530211302968900,-2.40350924570004E-05,7343.868781209310,0.20918810902322800,0.19889129667285355-0.06482219577046845i,4.78259336541086e-6+0.0i
rscan_3300977.out:harminv0:,0.356365071522249,-4.16599537369247E-04,427.70699383469300,0.6565682345286010,-0.19938716408225005-0.625561032507014i,5.777230011929146e-7+0.0i
rscan_3300977.out:harminv0:,0.3701909501619120,5.00105884632044E-04,-370.11257169497500,6.148176413539E-04,4.672090575270476e-4+3.996453786604584e-4i,1.7750814365784243e-4+0.0i
rscan_3300977.out:harminv0:, frequency, imag. freq., Q, |amp|, amplitude, error
rscan_3300977.out:harminv0:,0.31963232344077600,-5.69937121174703E-04,280.4101641791460,0.0012918183865174400,-0.0012906283048335807-5.543755502289347e-5i,3.6844408699388434e-5+0.0i
rscan_3300977.out:harminv0:,0.3334554809440410,-0.001461865005599280,114.05139314055300,0.1287917772923790,0.09127299068800764+0.09086563194627877i,2.9711173514390364e-6+0.0i
rscan_3300977.out:harminv0:,0.3361254237699030,-7.69412397499613E-04,218.42995048053600,0.29040695969350400,-0.2897704855779412+0.019216345291147043i,3.6988060659867685e-7+0.0i
rscan_3300977.out:harminv0:,0.33940590643308300,-1.01534986294277E-04,1671.3741677641400,0.10348487228652500,0.009762997218656744-0.10302331133033389i,3.9677479828384435e-7+0.0i
rscan_3300977.out:harminv0:,0.3564021719419730,-4.26369067292348E-04,417.95031497629600,1.011285267437020,0.2967783660274196+0.9667577222827103i,3.4580918634113193e-9+0.0i
rscan_3300977.out:harminv0:,0.37242584099148700,-0.0023535466970102000,79.12012994358540,0.020347438533643500,0.014272662400953753-0.014502046851006986i,1.683821819140277e-6+0.0i
rscan_3300977.out:harminv0:, frequency, imag. freq., Q, |amp|, amplitude, error
rscan_3300977.out:harminv0:,0.33436087572787800,-5.3871305411957E-04,310.3329993314630,0.02138666091896430,0.004061088776507435+0.020997543266108108i,4.385400856383106e-5+0.0i
rscan_3300977.out:harminv0:,0.3364205705263060,-0.0011087968456595400,151.70523430114700,0.05708484182423030,0.05576868189725981+0.012187423252666488i,3.4112895274181234e-5+0.0i
rscan_3300977.out:harminv0:,0.33929677153257300,-1.32486976868324E-04,1280.4910322234600,0.0521900186056772,-0.012320568542341613+0.050714905430794155i,1.8772566684237045e-6+0.0i
rscan_3300977.out:harminv0:,0.3529451026438300,-9.55211892257588E-05,1847.4702079434100,0.3157988428942690,-0.2849504651634143-0.13613280859701954i,6.467266198885256e-8+0.0i
rscan_3300977.out:harminv0:,0.3565531529662760,-3.88607459985638E-04,458.7574733890260,0.1632146167714050,-0.05240106518131968-0.1545740582882507i,3.2134813249463336e-7+0.0i
rscan_3300977.out:harminv0:,0.36134992712239600,-0.0028801702236180000,62.73065462576660,0.01215285778701260,0.0020136542531439864-0.011984871669740447i,1.9320134526670902e-4+0.0i
rscan_3300977.out:harminv0:,0.3728529756694770,-0.002137150093176790,87.23135002540820,0.00327205429838018,0.0022955051268186634-0.002331736594106942i,1.0409742961093795e-4+0.0i
rscan_3300977.out:harminv0:, frequency, imag. freq., Q, |amp|, amplitude, error
rscan_3300977.out:harminv0:,0.3336663571307710,-0.0010256842489798000,162.6554943505530,0.08405182812445220,-0.06153145784273371-0.05725896878926771i,1.6694965766599663e-6+0.0i
rscan_3300977.out:harminv0:,0.3529658669121100,-5.39359117970351E-05,3272.085843661530,0.6431393112919040,-0.5900367129916867+0.2559000802090354i,1.1820541482074629e-8+0.0i
rscan_3300977.out:harminv0:,0.3563632440115390,-4.19551750450784E-04,424.69521772778700,0.6529852551490590,0.20020273416993484+0.6215372946758412i,3.057061671143038e-8+0.0i
rscan_3300977.out:harminv0:,0.372931219219253,-0.003244874901701370,57.46465280120900,0.02594163678427150,0.003741589015631567+0.025670392102287273i,2.5161356503666275e-6+0.0i
rscan_3300977.out:harminv0:, frequency, imag. freq., Q, |amp|, amplitude, error
rscan_3300977.out:harminv0:,0.33649439391524800,-6.34450364217186E-04,265.1857520252430,0.10727993778235300,-0.09071440315739783-0.05727025502285236i,1.0295641035931221e-5+0.0i
rscan_3300977.out:harminv0:,0.3531048602526460,7.04948257341725E-04,-250.44736019645000,0.17141986002921500,-0.1711145017711249-0.010227203726103862i,4.84717934177372e-6+0.0i
rscan_3300977.out:harminv0:,0.3563430184942090,-2.92982487714618E-04,608.1302354857940,0.44059056876487200,0.17780531595454938+0.40311948464798364i,5.637135816156087e-5+0.0i
rscan_3300977.out:harminv0:,0.3570471499781360,-0.0010604958831905600,168.33971523960200,0.1428429012295950,-0.04587185613639828+0.1352770019119635i,4.1259222174797055e-4+0.0i
rscan_3300977.out:harminv0:,0.3695096471057150,-0.002115075675464350,87.35140103783550,6.42827744136245E-04,-1.9531037748807544e-4+6.124388663995448e-4i,1.1843227124439819e-4+0.0i
rscan_3300978.out:harminv0:, frequency, imag. freq., Q, |amp|, amplitude, error
rscan_3300978.out:harminv0:,0.3172702200385080,-0.0012990650133000400,122.11483520464500,0.004611933541260480,0.003026341694862745+0.003480113063528063i,1.6117743425060989e-6+0.0i
rscan_3300978.out:harminv0:,0.33120876415862600,-0.0018921454547472500,87.52201458076280,0.12358983659999600,-0.06380165619370862-0.1058479871218794i,5.632671430261798e-6+0.0i
rscan_3300978.out:harminv0:,0.333639243600562,-0.0012713854105396900,131.21089829831200,0.10496816308247600,0.09076773274744863+0.05272128557610308i,4.774547738206728e-6+0.0i
rscan_3300978.out:harminv0:,0.33763674005113600,-5.38824538547715E-04,313.3086152323010,0.04752981274784590,0.042397937963937815+0.02148250349124557i,5.288502375703041e-7+0.0i
rscan_3300978.out:harminv0:,0.34482278469670800,-0.0032100914939710200,53.7091832653885,0.009425096197615520,-0.0025682349368987747+0.009068440199019843i,1.9565809729066858e-4+0.0i
rscan_3300978.out:harminv0:,0.3500201344075190,-2.28210311278372E-05,7668.806296411430,0.0616516286469212,-0.04435794557914401-0.04281700571987224i,6.340587214292444e-7+0.0i
rscan_3300978.out:harminv0:,0.3538105824639,9.4745670018386E-05,-1867.159641148990,0.01067141843088730,0.010490181517955464+0.0019583827632579116i,1.4797408940496316e-5+0.0i
rscan_3300978.out:harminv0:,0.369526038684614,-0.0022252399968210600,83.03060326358340,0.018401965854053700,0.015283815828037506+0.010248771683884246i,1.0385358549120108e-5+0.0i
rscan_3300978.out:harminv0:, frequency, imag. freq., Q, |amp|, amplitude, error
rscan_3300978.out:harminv0:,0.3163324775749050,1.12655368263523E-05,-14039.831498972200,4.29277282212748E-04,-4.290003259707069e-4-1.5417695709486007e-5i,1.862397637497498e-4+0.0i
rscan_3300978.out:harminv0:,0.3338533812493810,-0.001179688433863360,141.50065884601600,0.40381513913937300,-0.15680888827687095-0.3721258377961991i,9.676247897276323e-7+0.0i
rscan_3300978.out:harminv0:,0.35010887032831100,-1.94016374582337E-05,9022.662934558950,0.22248485352119300,0.13779522212668954-0.1746768067185877i,3.3750664585433873e-7+0.0i
rscan_3300978.out:harminv0:,0.3536774085238720,-2.16781474312009E-04,815.7463861852670,0.8645230376006510,0.6395050583272416-0.5817502582003108i,1.5988011692028364e-7+0.0i
rscan_3300978.out:harminv0:,0.3680207069017390,-5.24131235329054E-04,351.07686977546000,0.001450415564983510,-3.3745304457524e-4+0.0014106136089848734i,1.9414918097176965e-4+0.0i
rscan_3300978.out:harminv0:, frequency, imag. freq., Q, |amp|, amplitude, error
rscan_3300978.out:harminv0:,0.31936511914277900,-4.64824184373536E-04,343.5332431908660,2.99636132230685E-04,2.917307368364573e-4+6.837389065295292e-5i,7.98386530166344e-5+0.0i
rscan_3300978.out:harminv0:,0.33359999260339800,-8.8961955632733E-04,187.4958740681350,0.17027733501020100,-0.144685631249003-0.08977994725022867i,1.585587242695829e-6+0.0i
rscan_3300978.out:harminv0:,0.33672373818615300,-5.00358494950498E-04,336.48248364351900,0.16525570155120200,-0.06211073395336007-0.15313949073623928i,2.4353276364802932e-5+0.0i
rscan_3300978.out:harminv0:,0.3537158729041860,-2.20882492090987E-04,800.6878896460510,1.2525170938020200,-0.9255576091700558+0.8438851713199372i,3.1374694638757614e-8+0.0i
rscan_3300978.out:harminv0:,0.3647153911207340,-0.0027404128067386300,66.54387802886940,0.08119228629381260,0.04468275572563678+0.0677911402351333i,2.945001157810495e-5+0.0i
rscan_3300978.out:harminv0:,0.36917028470233400,-0.00259507993109708,71.12888514117290,0.05134089442124940,0.04823173471444922-0.01759509040638537i,3.3055198413808164e-5+0.0i
rscan_3300978.out:harminv0:, frequency, imag. freq., Q, |amp|, amplitude, error
rscan_3300978.out:harminv0:,0.3334239533089780,-0.001817710337146920,91.71537029170490,0.09017884168093700,0.04367204660904299+0.07889851603099443i,1.2848274964696855e-4+0.0i
rscan_3300978.out:harminv0:,0.3375528580800560,-1.17310142137738E-04,1438.7198409653400,0.032761657679388700,-0.031093608902531572+0.010320547433051205i,5.452836471078709e-5+0.0i
rscan_3300978.out:harminv0:,0.35001596583332400,-3.56298328743345E-05,4911.838445437290,0.32744159462153000,-0.23839468574437467-0.22446819751833694i,9.780891483152553e-7+0.0i
rscan_3300978.out:harminv0:,0.35393523467217300,-1.56121659273131E-04,1133.52380547331,0.165389985989379,0.11032999377852964+0.1232117686684052i,1.0348012517553551e-7+0.0i
rscan_3300978.out:harminv0:, frequency, imag. freq., Q, |amp|, amplitude, error
rscan_3300978.out:harminv0:,0.33276915882208900,-0.0021138244456251600,78.71258171670780,0.1615314543693170,-0.03004240279735285-0.1587131525262743i,4.169863018474824e-5+0.0i
rscan_3300978.out:harminv0:,0.35000994042674300,-3.70756069546367E-05,4720.218617796220,0.6620310933726760,-0.4862721833777024-0.449248853382291i,1.0898121348401815e-8+0.0i
rscan_3300978.out:harminv0:,0.35367722395805400,-2.11683543826837E-04,835.391399738121,0.8457042918159540,-0.628579237463271+0.5657772454120236i,1.4281374059376014e-8+0.0i
rscan_3300978.out:harminv0:, frequency, imag. freq., Q, |amp|, amplitude, error
rscan_3300978.out:harminv0:,0.3309993424254150,-0.0011160403739043700,148.29183162408500,0.021458043289654600,-0.012093061426482723+0.01772584235391947i,1.1173585748489055e-4+0.0i
rscan_3300978.out:harminv0:,0.33360617350768300,-0.0012350913871645300,135.0532345114820,0.14670049636254300,-0.0938483359350509-0.11275427031930253i,2.4007458167636943e-5+0.0i
rscan_3300978.out:harminv0:,0.33743724133936100,1.95183321780518E-04,-864.4110528019560,0.02517618370472460,0.01622150715942084-0.019253647223601466i,4.1170905817188e-5+0.0i
rscan_3300978.out:harminv0:,0.35001032913456700,-3.87591912400996E-05,4515.1913383122000,0.538179756708444,-0.3955171338847879-0.3649707486009294i,6.594620292114516e-8+0.0i
rscan_3300978.out:harminv0:,0.35373301254278600,-2.2348499346225E-04,791.4021587371950,0.7329844926591000,-0.5385111192456697+0.4972645582861239i,4.72009227267156e-8+0.0i
rscan_3300979.out:harminv0:, frequency, imag. freq., Q, |amp|, amplitude, error
rscan_3300979.out:harminv0:,0.3170117298796360,-0.0013840951952760900,114.51948209978500,0.006244697569808710,0.0033176541641080845+0.005290502677983544i,2.65592157947118e-5+0.0i
rscan_3300979.out:harminv0:,0.3313499215547460,-0.0015963836367845900,103.7814200545630,0.1934142081782580,0.12921031858827525-0.14392272056745875i,5.263571962430794e-5+0.0i
rscan_3300979.out:harminv0:,0.3350065217684790,-2.98648850943144E-04,560.8702673901410,0.02534984752757050,-0.025252849421414703-0.0022154831911861406i,1.9762041806957306e-6+0.0i
rscan_3300979.out:harminv0:,0.33713103578251800,-4.07188777191868E-04,413.9738797659220,0.042440397576234500,0.04056858879037934+0.012465029080830912i,6.474088663746745e-5+0.0i
rscan_3300979.out:harminv0:,0.348540582129057,-2.79941406254692E-05,6225.241681681660,0.0618333711434034,-0.016416602299697602-0.05961426805632554i,8.654156804188672e-7+0.0i
rscan_3300979.out:harminv0:,0.35266598865532200,-5.91587723015073E-05,2980.6736595033800,0.02032501162972970,-0.01972193680031764+0.004914397887119427i,1.0120377807602468e-6+0.0i
rscan_3300979.out:harminv0:,0.36910502584324300,-0.0022928225998575000,80.49140519335920,0.01745237600915790,0.017430486684860427+8.738205158577532e-4i,3.670897276802175e-5+0.0i
rscan_3300979.out:harminv0:, frequency, imag. freq., Q, |amp|, amplitude, error
rscan_3300979.out:harminv0:,0.32160875422218700,-6.98371973992336E-04,230.25605708636000,2.55742670791454E-04,-2.083125483996359e-4+1.4835833593969448e-4i,1.4935086718416497e-4+0.0i
rscan_3300979.out:harminv0:,0.3333049203862260,-0.0016770343157838500,99.37331551574090,0.38389157951587700,0.15927431011795137-0.34929133822590763i,2.0671666613285623e-6+0.0i
rscan_3300979.out:harminv0:,0.34856365267524600,-2.44906194439272E-05,7116.268607931800,0.20606766842764600,0.0461953583759923+0.20082298881283447i,6.182473251333492e-7+0.0i
rscan_3300979.out:harminv0:,0.352342997811112,-1.59743738490335E-04,1102.8382118164600,0.8651190982111560,0.8481215255559655-0.17064856277831886i,2.3631462845278645e-7+0.0i
rscan_3300979.out:harminv0:,0.3669269377302530,-0.0020587896426751100,89.11229445799110,0.0069319168158273700,9.985678466434935e-4+0.00685961609692554i,1.0487588065796386e-4+0.0i
rscan_3300979.out:harminv0:, frequency, imag. freq., Q, |amp|, amplitude, error
rscan_3300979.out:harminv0:,0.3324176568309640,-0.001736243014336690,95.72901203520790,0.14400351262405500,-0.1303064810935262-0.06129626932439497i,1.0751035235398497e-6+0.0i
rscan_3300979.out:harminv0:,0.3367785676943440,-1.5621307868326E-04,1077.9461314414100,0.1348480257279410,0.1254923452382605-0.04935241969067598i,5.509831571809717e-7+0.0i
rscan_3300979.out:harminv0:,0.34869785184514700,-1.44555188129188E-04,1206.106319523860,0.00202079957217067,1.9882286242108748e-4+0.0020109948732564805i,8.817546057004039e-6+0.0i
rscan_3300979.out:harminv0:,0.35238057761982200,-1.70736384315126E-04,1031.9434227019700,1.2794921291209000,-1.2526859697429493+0.2605340087042415i,9.75833190473256e-9+0.0i
rscan_3300979.out:harminv0:,0.3715298025140960,-5.51596314415442E-04,336.7769080435460,0.001195339365750640,-6.852530315948455e-4+9.794204827361964e-4i,3.7928963551922245e-5+0.0i
rscan_3300979.out:harminv0:, frequency, imag. freq., Q, |amp|, amplitude, error
rscan_3300979.out:harminv0:,0.3327994081839210,-0.0020143072423673900,82.60889927417070,0.07927356943888530,0.0035447806270194264+0.07919427594143456i,1.0022004782470117e-6+0.0i
rscan_3300979.out:harminv0:,0.336523122046263,-3.66105096111096E-04,459.59906816503800,0.02873654668452420,-0.02760838941005045+0.00797282569324416i,9.738640412412568e-6+0.0i
rscan_3300979.out:harminv0:,0.34807127227038500,4.21179982427113E-05,-4132.096571453510,0.003674823180873620,-0.002534351913912241+0.002661087331737814i,7.644863224638628e-5+0.0i
rscan_3300979.out:harminv0:,0.34855166367972300,-3.91812803171846E-05,4447.936117172400,0.3512948949722020,-0.08301442000116273-0.34134543984855115i,1.166727045605849e-6+0.0i
rscan_3300979.out:harminv0:,0.3525706024706540,-1.26449499162666E-04,1394.1162472186000,0.17715290688847400,0.16927143231363165+0.052252603968874906i,5.8747054639614656e-8+0.0i
rscan_3300979.out:harminv0:,0.3708650279958110,-0.0023842432759564600,77.77415831172560,0.004760399585843880,-0.0041834547393814845+0.0022715876959627014i,3.4393964940908685e-5+0.0i
rscan_3300979.out:harminv0:, frequency, imag. freq., Q, |amp|, amplitude, error
rscan_3300979.out:harminv0:,0.3150430813390070,-0.0015614788288354500,100.87971592095300,0.003113620192256820,0.0020439002559144905+0.0023488513034038696i,1.554786398675363e-4+0.0i
rscan_3300979.out:harminv0:,0.3305013007822730,-0.0016847774304340000,98.08455847403400,0.0922101124948273,0.018912862863861596-0.09024970063441469i,1.8559621427601502e-5+0.0i
rscan_3300979.out:harminv0:,0.3351203391160540,-0.0020361784716464400,82.29149452824680,0.1572060794789230,0.15672038383395295-0.012347984291858375i,1.484231664303312e-4+0.0i
rscan_3300979.out:harminv0:,0.348549839985941,-2.79500525475841E-05,6235.226917597840,0.6345040150453380,-0.1578829053936262-0.6145472587955474i,3.528294134694845e-7+0.0i
rscan_3300979.out:harminv0:,0.3523450247091330,-1.63844447102927E-04,1075.242496585160,0.8698525140756300,-0.8529107339847452+0.1708410843365743i,1.5332656679266836e-7+0.0i
rscan_3300979.out:harminv0:,0.3596593400800050,-0.0019512656820872900,92.16052518672720,0.00757295258379208,8.84556084900319e-4-0.007521115034955186i,4.7734818524423375e-6+0.0i
rscan_3300979.out:harminv0:, frequency, imag. freq., Q, |amp|, amplitude, error
rscan_3300979.out:harminv0:,0.3335217557762390,-0.0013573614337407100,122.8566494839530,0.11423245229791000,0.043067253804336465-0.10580295273642988i,1.1805397444509828e-5+0.0i
rscan_3300979.out:harminv0:,0.3360137330320950,-8.77233163868054E-05,1915.1905495141300,0.04620238386942690,-8.831029150889691e-4-0.04619394337420485i,1.2432274237254027e-5+0.0i
rscan_3300979.out:harminv0:,0.3485499017599320,-3.18867745435849E-05,5465.430523295980,0.5120687761056420,-0.12782690950786002-0.49585755279918764i,1.874108340786094e-8+0.0i
rscan_3300979.out:harminv0:,0.35239617343179600,-1.7533092078721E-04,1004.9458813356800,0.7631345571027530,-0.7460817013977137+0.16042583047598047i,1.1435911640749986e-8+0.0i
rscan_3300979.out:harminv0:,0.363456884202829,-0.0010113549776718300,179.6880878756920,9.28158217963064E-04,6.457925127057891e-4+6.666556143208523e-4i,2.1920484084521034e-5+0.0i
rscan_3300980.out:harminv0:, frequency, imag. freq., Q, |amp|, amplitude, error
rscan_3300980.out:harminv0:,0.3161792036634150,-0.001738124945041660,90.95410677045310,0.01355725075511240,0.012567182519055092+0.005085761650898589i,2.1246198839901576e-4+0.0i
rscan_3300980.out:harminv0:,0.3298174635252070,-0.0011724857042537700,140.64882084644200,0.1207864014664820,0.03283813026786275-0.11623687874221748i,2.3057161538514142e-5+0.0i
rscan_3300980.out:harminv0:,0.3356059204260230,4.65558255390583E-04,-360.4338625082110,0.00963952048403336,0.00909021703936265+0.003207539452505564i,1.0404864262002864e-6+0.0i
rscan_3300980.out:harminv0:,0.3438151844845230,0.0015612949203165700,-110.10577822632300,1.74937442257944E-04,-1.6946475643427e-4+4.3414341298990095e-5i,6.397450805128516e-4+0.0i
rscan_3300980.out:harminv0:,0.346991458555084,-2.1144552695782E-05,8205.221069166960,0.06211645763481920,0.01993666754511256-0.05883012490462643i,1.2284650610614156e-6+0.0i
rscan_3300980.out:harminv0:,0.35159841188099100,-1.01373266636873E-04,1734.177182730260,0.040627936407621100,-0.03981414090797966-0.008090945587584036i,8.93039999784529e-7+0.0i
rscan_3300980.out:harminv0:,0.36424921540377500,-0.0022007257517243600,82.75661224902050,0.024517382158153000,-0.006481865376865942+0.023645030114700788i,1.2380358886082375e-5+0.0i
rscan_3300980.out:harminv0:,0.36860141142744600,-0.0024041226166094800,76.66027699271070,0.01404637745104420,0.013966008254034398+0.0015004442493624585i,8.06707793726875e-6+0.0i
rscan_3300980.out:harminv0:, frequency, imag. freq., Q, |amp|, amplitude, error
rscan_3300980.out:harminv0:,0.33137587880044000,-0.0016463766864696800,100.63792858699000,0.07263028274657470,-0.04211989023644708-0.059169864105953734i,3.1308789409817854e-5+0.0i
rscan_3300980.out:harminv0:,0.33479716415927400,-9.50517479826478E-05,1761.1310221269800,0.04997365851639490,0.01725259176970273+0.04690111536777386i,5.468587199780874e-5+0.0i
rscan_3300980.out:harminv0:,0.34698981927500100,-1.80788915856896E-05,9596.545718258020,0.20673376122104300,-0.06771639766046121+0.19532879336260078i,2.8408013587546505e-6+0.0i
rscan_3300980.out:harminv0:,0.3513617543115050,-1.40180528926102E-04,1253.2473554038700,0.84774090449609,0.8308583758597944+0.16834191521862085i,5.202189594649887e-7+0.0i
rscan_3300980.out:harminv0:,0.36295079818945000,-0.0026679603940422400,68.02027477618250,0.021534851403608000,-0.009192923557148258+0.01947408486804724i,5.925140841768583e-5+0.0i
rscan_3300980.out:harminv0:, frequency, imag. freq., Q, |amp|, amplitude, error
rscan_3300980.out:harminv0:,0.33036955887268400,-0.0015626864060661800,105.7056481678680,0.07658225537496780,-0.07273959580191558-0.023953977558867665i,3.6458113236789185e-6+0.0i
rscan_3300980.out:harminv0:,0.3359230298004450,-3.03667421535929E-04,553.1100901462690,0.1775989918433820,0.17742770596519603+0.007798144632772639i,6.649697935782799e-8+0.0i
rscan_3300980.out:harminv0:,0.35140248355044500,-1.4804840932822E-04,1186.7823678246800,1.2523681626306700,-1.2298446515454073+0.23644903856028723i,1.2313398570501138e-8+0.0i
rscan_3300980.out:harminv0:,0.3666874615877250,-0.0023707456188044800,77.33589354319640,0.015742914680712000,0.005729366330544526-0.014663346278888741i,1.0335173005166336e-4+0.0i
rscan_3300980.out:harminv0:, frequency, imag. freq., Q, |amp|, amplitude, error
rscan_3300980.out:harminv0:,0.33089581292886400,-2.64671788501382E-06,62510.59374375600,0.003129309774872930,-0.002066009294859115-0.0023503585387491394i,6.453670218766604e-5+0.0i
rscan_3300980.out:harminv0:,0.33102181839225900,-0.0023859411535237000,69.36923358385990,0.1158836703401230,0.041864784497677075+0.10805722960756173i,4.2938601643282985e-5+0.0i
rscan_3300980.out:harminv0:,0.33807617074797400,-0.0020302308489246100,83.26052451795060,0.33798531537717000,-0.3352297124361999+0.0430710263465794i,7.296855546549522e-5+0.0i
rscan_3300980.out:harminv0:,0.3469960870297370,-2.95000187211038E-05,5881.285878328970,0.3673001481571200,0.12345639872790697-0.3459305081217594i,1.6142727482188618e-7+0.0i
rscan_3300980.out:harminv0:,0.35160067420562100,-9.11434727057665E-05,1928.8307970263200,0.17153624767614000,0.17130501871811415-0.008903641322327557i,7.667396557501903e-8+0.0i
rscan_3300980.out:harminv0:,0.36475939076657200,1.24529431303449E-04,-1464.5509376724800,5.83727948769482E-04,-3.261549402081935e-5+5.828160496455163e-4i,2.1876542135063382e-5+0.0i
rscan_3300980.out:harminv0:, frequency, imag. freq., Q, |amp|, amplitude, error
rscan_3300980.out:harminv0:,0.3297840940014690,-0.001383845302307450,119.15497109813600,0.0910200097603827,0.05847907129770313-0.06974840784518536i,9.964810972559048e-6+0.0i
rscan_3300980.out:harminv0:,0.33680400801327700,7.1319149844816E-04,-236.12452528257300,0.0071453362435154700,0.005015653891933358+0.005089110538122504i,2.9873930750601855e-4+0.0i
rscan_3300980.out:harminv0:,0.3470046696009690,-2.65305551993234E-05,6539.717450199060,0.6356409354310980,0.222490437067533-0.5954304360789924i,6.714306898524493e-8+0.0i
rscan_3300980.out:harminv0:,0.3513764116696290,-1.676030591005E-04,1048.2398518124100,0.8975069823690470,-0.8802551761682397+0.17512740570857002i,4.025054448642776e-8+0.0i
rscan_3300980.out:harminv0:,0.35700735564047800,-8.06927107658689E-04,221.21412966057100,8.21978125758108E-05,-7.388538660177875e-5+3.601985617619557e-5i,3.669398862806258e-4+0.0i
rscan_3300980.out:harminv0:,0.3650952602971430,-8.5105032367992E-06,21449.686942041300,9.96230350853899E-04,9.3524023174707e-4-3.432209505321154e-4i,4.103393802651288e-5+0.0i
rscan_3300980.out:harminv0:, frequency, imag. freq., Q, |amp|, amplitude, error
rscan_3300980.out:harminv0:,0.3295619601811770,-0.0016614854099945600,99.17690465372650,0.05488587107952920,-0.015953350120581515+0.05251618287812661i,4.348995876117656e-5+0.0i
rscan_3300980.out:harminv0:,0.3323948114538990,-0.0019259282307253500,86.29470354892480,0.16837727934849600,0.005293632536194294-0.16829404521661834i,3.829298120862421e-5+0.0i
rscan_3300980.out:harminv0:,0.33583165808588900,8.87851957698042E-05,-1891.2593207352300,0.036864514294289300,0.036794523250559444+0.002270566651279356i,4.805029990542729e-5+0.0i
rscan_3300980.out:harminv0:,0.3470016617397240,-2.48332198982859E-05,6986.642553019790,0.5050742144143810,0.17422232310431965-0.4740744078712097i,6.114870507636039e-7+0.0i
rscan_3300980.out:harminv0:,0.3514422890820570,-1.70381068025697E-04,1031.3419593926100,0.7698239799240180,-0.7492764420989014+0.1766742012339829i,3.701614055005637e-8+0.0i
rscan_3301508.out:harminv0:, frequency, imag. freq., Q, |amp|, amplitude, error
rscan_3301508.out:harminv0:,0.3160014575217430,-0.0018776890233928500,84.14637716493420,0.01875553495307970,0.010306325016630305+0.01567002731419996i,1.3364842636425783e-4+0.0i
rscan_3301508.out:harminv0:,0.33136638996376000,2.38391512937484E-04,-695.0045869515890,0.01177841945883130,0.00300388818214341-0.011388934135262782i,1.6037716402600372e-6+0.0i
rscan_3301508.out:harminv0:,0.34533812596411900,1.68760249121662E-04,-1023.1619346424400,0.045929340491711300,0.036891780972623994-0.02735874292929947i,1.6270655970608885e-5+0.0i
rscan_3301508.out:harminv0:,0.35679317937932300,0.0030238095325939200,-58.9972972062917,0.04424552221312700,-0.01906570731326479+0.03992699638787312i,0.0010961278389367592+0.0i
rscan_3301508.out:harminv0:,0.3677394491781450,5.99086699923876E-04,-306.9167194204720,2.75726474767681E-04,7.892001344398044e-5-2.6419068940031703e-4i,2.906264177991712e-4+0.0i
rscan_3301508.out:harminv0:, frequency, imag. freq., Q, |amp|, amplitude, error
rscan_3301508.out:harminv0:,0.32675887936239600,-3.09567951892031E-05,5277.659999449190,0.010166014269852600,-0.009663196026924255+0.003157608063088624i,3.5420140503927764e-5+0.0i
rscan_3301508.out:harminv0:,0.3387388205058900,-0.002143191708880690,79.02671961221810,0.22353868426385600,0.005568728569005685-0.22346931025208092i,2.0671212884119122e-4+0.0i
rscan_3301508.out:harminv0:,0.3453002275061120,1.76526718743709E-06,-97803.95567410880,0.20342274229909,-0.1513175409490348+0.13595519072701548i,5.149972064131811e-6+0.0i
rscan_3301508.out:harminv0:,0.3503257961496740,-1.08606362459345E-04,1612.8235409818300,0.7940793699766570,0.6509530793944133+0.4547770159643688i,5.091542679979341e-7+0.0i
rscan_3301508.out:harminv0:, frequency, imag. freq., Q, |amp|, amplitude, error
rscan_3301508.out:harminv0:,0.32979042622776800,-0.0015441325779914700,106.78824827876600,0.08061464165264200,-0.05270946401293332-0.06099535107082479i,1.9419886050678624e-7+0.0i
rscan_3301508.out:harminv0:,0.3347888601508980,-2.65725230233617E-04,629.9530907482170,0.18348208279263400,0.16368902627340848+0.08289497803598461i,3.74384592233007e-8+0.0i
rscan_3301508.out:harminv0:,0.3503659496743180,-1.28481575612995E-04,1363.4871303636200,1.2059393096577000,-0.9967794528387295-0.6787638329906855i,2.0114794942438234e-9+0.0i
rscan_3301508.out:harminv0:,0.3621350414302190,2.55583812370156E-04,-708.4467480001180,0.0016679916397143600,0.0016500352400255194+2.4408977207358105e-4i,1.5633632169183e-5+0.0i
rscan_3301508.out:harminv0:, frequency, imag. freq., Q, |amp|, amplitude, error
rscan_3301508.out:harminv0:,0.3293822184594970,-0.0010437928494604900,157.7814116228850,0.034207582805316400,-0.03184984850947545+0.012479818560622021i,5.203308076442237e-7+0.0i
rscan_3301508.out:harminv0:,0.34538868289131100,-2.0992531488333E-05,8226.465757197230,0.369260494491038,0.30901382017019874-0.20214789569912905i,2.1514038572818546e-8+0.0i
rscan_3301508.out:harminv0:,0.3505757181909280,-7.01050675138614E-05,2500.359322253070,0.15163419788613200,0.13438736261885623+0.07023508195281458i,2.719800033826136e-7+0.0i
rscan_3301508.out:harminv0:,0.3640220390896340,-0.001804761602753240,100.8504498694740,0.006259602718181580,-4.638508690620342e-4+0.006242392855366975i,4.516964552285129e-5+0.0i
rscan_3301508.out:harminv0:, frequency, imag. freq., Q, |amp|, amplitude, error
rscan_3301508.out:harminv0:,0.32883098170391800,-0.0013862166749949700,118.60735324984900,0.11465093080786700,0.07265333854205114-0.08869232398468606i,4.959587453990858e-6+0.0i
rscan_3301508.out:harminv0:,0.34510975519442100,1.2561782743817E-05,-13736.49593503300,0.5651009173095200,0.3078237740080865+0.4739024909192598i,2.4625033759657216e-7+0.0i
rscan_3301508.out:harminv0:,0.3503307767329450,-1.22321679875736E-04,1432.0060723856900,0.826442227389788,-0.6785602158553584-0.4717656077665301i,5.675734811129825e-7+0.0i
rscan_3301508.out:harminv0:, frequency, imag. freq., Q, |amp|, amplitude, error
rscan_3301508.out:harminv0:,0.3302323074227490,-0.0019069778262267400,86.58525098746560,0.10566707087635300,-0.08901342089184969-0.05693979951421151i,1.2050771688764233e-5+0.0i
rscan_3301508.out:harminv0:,0.33462243865675100,-4.52370401696203E-04,369.8544792078070,0.0928897485366394,0.08217263533478104+0.043314701722823784i,3.841275974267335e-6+0.0i
rscan_3301508.out:harminv0:,0.34539082376840700,-2.63742298138032E-05,6547.884548796260,0.503433645909693,0.4224953513843495-0.2737573997037178i,6.337665046001892e-7+0.0i
rscan_3301508.out:harminv0:,0.3505535050019660,-5.71616852735049E-05,3066.3328357504900,0.6215115233534350,-0.41145146355348183+0.4658157004661874i,2.7138905611059314e-7+0.0i
rscan_3301509.out:harminv0:, frequency, imag. freq., Q, |amp|, amplitude, error
rscan_3301509.out:harminv0:,0.31570159709266,-0.0013613405767104000,115.95246718331700,0.009339944283921700,4.98450512350251e-4+0.00932663424357894i,5.9090021660319045e-6+0.0i
rscan_3301509.out:harminv0:,0.32274321569892400,-9.00476639116327E-04,179.20687871239200,0.00310200062228999,-0.0012124341395562004+0.00285524277740547i,1.0181981857499191e-5+0.0i
rscan_3301509.out:harminv0:,0.3280400224476390,-0.0012174651464491600,134.7225517725880,0.135053714536858,0.1318514286611879-0.029235365060262294i,1.1349433565337365e-5+0.0i
rscan_3301509.out:harminv0:,0.3330051222771610,-2.35475776992686E-04,707.089974455215,0.04387108870112990,-0.03425480725975864+0.027409498416045387i,7.626249372993963e-5+0.0i
rscan_3301509.out:harminv0:,0.3411502038090450,1.23674524331861E-04,-1379.2258577588000,0.05163055797426040,0.025857755943933036+0.04468882381846108i,3.147381782930003e-5+0.0i
rscan_3301509.out:harminv0:,0.3447275036336820,0.002538138889761080,-67.90950349965520,1.3471928082981E-04,-1.0163917936311474e-4+8.84237629016872e-5i,7.716605713015321e-4+0.0i
rscan_3301509.out:harminv0:,0.3490574973413560,-1.49494454210374E-04,1167.4596866655300,0.09171259529594490,-0.037356688653709356-0.08375964391488067i,1.4737651703674156e-6+0.0i
rscan_3301509.out:harminv0:,0.3623169014338840,-0.0017949424514097200,100.92716375094000,0.0340591222446871,-0.024017734352551157+0.02414895949412363i,2.2797166079891947e-5+0.0i
rscan_3301509.out:harminv0:,0.3707753002259240,-3.01801943571646E-04,614.2692386901470,7.49296502312204E-05,-7.484807303893638e-5-3.495489397934629e-6i,7.759870687321428e-4+0.0i
rscan_3301509.out:harminv0:, frequency, imag. freq., Q, |amp|, amplitude, error
rscan_3301509.out:harminv0:,0.33336544498859200,-9.61894581206314E-04,173.28585247383200,0.33365202710650400,0.3181405278191007-0.10054988687842098i,1.5279956644015276e-5+0.0i
rscan_3301509.out:harminv0:,0.34119404117051200,-2.10062205011543E-05,8121.262012644380,0.20137617464989300,-0.09663997349967214-0.17667223675101582i,2.2464816192106345e-8+0.0i
rscan_3301509.out:harminv0:,0.3489447332697920,-9.91457610819319E-05,1759.7561885748800,0.7777648005175520,0.3104267085985931+0.7131292614335434i,4.095837371857992e-10+0.0i
rscan_3301509.out:harminv0:,0.3622202453327780,-7.36181071883797E-04,246.01301172135600,0.0037277196803508700,-4.985417243468741e-4-0.0036942320127951386i,3.885250132396991e-6+0.0i
rscan_3301509.out:harminv0:, frequency, imag. freq., Q, |amp|, amplitude, error
rscan_3301509.out:harminv0:,0.3282794562435360,-8.82091061725958E-04,186.08025321172800,0.03201149094066380,-0.030417426633800804-0.00997575607267677i,3.7678334667990713e-7+0.0i
rscan_3301509.out:harminv0:,0.3323788662686180,-2.65726850499493E-04,625.4145293255800,0.16516465275700100,0.03728021370809005+0.16090229391223693i,4.942497178951509e-8+0.0i
rscan_3301509.out:harminv0:,0.3489852861000860,-1.07413286217213E-04,1624.4977618241900,1.159817686128480,-0.4779025782452683+1.056781051478003i,1.3227821356845573e-8+0.0i
rscan_3301509.out:harminv0:,0.36244688873348400,-0.0025508682552112800,71.0438275267697,0.20906640802253800,0.04807486385617155+0.2034639290603054i,8.493533330282729e-5+0.0i
rscan_3301509.out:harminv0:,0.3631803843697340,-0.002532174777348250,71.71313521060830,0.12253149396151800,-0.011376833382869824-0.12200219126974689i,1.7142695565331025e-4+0.0i
rscan_3301509.out:harminv0:, frequency, imag. freq., Q, |amp|, amplitude, error
rscan_3301509.out:harminv0:,0.3280280782661720,-0.0011350555321865800,144.49869145796600,0.03013273819799810,-0.028328099742382477+0.010271352213546447i,6.9629696480629245e-6+0.0i
rscan_3301509.out:harminv0:,0.3411922463794190,-2.06771337069996E-05,8250.47250780025,0.3644426235086040,0.1761985774699721+0.31901800439378336i,1.4385864034744202e-8+0.0i
rscan_3301509.out:harminv0:,0.34910014727220800,0.00144368856183242,-120.90562899144500,4.52996943365288E-05,2.0864081059915947e-5+4.0208860074717275e-5i,7.359406705482934e-5+0.0i
rscan_3301509.out:harminv0:,0.34920874732792200,-4.69900088189776E-05,3715.7765672400600,0.12748149546795200,0.06739029497174392+0.10821312226512482i,4.2198634605397655e-7+0.0i
rscan_3301509.out:harminv0:,0.3624034251292580,-0.002146012787773660,84.4364551772377,0.028004466284837800,-0.008898705680618025+0.02655302561118699i,5.1146431025921895e-6+0.0i
rscan_3301509.out:harminv0:,0.3660348513144190,0.001047865385581420,-174.65738269010600,9.5978707774101E-05,8.109033485905765e-5-5.134461937177228e-5i,2.3812123341575463e-4+0.0i
rscan_3301509.out:harminv0:, frequency, imag. freq., Q, |amp|, amplitude, error
rscan_3301509.out:harminv0:,0.315478845966508,-0.0015222988752901900,103.61922060356600,0.006962481687601710,-0.0018001427132731211-0.006725744379772314i,3.235073324683693e-5+0.0i
rscan_3301509.out:harminv0:,0.32790768302689100,-0.001112565081130580,147.36561868977200,0.07791422627701760,0.07757519865377505+0.007260524097724314i,1.3059951876836472e-6+0.0i
rscan_3301509.out:harminv0:,0.332470654645497,6.80105858371926E-04,-244.42566591132100,0.008725092195156150,0.0044472191805897355+0.007506628762218728i,9.216648866534412e-5+0.0i
rscan_3301509.out:harminv0:,0.34119342019881400,-2.16699455537683E-05,7872.502940818000,0.6210645818371850,0.2992899987929036+0.5441936341369141i,1.592870390943523e-7+0.0i
rscan_3301509.out:harminv0:,0.34895230331517500,-1.00317674647439E-04,1739.23640346304,0.8033216237121,-0.3238399695557289-0.7351552932827115i,2.0716512838995084e-7+0.0i
rscan_3301509.out:harminv0:,0.35857695927634100,-0.003026790858899330,59.23385129535090,0.004465866994160790,-6.711415635591702e-4-0.004415148583139427i,2.4629368648286965e-4+0.0i
rscan_3301509.out:harminv0:,0.36265795515873300,-0.002112575939915180,85.83311688508890,0.03885013957983830,0.03440851932037272-0.018038490611812785i,1.3339995775764302e-5+0.0i
rscan_3301509.out:harminv0:, frequency, imag. freq., Q, |amp|, amplitude, error
rscan_3301509.out:harminv0:,0.33035939098324100,-0.0013500020459183000,122.3551445651780,0.05962767746778980,0.032497626097235575-0.04999364177820058i,4.135330398924283e-6+0.0i
rscan_3301509.out:harminv0:,0.33218746881483600,-5.84459446364481E-06,28418.350570013500,0.026989545678107000,5.679815498263394e-4+0.026983568571812024i,8.974682637009496e-7+0.0i
rscan_3301509.out:harminv0:,0.3411945336018450,-2.01370940846651E-05,8471.791713524170,0.4972392886134130,0.2388608373157426+0.4361105485282322i,5.527431194551087e-9+0.0i
rscan_3301509.out:harminv0:,0.34761291368068700,1.0209002130488E-04,-1702.4823250970900,9.785805327972E-04,-7.464021235759664e-4+6.328536395494144e-4i,1.9697774368458402e-5+0.0i
rscan_3301509.out:harminv0:,0.348995681500597,-1.13476236962827E-04,1537.7478617612400,0.7015098884801480,-0.2941260392170474-0.6368720410647032i,4.822683046876137e-8+0.0i
rscan_3301510.out:harminv0:, frequency, imag. freq., Q, |amp|, amplitude, error
rscan_3301510.out:harminv0:,0.3149462626881920,-0.0016670153961810500,94.46411335183220,0.012250701949620300,-0.0053052800838165725+0.011042359416840708i,1.0712493592199037e-5+0.0i
rscan_3301510.out:harminv0:,0.3270250342792600,-0.0013620864229056400,120.04562587946600,0.14152842644800600,0.13687677561255915+0.03598671686550351i,1.1667226349455318e-6+0.0i
rscan_3301510.out:harminv0:,0.3306725074408350,-2.81524231748807E-04,587.2896009461110,0.046398903261349400,-0.019441990409750077+0.04212917317920259i,5.963036374719233e-7+0.0i
rscan_3301510.out:harminv0:,0.33172144428395300,8.93837050684732E-05,-1855.6035690724300,0.006079673246877230,-0.003859746061532864-0.004697317013921482i,2.32329741977228e-5+0.0i
rscan_3301510.out:harminv0:,0.3382147529923720,-1.48186931879915E-05,11411.76042656880,0.06107285703828880,-0.03666507878064068+0.04884225491138463i,1.659670665473721e-7+0.0i
rscan_3301510.out:harminv0:,0.3476411802469830,-1.09381179166695E-04,1589.1270458749800,0.12161709445352700,0.014946611052213137-0.12069513859875174i,7.993319062061688e-8+0.0i
rscan_3301510.out:harminv0:,0.36075025710960700,-0.0015680136416868400,115.03415771355200,0.058905903545609300,-0.05508006090774323+0.020882824591609384i,1.581564470940916e-6+0.0i
rscan_3301510.out:harminv0:,0.3674221812240340,-0.002911516867143370,63.098068462253,0.004775441773081360,0.003825628602861687+0.0028582179624823878i,1.25540598937936e-4+0.0i
rscan_3301510.out:harminv0:, frequency, imag. freq., Q, |amp|, amplitude, error
rscan_3301510.out:harminv0:,0.33091745404889700,-3.80487416318252E-04,434.85991895735500,0.12922993918093000,0.06949519459925195-0.10895317851407042i,1.3676942989139993e-6+0.0i
rscan_3301510.out:harminv0:,0.33823454699717400,-1.49812796371993E-05,11288.5733124332,0.18970750610715700,0.11967384194262595-0.14719751841688164i,4.193596318955527e-7+0.0i
rscan_3301510.out:harminv0:,0.3475503908945600,-8.60559743185628E-05,2019.3274996108700,0.7166401966397190,-0.12301526951690775-0.7060031266966866i,7.063148716382712e-8+0.0i
rscan_3301510.out:harminv0:,0.36109423960202300,-0.0016422390570979100,109.9396089872970,0.011685389877281500,-0.006039810321219837-0.010003450797987574i,5.480125398779117e-5+0.0i
rscan_3301510.out:harminv0:, frequency, imag. freq., Q, |amp|, amplitude, error
rscan_3301510.out:harminv0:,0.32698207251700600,-9.5218448808282E-04,171.70100784532300,0.039170002307071400,-0.03912500407543167+0.0018770020866888558i,4.932371031690233e-6+0.0i
rscan_3301510.out:harminv0:,0.3307416150278580,-2.82540681214992E-04,585.2991038415970,0.15279979115785500,-0.06285495743758635+0.13927322249234897i,4.351664880088169e-7+0.0i
rscan_3301510.out:harminv0:,0.34757791057139700,-9.67392678523271E-05,1796.4675477076000,1.0920927953907900,0.13932218074955754+1.0831694252034902i,2.182783795707364e-8+0.0i
rscan_3301510.out:harminv0:,0.36097303933218300,-0.0014659897800870500,123.115810299424,0.05977016727600820,-0.045043083694848496+0.039288592586918525i,9.263452242054997e-7+0.0i
rscan_3301510.out:harminv0:, frequency, imag. freq., Q, |amp|, amplitude, error
rscan_3301510.out:harminv0:,0.3254725523548670,-4.30692223541155E-04,377.84818782984900,0.0019742668281799800,-9.030464081175504e-4+0.0017556299990709404i,4.256710956141859e-4+0.0i
rscan_3301510.out:harminv0:,0.3381453048905430,-2.55438971448786E-06,66189.05936174640,0.3571024426218750,-0.18541864599633412-0.3051918744714469i,1.2159889456574245e-7+0.0i
rscan_3301510.out:harminv0:,0.34782753095882300,-2.97521018124592E-05,5845.4278818910900,0.12338984315265900,-0.0020876539768161844+0.12337218120026401i,3.168897307479833e-6+0.0i
rscan_3301510.out:harminv0:,0.36109792756220500,-0.001470409520358470,122.78821735123600,0.01834444582269500,-0.01753808638469488+0.005379053681157461i,4.6707451767974514e-6+0.0i
rscan_3301510.out:harminv0:, frequency, imag. freq., Q, |amp|, amplitude, error
rscan_3301510.out:harminv0:,0.32693887234593900,-0.0012188065079728400,134.1225494806860,0.07801632939214710,0.06506703909104126+0.04304448949341714i,1.993787919037628e-6+0.0i
rscan_3301510.out:harminv0:,0.3308782536347890,-1.5597524484491E-04,1060.6755384926300,0.02591807706229620,-0.011155577029330626+0.02339443993238128i,1.4057766462297818e-6+0.0i
rscan_3301510.out:harminv0:,0.33508527234525000,-7.81540641278674E-04,214.374822400163,0.0023216371907628600,-0.002268519246524889-4.937809976896805e-4i,1.5117793845592693e-4+0.0i
rscan_3301510.out:harminv0:,0.3382244140664770,-1.91441966042995E-05,8833.601666797460,0.5950845582656050,-0.3676061414251249+0.46796512292338815i,1.2680367782765608e-7+0.0i
rscan_3301510.out:harminv0:,0.34754830588775400,-9.26177791219859E-05,1876.2504844237400,0.7679035990125970,0.10749538076274671-0.7603424757904632i,2.442102632277011e-8+0.0i
rscan_3301510.out:harminv0:,0.36096795253308100,-0.0016570698782584100,108.9175409163980,0.07133435258273370,0.07019833343512662-0.012680056834594906i,6.954934417833285e-6+0.0i
rscan_3301510.out:harminv0:, frequency, imag. freq., Q, |amp|, amplitude, error
rscan_3301510.out:harminv0:,0.3252370179889810,-4.66749661176355E-04,348.40627111467200,0.008235492093160840,0.003994110751283331+0.0072021114489431185i,4.165147179636687e-5+0.0i
rscan_3301510.out:harminv0:,0.329283350788991,-0.0013203866999150900,124.6920128815920,0.07451712440168770,0.056786393768590626-0.04825046436932165i,1.378063255525655e-5+0.0i
rscan_3301510.out:harminv0:,0.33076149936848400,-2.30856831989038E-04,716.3779744326350,0.03928398504875270,-0.038972010987474284+0.004941036419903246i,4.402029155620658e-6+0.0i
rscan_3301510.out:harminv0:,0.33821566013169400,-1.51849392892108E-05,11136.549632832700,0.47435365921133500,-0.28759809301387673-0.3772250401311724i,2.1684149101767785e-8+0.0i
rscan_3301510.out:harminv0:,0.3475891717731900,-1.02954582973053E-04,1688.0704177305300,0.6597356828180520,0.0810988370445798+0.6547321206519643i,1.049940396984e-8+0.0i
rscan_3301511.out:harminv0:, frequency, imag. freq., Q, |amp|, amplitude, error
rscan_3301511.out:harminv0:,0.3133671671613490,-0.002024211029123180,77.40476725321710,0.008539767225926670,-0.006239496895733767+0.005830634850609318i,2.185955803097927e-5+0.0i
rscan_3301511.out:harminv0:,0.3260906659312590,-0.001577403422630170,103.36311600856500,0.14381903429482500,0.12125887517971094+0.07733175166545266i,2.3936030068200257e-6+0.0i
rscan_3301511.out:harminv0:,0.3290530676908130,-2.58595646807489E-04,636.230871929132,0.038913228714404700,-0.03526791032610248+0.016444265572215996i,1.565245169270064e-6+0.0i
rscan_3301511.out:harminv0:,0.33514393911851200,-1.80451980461625E-05,9286.236101736340,0.05806751695127330,-0.055405996361554216-0.017378495103715013i,1.83089412325218e-7+0.0i
rscan_3301511.out:harminv0:,0.345998806015033,-9.39331901901012E-05,1841.7281757108600,0.1480564773335660,0.10104074772719954-0.1082196275134647i,1.695294707800604e-7+0.0i
rscan_3301511.out:harminv0:,0.35915022499960300,-0.001458935899638930,123.08636215219900,0.12570511027961000,-0.12216803935700042-0.0296098785893391i,1.9041562325638874e-6+0.0i
rscan_3301511.out:harminv0:,0.35945455075806500,-0.0010139018384310200,177.26299387833700,0.05396039311846450,-0.04914151773467063-0.022289801709128768i,6.23904433285041e-5+0.0i
rscan_3301511.out:harminv0:, frequency, imag. freq., Q, |amp|, amplitude, error
rscan_3301511.out:harminv0:,0.32368005192964000,8.64138372926994E-04,-187.28485047671100,0.0038542045001318200,0.0025502173775139355-0.002889858760607921i,1.670712984916247e-4+0.0i
rscan_3301511.out:harminv0:,0.32912429516213300,-3.15732147720791E-04,521.2080833992000,0.10938200674118700,0.0900550868835922-0.062084657727314516i,2.710015177571053e-6+0.0i
rscan_3301511.out:harminv0:,0.33515759214478200,-2.4265104749037E-05,6906.164131809150,0.18410947428988800,0.17407104133906637+0.05996308106186752i,6.654003595381005e-7+0.0i
rscan_3301511.out:harminv0:,0.34590448675705200,-8.39091780162562E-05,2061.1838593511100,0.6589366888929930,-0.47050478325098644+0.4613272254129421i,1.0430174793138748e-6+0.0i
rscan_3301511.out:harminv0:,0.3597087855276650,-0.0011024860239139900,163.1353040878680,0.02231660892144040,-0.019999736645159794-0.009901594208851797i,2.0866084335557333e-6+0.0i
rscan_3301511.out:harminv0:, frequency, imag. freq., Q, |amp|, amplitude, error
rscan_3301511.out:harminv0:,0.32585182996743300,-0.0013766895857775900,118.3461520061490,0.06792311481648990,-0.06736928592330195+0.008656144670606228i,3.6239936204735165e-6+0.0i
rscan_3301511.out:harminv0:,0.3291206821966260,-2.46399468351105E-04,667.8599682034390,0.12688104200463400,-0.11443672588427502+0.05479995063016896i,7.616965199748818e-7+0.0i
rscan_3301511.out:harminv0:,0.3459453607024430,-9.0534964884234E-05,1910.562185255160,1.0155108841622600,0.7060754291624624+0.7298765951755538i,2.043881973758024e-8+0.0i
rscan_3301511.out:harminv0:,0.3595813597762780,-0.0011084933684823200,162.19373520862500,0.05234033202222320,-0.052056710525471436+0.005441437812180759i,1.4877441876803469e-6+0.0i
rscan_3301511.out:harminv0:, frequency, imag. freq., Q, |amp|, amplitude, error
rscan_3301511.out:harminv0:,0.32575737828100800,-0.001082779119560420,150.42651469547100,0.03132631062747450,-0.026779324404391815-0.016254400080389426i,9.599420214759759e-5+0.0i
rscan_3301511.out:harminv0:,0.3352428752885770,-4.82660674072487E-06,34728.62958358920,0.3451726440899650,-0.3087732053998136+0.15428305757659203i,3.823421099963763e-7+0.0i
rscan_3301511.out:harminv0:,0.3407583203083490,-7.08173061232324E-04,240.5897223168730,5.51921294448052E-04,-5.514577686139256e-4+2.2615143169204078e-5i,3.014146464526446e-4+0.0i
rscan_3301511.out:harminv0:,0.34613979898479800,-3.64154320621376E-05,4752.652644545870,0.1246791389402990,-0.06808943008206678+0.10444480455242255i,8.322289399408617e-7+0.0i
rscan_3301511.out:harminv0:,0.35177663615097500,0.0010962328768498000,-160.44795023930600,2.70869152755062E-06,5.33994063723794e-7-2.655533869362667e-6i,0.0016663570287042376+0.0i
rscan_3301511.out:harminv0:,0.3608134336247350,-0.0033873513455645400,53.258932542854,0.032393019926111100,-0.032310266609087084+0.0023139601515897727i,4.731978563293721e-4+0.0i
rscan_3301511.out:harminv0:, frequency, imag. freq., Q, |amp|, amplitude, error
rscan_3301511.out:harminv0:,0.32665431712659600,-9.27394376656617E-04,176.11402729453100,0.022679295536354900,0.0019947987433226373+0.022591397123661136i,6.572302059163357e-6+0.0i
rscan_3301511.out:harminv0:,0.3351519308873470,-2.93651961254672E-05,5706.618294925740,0.5793699223483790,-0.5501864610215367-0.1815609127278329i,5.566142355953664e-9+0.0i
rscan_3301511.out:harminv0:,0.34592257171896900,-8.62680184112298E-05,2004.9293938223800,0.7333972219905710,0.5162999301285848-0.5208702980327309i,2.3185631481472587e-8+0.0i
rscan_3301511.out:harminv0:,0.3595198695265310,-0.0011069695281237600,162.38923493038300,0.0840683398471823,0.08321897391582209+0.011920073198561407i,4.881965908522476e-7+0.0i
rscan_3301511.out:harminv0:, frequency, imag. freq., Q, |amp|, amplitude, error
rscan_3301511.out:harminv0:,0.3267284431688400,0.001968419951501210,-82.99256541259440,0.002870002046549150,-4.551858020577224e-4-0.0028336756400126955i,1.069458217396215e-4+0.0i
rscan_3301511.out:harminv0:,0.33515596437228700,-1.94347809829745E-05,8622.581460163990,0.4570514407810690,-0.4335837165275724-0.14457240498168555i,2.3840187175432736e-8+0.0i
rscan_3301511.out:harminv0:,0.3459560002164700,-9.90891189338647E-05,1745.6810795107200,0.6092598129401960,0.4228027957405222-0.43867449843582246i,1.4724655210831027e-7+0.0i
rscan_3301511.out:harminv0:,0.3480919630419140,0.0013825728876984800,-125.88557396831700,7.84027502240681E-05,-3.676059630907615e-5+6.925063033430637e-5i,3.5385417428410984e-4+0.0i
rscan_3301511.out:harminv0:,0.3621810029667780,-0.0019266089544599300,93.99442531613930,0.016434534256329200,0.016056023223525544-0.003506855353171425i,8.101940778858868e-4+0.0i
rscan_3301512.out:harminv0:, frequency, imag. freq., Q, |amp|, amplitude, error
rscan_3301512.out:harminv0:,0.3133418294396950,-0.0019241853593958500,81.42194511293750,0.008036644709085110,-0.007506484074398912+0.0028706018569040967i,1.0372978606866039e-5+0.0i
rscan_3301512.out:harminv0:,0.3255712354277480,-0.0016670120215451400,97.65113605059050,0.13823964778384900,0.09486722992644653+0.10055052911589006i,8.45627656629593e-6+0.0i
rscan_3301512.out:harminv0:,0.3277567949157910,-3.03345451889027E-04,540.2368700020840,0.04043324149233220,-0.040300431947055806-0.0032744774328089957i,4.990364657013626e-6+0.0i
rscan_3301512.out:harminv0:,0.3336950672883030,-3.57313917015246E-05,4669.494405308380,0.05749687073285090,-0.03613447570641564-0.04472348163428945i,1.5212880626926694e-7+0.0i
rscan_3301512.out:harminv0:,0.34004981446822900,-0.003310373150895150,51.361251280127900,0.0069122110206132000,-2.749882688916077e-4+0.006906738929875556i,2.6739585258919513e-5+0.0i
rscan_3301512.out:harminv0:,0.34491126014543100,-5.0830310879919E-05,3392.771499669220,0.1296939559592870,0.12179778414519425+0.04456256264724956i,6.350020864738505e-8+0.0i
rscan_3301512.out:harminv0:,0.346076604725291,-0.0013232030829547600,130.77229383130200,0.00692498914001482,-0.00662738904287279-0.002008280125812353i,9.755941875126003e-5+0.0i
rscan_3301512.out:harminv0:,0.35835348262734400,-8.56169688555083E-04,209.27713712460400,0.05849149367700880,-0.04960312719071617-0.030996525699974655i,4.31470391519448e-7+0.0i
rscan_3301512.out:harminv0:, frequency, imag. freq., Q, |amp|, amplitude, error
rscan_3301512.out:harminv0:,0.32828274952909100,3.58917586364643E-04,-457.3232992762470,0.03059048378347460,0.028964082240470194+0.009841729424969105i,7.679321841832131e-6+0.0i
rscan_3301512.out:harminv0:,0.33368938845265800,-4.95401107982551E-05,3367.870833106930,0.1890947602774780,0.1200355320244385+0.1461105725675138i,1.0622274315971208e-7+0.0i
rscan_3301512.out:harminv0:,0.34477141389009400,-7.47583645807284E-05,2305.905271093710,0.6156983305850660,-0.5805459694140485+0.20506294565898625i,2.3204395302038467e-8+0.0i
rscan_3301512.out:harminv0:,0.35875491425874100,-9.45600517376096E-04,189.6968686386900,0.020556053529650800,-0.016130095405089497-0.012742502067356267i,4.646753482976123e-6+0.0i
rscan_3301512.out:harminv0:, frequency, imag. freq., Q, |amp|, amplitude, error
rscan_3301512.out:harminv0:,0.3251586731711830,-0.0014011016697502400,116.03678740499500,0.060315894760831300,-0.06030898526335394+9.129388283088863e-4i,3.061094293684147e-6+0.0i
rscan_3301512.out:harminv0:,0.3279093253752300,-2.45409887538343E-04,668.0849917344860,0.1126604117777750,-0.11105622005470812-0.018944243692956213i,2.2647708326505014e-7+0.0i
rscan_3301512.out:harminv0:,0.34339977186193300,5.58065571505976E-04,-307.66973398416800,9.63925438137103E-04,-8.771944043237532e-4-3.9960258671698e-4i,5.338281254834309e-5+0.0i
rscan_3301512.out:harminv0:,0.3448244575673760,-9.29136779985448E-05,1855.6173051979300,0.9694071095272120,0.9059939207853238+0.34485527326973126i,2.981967424472889e-8+0.0i
rscan_3301512.out:harminv0:,0.35854286532633800,-9.25626952450502E-04,193.675683479793,0.054052050045891000,-0.049847457099648516-0.020901079753501032i,2.3192404005827906e-6+0.0i
rscan_3301512.out:harminv0:, frequency, imag. freq., Q, |amp|, amplitude, error
rscan_3301512.out:harminv0:,0.32806366407533600,-2.53048036371433E-04,648.2240857893720,0.049380480815313900,-0.04824977674900843-0.0105067087721334i,1.2025249483649577e-5+0.0i
rscan_3301512.out:harminv0:,0.3337113332498510,-6.88699527678697E-05,2422.764353960320,0.38091476987969200,-0.23057503781258903+0.30320160594927853i,1.630740004233224e-8+0.0i
rscan_3301512.out:harminv0:,0.34513111065133500,8.17361462624716E-05,-2111.2514256730900,0.08957198819250480,-0.0757041479193309+0.04787507761420643i,4.136156606397472e-6+0.0i
rscan_3301512.out:harminv0:,0.3587356697827000,-0.001147159148103770,156.35828314479400,0.029891209687456000,-0.01736178261089414-0.024332137619854054i,2.6305024413749115e-5+0.0i
rscan_3301512.out:harminv0:, frequency, imag. freq., Q, |amp|, amplitude, error
rscan_3301512.out:harminv0:,0.32672587234063900,-0.0010283421751984300,158.8604844868840,0.053462627729579400,-0.025437546325622406+0.04702322618327467i,3.4350412241851235e-6+0.0i
rscan_3301512.out:harminv0:,0.33369354469264000,-3.19038171015629E-05,5229.68056816457,0.5683756243233050,-0.35875065938085293-0.4408501045919231i,6.078590395069695e-8+0.0i
rscan_3301512.out:harminv0:,0.34480126236478300,-8.6446817767935E-05,1994.297021380220,0.711068261292029,0.6689332103449513-0.24113571347783894i,9.154215528261577e-9+0.0i
rscan_3301512.out:harminv0:,0.3585693326835030,-9.38611286781382E-04,191.0105587548830,0.08418226847751170,0.07058697234621118+0.04587083671588158i,2.4284173840180826e-7+0.0i
rscan_3301512.out:harminv0:, frequency, imag. freq., Q, |amp|, amplitude, error
rscan_3301512.out:harminv0:,0.3336745139331650,1.45333416566331E-05,-11479.62119850370,0.4148029118582850,-0.2752650183670929-0.3103073079214801i,2.1993781470068556e-6+0.0i
rscan_3301512.out:harminv0:,0.33474119849084400,-0.0031537252192152600,53.07076159509820,0.1571623522512960,0.14090956733517015-0.06960243385525845i,2.457062888988234e-4+0.0i
rscan_3301512.out:harminv0:,0.34482880740575400,-1.01809481272996E-04,1693.5004632874800,0.5839877386049860,0.5461848382334171-0.2066973665166094i,4.92387990708537e-8+0.0i
rscan_3301513.out:harminv0:, frequency, imag. freq., Q, |amp|, amplitude, error
rscan_3301513.out:harminv0:,0.31256258451039100,-0.0024380584007579900,64.10071727839180,0.014248078510466500,-0.013993101080019776-0.0026834424541558924i,9.950434081954322e-6+0.0i
rscan_3301513.out:harminv0:,0.3247746169612090,-0.0017453440645888400,93.04028459217220,0.12757418796373700,0.0567453671341695+0.11425907729110701i,1.9748064150712264e-6+0.0i
rscan_3301513.out:harminv0:,0.3263650108798900,-3.36834184238686E-04,484.4594553512160,0.0383400740040879,-0.029819843093192366-0.024098511002473254i,2.8493985140219844e-6+0.0i
rscan_3301513.out:harminv0:,0.3324955436078710,-4.7147949939038E-05,3526.0869670662900,0.05714145669515840,-0.012675925298103288-0.05571774395182895i,1.8810063234464448e-7+0.0i
rscan_3301513.out:harminv0:,0.3425935411344530,-0.0020330718197193100,84.25514972258880,0.017763952302359200,-0.017046224234065026-0.004998423827814723i,5.03940389104695e-5+0.0i
rscan_3301513.out:harminv0:,0.3432684469064260,-8.88090259911704E-05,1932.6213922251200,0.1540234968385840,0.1445382286863703-0.05321595650358729i,8.164265762158144e-8+0.0i
rscan_3301513.out:harminv0:,0.3569724360614340,-6.39491153763788E-04,279.1066256041520,0.06414417273784140,-0.02732586391237881-0.05803250862804565i,6.201035366449586e-7+0.0i
rscan_3301513.out:harminv0:, frequency, imag. freq., Q, |amp|, amplitude, error
rscan_3301513.out:harminv0:,0.3234174621713160,-0.002191556473060530,73.78716135013860,0.15032535090479400,0.14357461206013727+0.04454258520147524i,2.484088839949269e-5+0.0i
rscan_3301513.out:harminv0:,0.3266232970478520,-1.42687842502229E-04,1144.537934417050,0.060610932325756700,0.04995218066983319+0.03432877457361096i,1.4112375302285997e-6+0.0i
rscan_3301513.out:harminv0:,0.3324962230626730,-5.95510083991773E-05,2791.6926346058900,0.1877159465112370,0.040701558364472076+0.18325026526942095i,5.709747741641228e-8+0.0i
rscan_3301513.out:harminv0:,0.34310936822930100,-7.79547291926872E-05,2200.69630016422,0.5436068958676050,-0.5160479100414036-0.17088888722416143i,5.131227483765019e-7+0.0i
rscan_3301513.out:harminv0:,0.35720133155349800,-6.72886318174902E-04,265.4247247308810,0.025024143832097200,-0.013989309345644836-0.020748662572834455i,4.981272851066842e-6+0.0i
rscan_3301513.out:harminv0:, frequency, imag. freq., Q, |amp|, amplitude, error
rscan_3301513.out:harminv0:,0.32447341783880200,-0.0016794235393841900,96.60261697825790,0.0703220255178114,-0.06277156297712294-0.03170044407160263i,1.085976641506394e-5+0.0i
rscan_3301513.out:harminv0:,0.3265312683125580,-2.09060917428736E-04,780.9476594874930,0.08462742511550590,-0.062063361298248514-0.057532080320840416i,7.676271393244326e-6+0.0i
rscan_3301513.out:harminv0:,0.34318040578361000,-9.08833800726019E-05,1888.02620187245,0.8768129978473490,0.831714916044571-0.2775812162647655i,8.23524032702293e-8+0.0i
rscan_3301513.out:harminv0:,0.3571734667595770,-6.57544670190927E-04,271.59635151165300,0.04706847928218620,-0.022659664172095733-0.04125507679723105i,1.513664483630631e-6+0.0i
rscan_3301513.out:harminv0:,0.36058899748279100,-0.0026280065190691800,68.60504242784550,0.0022971753269343700,-0.0022890796094270573-1.9268893165227304e-4i,1.564971404200537e-4+0.0i
rscan_3301513.out:harminv0:, frequency, imag. freq., Q, |amp|, amplitude, error
rscan_3301513.out:harminv0:,0.32285019194797500,-0.002000731582569710,80.68303483601490,0.21193608816285600,-0.12075897270184521-0.1741670921206669i,3.705549602407971e-4+0.0i
rscan_3301513.out:harminv0:,0.3246143320676890,0.0010893862875610900,-148.9895438258330,0.0060438217266812300,-8.330364659500137e-4+0.005986136593020709i,6.093502198443303e-4+0.0i
rscan_3301513.out:harminv0:,0.332555593396463,-4.67291500398897E-05,3558.331289062410,0.3611015083506910,-0.04375256553498069+0.35844108629208665i,1.8178842612543332e-7+0.0i
rscan_3301513.out:harminv0:,0.34354604974161100,-1.64230969618629E-04,1045.9234654078400,0.11280529225368300,-0.10888582403366034-0.029477301181578344i,4.738054628877537e-6+0.0i
rscan_3301513.out:harminv0:,0.358540662262815,8.08136868315664E-06,-22183.164530662600,0.003175315227024650,0.003150499715526593-3.962049134494429e-4i,9.470099887661514e-5+0.0i
rscan_3301513.out:harminv0:, frequency, imag. freq., Q, |amp|, amplitude, error
rscan_3301513.out:harminv0:,0.3262064102869030,-6.3592226297427E-04,256.48292981692700,0.06343069908878920,-0.0625994247221862+0.010235507380871185i,1.1948187907463638e-5+0.0i
rscan_3301513.out:harminv0:,0.3324978616308270,-3.25658419723952E-05,5105.009443831860,0.5519030424906580,-0.11884477169628757-0.538955367865375i,3.017030290537913e-7+0.0i
rscan_3301513.out:harminv0:,0.3431487135696720,-9.19982800268412E-05,1864.9735270570000,0.6734731240059870,0.6423275537571974+0.20243853991441052i,7.566674954140152e-8+0.0i
rscan_3301513.out:harminv0:,0.35717364903016500,-7.32733516708193E-04,243.72683989860900,0.09718745694400310,0.040056022551530165+0.08854895168545901i,6.6459120619495195e-6+0.0i
rscan_3301513.out:harminv0:, frequency, imag. freq., Q, |amp|, amplitude, error
rscan_3301513.out:harminv0:,0.3254037279640200,-9.97676668918559E-04,163.08075456788200,0.05570075135156700,0.03474563708241922-0.04353520879547845i,1.6001836303107266e-5+0.0i
rscan_3301513.out:harminv0:,0.32624183392771300,-8.54072268855337E-05,1909.9193699671100,0.026224699601126800,8.954090754711592e-4-0.026209408840279197i,1.1331668174680797e-5+0.0i
rscan_3301513.out:harminv0:,0.3324983884577130,-3.42229719493135E-05,4857.824576868500,0.43480329125163100,-0.09294820664001041-0.42475231955300286i,3.1604342955659635e-8+0.0i
rscan_3301513.out:harminv0:,0.34316222163990600,-1.02470923375065E-04,1674.4370516886,0.5232815083696340,0.4998081778064917+0.15496877878899795i,9.065496626284463e-8+0.0i
rscan_3301513.out:harminv0:,0.3571919768157990,-6.74074702714314E-04,264.94984560129900,0.016604415934564700,0.0066804114102088745+0.015201274022869792i,4.899299750683569e-6+0.0i
rscan_3301515.out:harminv0:, frequency, imag. freq., Q, |amp|, amplitude, error
rscan_3301515.out:harminv0:,0.3118429851601550,-0.0023147047042695900,67.36128901992210,0.018973889939263400,-0.018905078788380714-0.0016144644413548339i,1.7025160490767642e-4+0.0i
rscan_3301515.out:harminv0:,0.32528865324685300,4.39146030418768E-04,-370.3650160934610,0.004742310556850970,7.093230373091437e-4-0.004688962598098074i,4.6218784226252017e-4+0.0i
rscan_3301515.out:harminv0:,0.33140539253881800,-6.98818522823756E-05,2371.183517000160,0.05664741359272790,0.013516796795748558-0.05501114133635121i,9.462639297555593e-6+0.0i
rscan_3301515.out:harminv0:,0.3422056970976140,-1.77734106437669E-04,962.6900091278350,0.16719460948254900,0.13701044369709572-0.09582367013398588i,3.137667819379822e-7+0.0i
rscan_3301515.out:harminv0:,0.34809988512613500,-9.94717678370288E-04,174.97421263109100,7.63399494410837E-04,-1.3777194336906645e-4-7.508646214112318e-4i,1.3692286491953455e-4+0.0i
rscan_3301515.out:harminv0:,0.35592923575358500,-5.45628480704504E-04,326.16445836369900,0.06154696191519250,-0.002157452948447888-0.0615091368640903i,1.0319119976607592e-7+0.0i
rscan_3301515.out:harminv0:, frequency, imag. freq., Q, |amp|, amplitude, error
rscan_3301515.out:harminv0:,0.32217137467945400,-0.0019455382593913400,82.79749142025240,0.025362697737288500,0.01712426613891503-0.018708980349464978i,9.630432873753633e-5+0.0i
rscan_3301515.out:harminv0:,0.3249110881475330,-4.03394125894846E-04,402.7216403148970,0.08150609144143250,0.0424254534269709+0.06959399286989562i,1.545312222535279e-5+0.0i
rscan_3301515.out:harminv0:,0.33136245460090300,-4.52212806265352E-05,3663.788928684880,0.17703500161680700,-0.02915192698767352+0.17461831791186233i,2.072259511022034e-6+0.0i
rscan_3301515.out:harminv0:,0.34214563149256700,-1.16113114241449E-04,1473.3289763510300,0.5008298724699550,-0.3758816793878605+0.33097360054667985i,1.020500736433066e-7+0.0i
rscan_3301515.out:harminv0:,0.3562177844825290,-5.31293709243678E-04,335.2362151902970,0.022363711617195700,-5.260824453357209e-4-0.022357522996919916i,7.187686572879459e-6+0.0i
rscan_3301515.out:harminv0:, frequency, imag. freq., Q, |amp|, amplitude, error
rscan_3301515.out:harminv0:,0.3226348120625260,-0.0013742564243653600,117.38522969304000,0.023172558285104300,-0.023030079780433144+0.0025657129191399425i,1.816859425673388e-5+0.0i
rscan_3301515.out:harminv0:,0.3250028070888280,-4.90028814501325E-04,331.6160167229810,0.1136387613849050,-0.021033655569742255-0.11167521400234184i,1.3314183618876343e-6+0.0i
rscan_3301515.out:harminv0:,0.34218610120574,-1.04281848100683E-04,1640.6791183608600,0.7934795634236590,0.6188002899352922+0.4966850297190347i,5.3700477247509315e-8+0.0i
rscan_3301515.out:harminv0:,0.35608482189831700,-6.01983396586564E-04,295.75967038080300,0.051399127588941700,-0.005784490208438901-0.051072595292708425i,9.004055183103768e-7+0.0i
rscan_3301515.out:harminv0:, frequency, imag. freq., Q, |amp|, amplitude, error
rscan_3301515.out:harminv0:,0.3218287425838330,-0.003199588247421340,50.29221226250070,0.05357183996146250,-0.02576334291929144-0.04697012027320717i,4.804954130892686e-5+0.0i
rscan_3301515.out:harminv0:,0.3314474940773410,-5.61894222966621E-05,2949.376239600800,0.350322454363886,0.10542385642243277+0.33408327184784226i,2.147463379450203e-7+0.0i
rscan_3301515.out:harminv0:,0.3434714987767340,1.62088262732617E-04,-1059.519958404790,0.04338326838211260,0.017345780356975055-0.03976470645336125i,1.26580346116728e-4+0.0i
rscan_3301515.out:harminv0:,0.35412283108953300,-5.79697563581195E-05,3054.3757067208500,0.0028542805004301400,-0.0017399024440200794+0.0022626658304815282i,2.2173057475519497e-4+0.0i
rscan_3301515.out:harminv0:, frequency, imag. freq., Q, |amp|, amplitude, error
rscan_3301515.out:harminv0:,0.324475147347624,-5.8246728003796E-04,278.53508554719000,0.045037164340351800,-0.04022890329395532+0.020248000187313556i,4.75165978993207e-6+0.0i
rscan_3301515.out:harminv0:,0.33139346026414300,-4.89111445969956E-05,3387.7091100061700,0.543126138016529,0.11926928551931636-0.5298687000837674i,5.579286890827519e-7+0.0i
rscan_3301515.out:harminv0:,0.34223207511386700,-1.71754035386863E-04,996.2853983110660,0.6857714896714160,0.4879528984777476-0.4818552738253657i,2.7499951652229153e-7+0.0i
rscan_3301515.out:harminv0:,0.35607326284634900,-5.80391084755688E-04,306.7528707787060,0.0859690813623959,0.006385068385483202+0.08573163857064058i,1.2437415002151737e-6+0.0i
rscan_3301515.out:harminv0:, frequency, imag. freq., Q, |amp|, amplitude, error
rscan_3301515.out:harminv0:,0.3290127063348250,-0.0018974373862206300,86.6992262100836,0.08148030119177430,-0.04903142606944275-0.06507656060287016i,4.472915859208645e-6+0.0i
rscan_3301515.out:harminv0:,0.33139134555650300,-6.26864805061308E-05,2643.244148346250,0.4368396685029830,0.09627669727059748-0.426098220531912i,1.8547520540712655e-8+0.0i
rscan_3301515.out:harminv0:,0.33782969343692800,-4.6913791350441E-04,360.05371097954500,0.0011639691182436700,0.001006088333422489-5.853292864500351e-4i,3.6850579062413367e-6+0.0i
rscan_3301515.out:harminv0:,0.34217620230379800,-1.01875824918411E-04,1679.3788054125500,0.4609292455891100,0.3585124605267448+0.28969740262281524i,3.1542512781616e-8+0.0i
rscan_3301515.out:harminv0:,0.35968267940698000,-0.002360707198797840,76.18112902568880,0.1670388342123920,-0.0762593085653067-0.14861524145314434i,2.0118365155763577e-5+0.0i
rscan_3301516.out:harminv0:, frequency, imag. freq., Q, |amp|, amplitude, error
rscan_3301516.out:harminv0:,0.311386703442041,-0.00265341825958051,58.67652080815740,0.030955133260078100,-0.030953576697665373+3.1042675616123805e-4i,8.053983796805101e-5+0.0i
rscan_3301516.out:harminv0:,0.32371662419693300,-0.0024128146463856200,67.08277916868960,0.11020725232706000,-0.019029499571963752+0.10855190745224542i,3.4515266814926894e-5+0.0i
rscan_3301516.out:harminv0:,0.32377391913162400,-3.54947886688825E-04,456.0865570323420,0.02377148839854480,0.02038860687654984-0.01222245353092628i,8.967701501787032e-6+0.0i
rscan_3301516.out:harminv0:,0.32930351599167300,-9.76519888414813E-05,1686.1075739390900,0.05342478066876540,0.04694584539252463-0.025500878217952782i,1.5091501798718249e-6+0.0i
rscan_3301516.out:harminv0:,0.34102032156453500,-1.23848120133965E-04,1376.768259363390,0.15568469151981900,0.06294322286596152+0.14239337719454204i,4.86247285187126e-7+0.0i
rscan_3301516.out:harminv0:,0.3497331024509200,-0.002395354754948340,73.00236044962430,9.04686971132251E-04,4.783695598522132e-4+7.678678792235329e-4i,2.8538563317235746e-4+0.0i
rscan_3301516.out:harminv0:,0.35496776478134800,-4.48281544670579E-04,395.9205648787040,0.058060292306764100,0.018822270901771722-0.05492467260573525i,2.1671556570841998e-7+0.0i
rscan_3301516.out:harminv0:, frequency, imag. freq., Q, |amp|, amplitude, error
rscan_3301516.out:harminv0:,0.3211752490093130,-0.001432728387216860,112.08518372181100,0.019657498043427200,0.019392507985268544-0.003216809501453161i,2.9133719801664856e-4+0.0i
rscan_3301516.out:harminv0:,0.3238027687609380,-4.43878687718981E-04,364.74241467292200,0.08332978280576430,-0.023758240937307138+0.07987113802883186i,1.0111717655071151e-5+0.0i
rscan_3301516.out:harminv0:,0.3296511547630010,-6.10911044578215E-05,2698.0290967779000,0.1589464986617000,-0.15889322237195633-0.004115011673121653i,1.3939036549647528e-5+0.0i
rscan_3301516.out:harminv0:,0.33695389182339100,-0.003062124620913840,55.019624205045100,0.028871852360257300,0.004368008179805609+0.02853952282806501i,2.94358884827231e-4+0.0i
rscan_3301516.out:harminv0:,0.34091287350611100,-9.17195441395453E-05,1858.4527251216700,0.4117504763759330,-0.14854847310716998-0.38402058009088i,1.4107450686583544e-8+0.0i
rscan_3301516.out:harminv0:,0.35514567527003500,-4.58937973443817E-04,386.9212135629820,0.026118544922490700,0.006227957387762033-0.025365151993323117i,4.695194204210385e-6+0.0i
rscan_3301516.out:harminv0:, frequency, imag. freq., Q, |amp|, amplitude, error
rscan_3301516.out:harminv0:,0.32249037094341500,-0.001250683740551320,128.92562703392000,0.030214405689449100,0.004042189410223012-0.02994279572682712i,1.842936988423033e-5+0.0i
rscan_3301516.out:harminv0:,0.32355844084612700,-4.9952474356006E-04,323.8662799165470,0.09333382939722130,-0.003345124855302463-0.09327386477278642i,1.272639633916784e-6+0.0i
rscan_3301516.out:harminv0:,0.3409663562459230,-1.13804323911128E-04,1498.0377920973800,0.7029232861957540,0.2729710992227404+0.6477560692616989i,1.5327184159126357e-9+0.0i
rscan_3301516.out:harminv0:,0.3550959043637380,-4.92524415708084E-04,360.485585118892,0.04085406803817150,0.008421553495163997-0.039976647082961295i,1.1898854271047498e-6+0.0i
rscan_3301516.out:harminv0:, frequency, imag. freq., Q, |amp|, amplitude, error
rscan_3301516.out:harminv0:,0.3240071589786780,-0.0011358009756364300,142.6337738427830,0.24391579610789000,0.15911508824391102-0.18487104771726157i,3.5913393964266594e-6+0.0i
rscan_3301516.out:harminv0:,0.32929732250196300,-9.53910582148598E-05,1726.0387328980600,0.35428786835908000,0.3094333253271047-0.17254248996531552i,3.9939633839756025e-8+0.0i
rscan_3301516.out:harminv0:,0.3410563958826460,-4.30218092249073E-05,3963.7616598094200,0.06873539470092570,-0.061183801640828574-0.031322466401415276i,3.8240357226537874e-5+0.0i
rscan_3301516.out:harminv0:,0.36370281476722800,0.001140237840655140,-159.48550460238100,3.78656397554743E-05,1.0989389547186223e-5+3.623589368942834e-5i,3.3406854681273244e-4+0.0i
rscan_3301516.out:harminv0:, frequency, imag. freq., Q, |amp|, amplitude, error
rscan_3301516.out:harminv0:,0.3261336292682660,-0.002816355435747510,57.89994137968320,0.3047076130976260,-0.18546151754448384+0.24176590948632437i,1.0279219694652261e-4+0.0i
rscan_3301516.out:harminv0:,0.32930478966857900,-1.15046909103514E-04,1431.17617080997,0.563812217789991,0.497673579027857-0.26496268731063166i,7.087832147527964e-7+0.0i
rscan_3301516.out:harminv0:,0.3360664198770820,7.47096546477398E-04,-224.91498686592400,4.9461529809662E-04,-4.912549285727058e-4-5.7557695091392245e-5i,4.209074950882459e-4+0.0i
rscan_3301516.out:harminv0:,0.34096139313704000,-1.12020387696928E-04,1521.8720455579600,0.572447145587399,0.22369562745509375-0.5269307361965447i,8.007465084287756e-8+0.0i
rscan_3301516.out:harminv0:,0.35506768021677400,-4.63265026217771E-04,383.2230582088710,0.0825851645105673,-0.02016813550348521+0.08008467835703983i,3.6023845180604633e-6+0.0i
rscan_3301516.out:harminv0:, frequency, imag. freq., Q, |amp|, amplitude, error
rscan_3301516.out:harminv0:,0.32714179921629500,-0.001460003112762490,112.03462388422800,0.08454480901486890,0.04951458750342852+0.06852831791110868i,5.771360142533887e-5+0.0i
rscan_3301516.out:harminv0:,0.3293261234121340,-1.23887929806083E-04,1329.1291731471200,0.4408461172524870,0.3964746819897905-0.1927514607926168i,2.532280754746958e-6+0.0i
rscan_3301516.out:harminv0:,0.34093601679390500,-1.23033352922851E-04,1385.5430608629000,0.40633968799711500,0.16351401482962064+0.3719880495337071i,1.3818157567369966e-6+0.0i
rscan_3301516.out:harminv0:,0.355432721580369,-2.25241611028429E-04,789.0032395823780,0.0115288423630385,-0.009241588498796428+0.006892550199360519i,3.5131135821463275e-5+0.0i
rscan_3301684.out:harminv0:, frequency, imag. freq., Q, |amp|, amplitude, error
rscan_3301684.out:harminv0:,0.31060757960789600,-0.0019772669412540600,78.54467526041190,0.00996309364099953,-0.009432927786276126+0.003206728594412855i,9.514237100792729e-5+0.0i
rscan_3301684.out:harminv0:,0.32625837026153,-1.10699644450796E-04,1473.6197748428400,0.03497163540309690,0.03430504384252738+0.006795531600207386i,1.2243031524387482e-4+0.0i
rscan_3301684.out:harminv0:,0.3283608045695070,-7.27579455598175E-04,225.65288371120100,0.018473432539801200,-0.008954743440585871-0.016157978825208044i,3.519519424966902e-4+0.0i
rscan_3301684.out:harminv0:,0.33979233534953800,-1.57145060326509E-04,1081.1422727622900,0.15653256785766100,-0.008280179889687975+0.1563134140792386i,4.293849446753303e-6+0.0i
rscan_3301684.out:harminv0:,0.3539578952953680,-3.3745848428675E-04,524.4465790265890,0.05546534078970260,0.03630503126763976-0.04193266904900691i,4.398130130921881e-6+0.0i
rscan_3301684.out:harminv0:, frequency, imag. freq., Q, |amp|, amplitude, error
rscan_3301684.out:harminv0:,0.3220777604017500,-7.12562387927182E-04,225.99969199796100,0.11989560977894200,-0.07523233306297379+0.09335444984662487i,2.8207959546870467e-6+0.0i
rscan_3301684.out:harminv0:,0.32642780309333500,-2.03941205751632E-04,800.2987966317900,0.16222311347665200,-0.13387826470578407-0.0916130382938304i,7.950242354380793e-7+0.0i
rscan_3301684.out:harminv0:,0.33537319842905400,-0.0011488572564016100,145.9594725803860,0.06283056516658770,0.054538705807050246-0.031196305679436476i,1.20871064608062e-5+0.0i
rscan_3301684.out:harminv0:,0.33968972187362100,-1.11763365049703E-04,1519.6827767424400,0.3377495089390170,0.04228099402662288-0.33509259665451885i,2.3541632395562625e-7+0.0i
rscan_3301684.out:harminv0:,0.3541117494108620,-3.22454303612188E-04,549.088266839737,0.027772921564358600,0.01682890795629466-0.02209350649441088i,5.893155539522325e-6+0.0i
rscan_3301684.out:harminv0:, frequency, imag. freq., Q, |amp|, amplitude, error
rscan_3301684.out:harminv0:,0.315389372026858,-0.002513882171944540,62.72954547087990,0.023794435878848000,-0.009210843093527961-0.02193936070853058i,9.869076181170094e-6+0.0i
rscan_3301684.out:harminv0:,0.3219280459437510,-6.7889981008889E-04,237.0954013830110,0.10117289115171700,0.050993729529704684-0.08738188286280255i,2.589233630356867e-7+0.0i
rscan_3301684.out:harminv0:,0.3397433532344300,-1.36477825958101E-04,1244.6833426945500,0.5937000696762250,-0.05578262126973294-0.5910736602977937i,6.493276623462932e-8+0.0i
rscan_3301684.out:harminv0:,0.3541127123098320,-3.77991084820214E-04,468.4141062192780,0.029823678024497700,0.017743219003231208-0.023971440305335837i,4.886842287940691e-7+0.0i
rscan_3301684.out:harminv0:, frequency, imag. freq., Q, |amp|, amplitude, error
rscan_3301684.out:harminv0:,0.31152405080021200,-0.0017997602516813900,86.54598591928440,0.003983245454973220,-9.866569397228412e-4-0.003859112908151509i,3.1233539585212026e-5+0.0i
rscan_3301684.out:harminv0:,0.32216329963251000,-7.05483279828117E-04,228.32809000874000,0.10777914146111900,0.07954884608745791-0.07272086647070346i,7.053804439135433e-7+0.0i
rscan_3301684.out:harminv0:,0.32644615556917500,-1.91847621295151E-04,850.7954212967530,0.31818861793587400,0.25652456314753125+0.18825287537222304i,8.93569831009942e-8+0.0i
rscan_3301684.out:harminv0:,0.33975762823952300,6.29305756980079E-05,-2699.463849416820,0.03986432094779250,-0.03982529532860058-0.0017635012385457233i,2.7258655678008513e-5+0.0i
rscan_3301684.out:harminv0:,0.34002155205532100,-3.21954529629686E-04,528.0583448327550,0.05517349559774560,0.03813039672722847-0.039877154636440815i,3.0140303210110688e-5+0.0i
rscan_3301684.out:harminv0:,0.3472983778684510,-0.002557102281104360,67.90858160715790,0.0029182813132633800,-0.0022749116158116527-0.0018278793624272533i,1.1817108149224818e-4+0.0i
rscan_3301684.out:harminv0:,0.35399994540053700,-2.17090266187337E-04,815.3289219680040,0.0023515816452201600,0.0016186730571131592-0.0017058234868568022i,1.3423780342570553e-5+0.0i
rscan_3301684.out:harminv0:, frequency, imag. freq., Q, |amp|, amplitude, error
rscan_3301684.out:harminv0:,0.31313120691829100,-0.0024182293111909600,64.74390279474280,0.009915939763846390,-7.430978530787578e-4+0.009888056784878394i,4.213808459032391e-5+0.0i
rscan_3301684.out:harminv0:,0.3212389078086900,0.0020027960084429600,-80.19761035434460,3.5732377587932E-04,-3.3587754389213917e-4+1.2192848853995723e-4i,3.211541699350829e-4+0.0i
rscan_3301684.out:harminv0:,0.32644571942835200,-1.87325968405705E-04,871.3306601499760,0.4758627410536520,0.3843098171185646+0.2806266430497835i,1.3455372386943212e-6+0.0i
rscan_3301684.out:harminv0:,0.33974904340282100,-1.30621055240987E-04,1300.514081654020,0.5035414667846930,-0.04319098673495668+0.5016857058323874i,1.6922591565382703e-7+0.0i
rscan_3301684.out:harminv0:,0.35407347209159800,-3.75544256941926E-04,471.41377553585000,0.0837894579205393,-0.05359740785910721+0.0644048998865951i,2.789370302179227e-7+0.0i
rscan_3301684.out:harminv0:, frequency, imag. freq., Q, |amp|, amplitude, error
rscan_3301684.out:harminv0:,0.32188958633284900,-4.85965538909497E-04,331.18560943144900,0.021528852536140200,0.0011359182490105696+0.021498864650358565i,9.999587073365969e-5+0.0i
rscan_3301684.out:harminv0:,0.32642651810498500,-2.36016034803187E-04,691.5346204701540,0.4028724016010290,0.332035377108888-0.22816371385463477i,6.898406295101577e-8+0.0i
rscan_3301684.out:harminv0:,0.33972721795920100,-1.29628125424926E-04,1310.3916177355900,0.323835452129788,-0.036265728897080275+0.3217983793676837i,4.274757011743805e-7+0.0i
rscan_3301684.out:harminv0:,0.354015919076362,-3.59098974510192E-04,492.92248684257200,0.02076565778615710,-0.01341725821354039+0.015848966064793336i,4.502387783562096e-6+0.0i
rscan_3301685.out:harminv0:, frequency, imag. freq., Q, |amp|, amplitude, error
rscan_3301685.out:harminv0:,0.3181120528720750,-0.002612457314874900,60.88368431147140,0.3385101653871980,-0.31001474447202265-0.13594112799449165i,3.033977587749906e-4+0.0i
rscan_3301685.out:harminv0:,0.32495910872099300,-9.04532021982077E-04,179.62830547940100,0.11845227144047200,-0.026368424673577348-0.11548007096309396i,2.0255005880626774e-6+0.0i
rscan_3301685.out:harminv0:,0.3384173416746210,-2.19375647362948E-04,771.3193003476890,0.14660804165713400,-0.09323631624401062+0.11314109426634893i,9.043316275994216e-7+0.0i
rscan_3301685.out:harminv0:,0.3529803270373360,-2.72049753902544E-04,648.7422281657040,0.05385007449510890,0.04834282547452268-0.023723443010419516i,1.2670140104486667e-6+0.0i
rscan_3301685.out:harminv0:, frequency, imag. freq., Q, |amp|, amplitude, error
rscan_3301685.out:harminv0:,0.31986800120676400,-0.0012364142945427100,129.35308278891500,0.14005913732068100,-0.07460471782564038+0.11853564031619314i,2.3775012184776731e-4+0.0i
rscan_3301685.out:harminv0:,0.32039432854777200,4.50417788850738E-04,-355.66349340383900,0.006586505560591990,-3.616681704458852e-4+0.006576568378280239i,3.2662891518485366e-4+0.0i
rscan_3301685.out:harminv0:,0.3246867887277150,-2.59370220954009E-04,625.9137759405460,0.14579283684036100,-0.036607806137146974-0.14112200325883031i,1.7493526683306187e-6+0.0i
rscan_3301685.out:harminv0:,0.332448482534239,-0.0029529937434919200,56.29007566760330,0.016204987345252500,0.016160249080887017+0.001203313967127567i,3.790651404784929e-5+0.0i
rscan_3301685.out:harminv0:,0.3382918027482880,-1.51505928056704E-04,1116.430911606560,0.24937974747028400,0.17132440474411853+0.18121315290953882i,1.0704276959108917e-7+0.0i
rscan_3301685.out:harminv0:,0.353103312223658,-2.8143146669917E-04,627.3344561734810,0.03297659835496590,0.028844466164182847-0.015982891189270227i,2.1212423708703254e-7+0.0i
rscan_3301685.out:harminv0:, frequency, imag. freq., Q, |amp|, amplitude, error
rscan_3301685.out:harminv0:,0.30708742298023000,-0.0012024787926636400,127.68933009620700,4.36298138577202E-04,-1.788135442920216e-4-3.9797208709111326e-4i,9.716441942689178e-5+0.0i
rscan_3301685.out:harminv0:,0.3203512186496000,-7.42848850062239E-04,215.62341963830100,0.07209689890225140,0.05794083822651577-0.042904802725687856i,5.70918750683502e-7+0.0i
rscan_3301685.out:harminv0:,0.3359389696087180,-8.95270539077746E-04,187.61868895785500,0.015323449695042300,-0.014075441356205745-0.00605723213889843i,3.494582252371834e-6+0.0i
rscan_3301685.out:harminv0:,0.3383405785748060,-2.10579080259577E-04,803.3575276274850,0.48816630544238800,-0.3188498377153393+0.36965000034921164i,2.653467751739741e-8+0.0i
rscan_3301685.out:harminv0:,0.3531939674781140,-2.98471320072237E-04,591.6715337886280,0.019653287324192800,0.01749877430975919-0.008946764795354145i,1.6431480886679026e-6+0.0i
rscan_3301685.out:harminv0:, frequency, imag. freq., Q, |amp|, amplitude, error
rscan_3301685.out:harminv0:,0.3051093542066340,0.0010417174085530300,-146.44535634210000,4.91151973512618E-05,4.0255613911788864e-5+2.8138730593940957e-5i,4.7996814358615457e-4+0.0i
rscan_3301685.out:harminv0:,0.32049846867984400,-8.95060071707906E-04,179.03740699117900,0.12870420608103800,0.12160066329109759-0.04216694617962639i,6.502579311643722e-7+0.0i
rscan_3301685.out:harminv0:,0.32468286928604200,-2.78290635846779E-04,583.3521280694580,0.30697221104585500,0.07657462350078886+0.29726800263414416i,2.7978315621600957e-8+0.0i
rscan_3301685.out:harminv0:,0.33874193200270400,1.56564190740947E-04,-1081.798878784460,0.021194066872422300,0.005671195634265703-0.02042121472074059i,3.5987732224958704e-7+0.0i
rscan_3301685.out:harminv0:,0.35309654592340300,-4.58027429124327E-04,385.45349412639500,0.0023467836089864900,-0.001835612435363386+0.0014621628823585182i,1.4201106906025218e-6+0.0i
rscan_3301685.out:harminv0:, frequency, imag. freq., Q, |amp|, amplitude, error
rscan_3301685.out:harminv0:,0.30886787772344200,4.69536073477252E-04,-328.90750590902800,2.39801801563112E-04,2.3673922799485452e-4-3.820264338124401e-5i,0.00206471922368183+0.0i
rscan_3301685.out:harminv0:,0.3112657047075470,-0.0021735454492867000,71.60321970946050,0.010764764661821900,-0.007508794584551221+0.007713505176728855i,2.8091997582442005e-4+0.0i
rscan_3301685.out:harminv0:,0.32470880842100300,-2.52872156626293E-04,642.0414425081880,0.4315988215166540,0.08970586756861648+0.4221734241497515i,1.7629949505747267e-6+0.0i
rscan_3301685.out:harminv0:,0.338372240908385,-2.07369964454275E-04,815.8660821466180,0.4469047821897920,-0.2873978360971079+0.34223729801236685i,2.99036283136549e-7+0.0i
rscan_3301685.out:harminv0:,0.3530694260154410,-2.73760212235525E-04,644.851607785291,0.08121665613314970,-0.07178544794138655+0.037986770029903305i,2.0203126283638893e-7+0.0i
rscan_3301685.out:harminv0:, frequency, imag. freq., Q, |amp|, amplitude, error
rscan_3301685.out:harminv0:,0.313923277945965,-7.76228101484855E-04,202.21071444428400,1.21222706080759E-04,4.414424459549557e-5-1.1289920344553035e-4i,1.76190306738135e-4+0.0i
rscan_3301685.out:harminv0:,0.3246487848980970,-2.83845704980383E-04,571.8754576901820,0.36159449821935500,0.1117560608331085+0.3438912095555419i,6.927052418024664e-7+0.0i
rscan_3301685.out:harminv0:,0.33835520630556500,-2.25249645257927E-04,751.0671235866400,0.26159920471970500,-0.1911161712246943-0.1786302130279064i,2.514448159077642e-7+0.0i
rscan_3301685.out:harminv0:,0.34658668957647500,-0.0017735393461895500,97.71045968647830,6.89360027824922E-04,-7.419201132722236e-5-6.853559611019655e-4i,3.7885942059845564e-4+0.0i
rscan_3301685.out:harminv0:,0.3530460151470590,-2.59991085363092E-04,678.9579239880670,0.023125403404980600,-0.020876814990402122+0.0099470034934955i,9.77868611915835e-7+0.0i
rscan_3301686.out:harminv0:, frequency, imag. freq., Q, |amp|, amplitude, error
rscan_3301686.out:harminv0:,0.305535797746901,-0.0028463840926368400,53.670865878093300,0.017841159770288900,-0.010050980140940366-0.014740582761729498i,4.623716301506658e-4+0.0i
rscan_3301686.out:harminv0:,0.3233016808064770,-8.52949324941157E-04,189.5198644003740,0.09434834695580800,-0.054088197074594016+0.07730509369060617i,3.7224396368924266e-6+0.0i
rscan_3301686.out:harminv0:,0.3373195929265160,-3.52838607038758E-04,478.00833893648000,0.1400586196050880,-0.13150250116755535+0.04820279154115206i,2.1785614017988667e-6+0.0i
rscan_3301686.out:harminv0:,0.3521076755352420,-2.79270209404702E-04,630.4067954219000,0.052709426700444600,0.05001524174048789-0.016636082974369425i,8.749851923090952e-5+0.0i
rscan_3301686.out:harminv0:,0.35328061189203200,-0.0017533596762239200,100.74390801916600,0.034852388330814500,-0.026165278471596474-0.023023187765070723i,0.0013069028188958385+0.0i
rscan_3301686.out:harminv0:, frequency, imag. freq., Q, |amp|, amplitude, error
rscan_3301686.out:harminv0:,0.3107174385439110,-0.00277899924206282,55.90455618715260,0.023886609666161400,-0.0194823348883849+0.013820591472161277i,4.402845779250731e-5+0.0i
rscan_3301686.out:harminv0:,0.3196633451200200,-6.88374306211831E-04,232.1871561993280,0.07729124718881520,-0.06645842365744903-0.03946156125864199i,1.8073442187487738e-5+0.0i
rscan_3301686.out:harminv0:,0.3210377596502980,-0.0017646376919859300,90.96421353467780,0.0742102940118937,-0.06533318102843762+0.035195783753698466i,1.5895174091581224e-4+0.0i
rscan_3301686.out:harminv0:,0.3232678080818490,-3.23179849390074E-04,500.13608319321500,0.12786399015431400,0.05088422662888206-0.11730300703120589i,6.392155524042049e-6+0.0i
rscan_3301686.out:harminv0:,0.3371806501394940,-3.16728457818917E-04,532.2866351533690,0.21473109333904300,0.20667602060751572+0.05826203697453899i,2.0689590499341964e-7+0.0i
rscan_3301686.out:harminv0:,0.3523049866978880,-2.34841492140546E-04,750.0910156179800,0.031141292741455800,0.0307118985055083-0.00515358164739897i,4.083079320499931e-8+0.0i
rscan_3301686.out:harminv0:, frequency, imag. freq., Q, |amp|, amplitude, error
rscan_3301686.out:harminv0:,0.3115835219256890,-0.002085295010646780,74.7096982285129,0.0029112445513344600,-5.523612957957222e-4+0.002858363489233214i,1.955874427220885e-5+0.0i
rscan_3301686.out:harminv0:,0.31921386628489900,-8.58523746941036E-04,185.90858285648700,0.06430588420105220,0.06270843103650513-0.01424427673906329i,3.3892106489421477e-6+0.0i
rscan_3301686.out:harminv0:,0.3372447892639370,-3.4013059571799E-04,495.7577964311610,0.405162588788219,-0.389205745243451+0.11258601699616767i,1.0222443844212917e-7+0.0i
rscan_3301686.out:harminv0:,0.3523867970057060,-2.32140159403174E-04,758.9957677113770,0.011323450515954000,0.010975474761069148-0.0027855852807610257i,4.9008832320394684e-8+0.0i
rscan_3301686.out:harminv0:, frequency, imag. freq., Q, |amp|, amplitude, error
rscan_3301686.out:harminv0:,0.31189451487616600,-0.002446170754184070,63.75158282443760,0.011805099243489700,-0.0031866164931693987-0.011366874833220533i,9.913301970017322e-6+0.0i
rscan_3301686.out:harminv0:,0.31433483052175600,0.001521840808288410,-103.27454383198100,2.97766686761868E-05,1.4543622034752706e-5+2.5983322642834967e-5i,6.416575885405663e-5+0.0i
rscan_3301686.out:harminv0:,0.3193310734425500,-8.91734471343692E-04,179.0505378587490,0.11468363183695800,0.11380065952223072+0.014203707389986024i,1.1972110263549946e-7+0.0i
rscan_3301686.out:harminv0:,0.32320864967172600,-3.73959567743827E-04,432.1438432792450,0.2979306645081980,-0.09095235168243834+0.2837082138002541i,1.6784006126966667e-8+0.0i
rscan_3301686.out:harminv0:,0.3377629709193270,-7.53896420793625E-05,2240.115230708780,0.01862256423033010,0.016379833920097515-0.008860075578841933i,5.174315267569632e-7+0.0i
rscan_3301686.out:harminv0:,0.3522654975382920,-2.26437376039345E-04,777.8430922046270,0.004467840417707820,-0.004399054840814308+7.80970233499214e-4i,3.1312167649744094e-6+0.0i
rscan_3301686.out:harminv0:, frequency, imag. freq., Q, |amp|, amplitude, error
rscan_3301686.out:harminv0:,0.32326044918790900,-3.69721089984495E-04,437.1679868214520,0.42605426400830400,-0.17134080420561032+0.3900827664660825i,3.256063684022535e-7+0.0i
rscan_3301686.out:harminv0:,0.33728605625469500,-3.57064826497395E-04,472.3036704052910,0.40929073886686700,-0.388116961409004+0.12993895947262274i,7.237645176608371e-8+0.0i
rscan_3301686.out:harminv0:,0.35227095450392300,-2.35291335248406E-04,748.5846304795230,0.07455440939988170,-0.0736788927276067+0.011392134453165335i,6.115982538270933e-7+0.0i
rscan_3301686.out:harminv0:, frequency, imag. freq., Q, |amp|, amplitude, error
rscan_3301686.out:harminv0:,0.31982844392129400,-6.44246644381012E-04,248.21894433659300,0.05417238640186170,-0.04343763330636013-0.03237003956152673i,9.2962237136235e-6+0.0i
rscan_3301686.out:harminv0:,0.3231938679849230,-3.41915979249544E-04,472.62176616355700,0.3150582570262370,-0.08328237311708844+0.3038515289551734i,6.843745690022098e-7+0.0i
rscan_3301686.out:harminv0:,0.33571051635611600,-0.0015396957846105700,109.01845666903100,0.03434701652502200,-0.03335323771264006-0.008202382474272704i,1.376309655734009e-4+0.0i
rscan_3301686.out:harminv0:,0.33715915252473300,-2.88552024501742E-04,584.2259348325880,0.19094708400522300,-0.18261753806538847-0.05578192969980667i,2.0021950020234017e-7+0.0i
rscan_3301686.out:harminv0:,0.35223299976293400,-2.31368325885521E-04,761.1953762789800,0.023980157192063200,-0.02366548507957888+0.003872047895402553i,2.536949016990396e-6+0.0i
rscan_3301687.out:harminv0:, frequency, imag. freq., Q, |amp|, amplitude, error
rscan_3301687.out:harminv0:,0.32205027760230400,-0.0010154190271641800,158.57998963330000,0.10971262449312000,-0.07539185951158821+0.07970525385790689i,1.4247680502805433e-6+0.0i
rscan_3301687.out:harminv0:,0.33657731885646800,-5.20521554562699E-04,323.30776305626100,0.1363156633028200,-0.13608729383241042+0.007887237733127377i,4.4302408909542103e-7+0.0i
rscan_3301687.out:harminv0:,0.35163041563961200,-1.86199812802946E-04,944.2287034191050,0.03928067993005570,0.039085179467325384+0.003914148920831498i,1.923396093217914e-7+0.0i
rscan_3301687.out:harminv0:, frequency, imag. freq., Q, |amp|, amplitude, error
rscan_3301687.out:harminv0:,0.318229116076607,-8.17736747147059E-04,194.5791950691060,0.0666612311236422,-0.06057026522850264-0.02783815196934752i,2.1680886832099496e-6+0.0i
rscan_3301687.out:harminv0:,0.32208667621911600,-4.44075366949518E-04,362.6486630317090,0.1300109924873370,0.08914516945222213-0.09463612909918236i,1.0578924668129401e-6+0.0i
rscan_3301687.out:harminv0:,0.3364940156244300,-4.33050822651395E-04,388.5156175945040,0.17345276508505800,0.1719624867682205+0.02268843009425446i,5.953628944220702e-7+0.0i
rscan_3301687.out:harminv0:,0.35173874601867400,-2.07463684631644E-04,847.7116046675690,0.025854634584411300,0.025811646080234986+0.0014903208118136255i,2.0554897492713404e-7+0.0i
rscan_3301687.out:harminv0:, frequency, imag. freq., Q, |amp|, amplitude, error
rscan_3301687.out:harminv0:,0.3139812618615980,-5.51555741814244E-04,284.6323934810410,9.08436977871974E-04,-9.07554565583989e-4-4.0030653914505004e-5i,1.0516921636672938e-4+0.0i
rscan_3301687.out:harminv0:,0.33652780748856000,-5.07276836302829E-04,331.7003492030760,0.3759056135137690,-0.3743310870546004-0.03436957281788715i,2.6876607037629034e-7+0.0i
rscan_3301687.out:harminv0:,0.3451994773570900,-2.12378107246932E-04,812.7002397561780,0.001988449267668890,-0.0013107878239579343+0.0014952477288585168i,3.231344994899233e-5+0.0i
rscan_3301687.out:harminv0:,0.35172579077000100,-2.09906322479929E-04,837.8160948525820,0.008837408485706170,0.008614283124601888-0.0019733005327193733i,9.23338661280209e-6+0.0i
rscan_3301687.out:harminv0:, frequency, imag. freq., Q, |amp|, amplitude, error
rscan_3301687.out:harminv0:,0.31141802045389300,-0.001092621145674900,142.50960714362500,0.002391082378907390,5.179554352504084e-4-0.002334308700625518i,8.651274957135041e-5+0.0i
rscan_3301687.out:harminv0:,0.31875384232425600,-2.4992667066672E-04,637.6947315665210,0.03777073636908660,0.027722017136702373-0.025653816319125375i,8.206546282798842e-7+0.0i
rscan_3301687.out:harminv0:,0.32209170876512200,-4.57964351851904E-04,351.6558739371930,0.28293564649973200,-0.1950150507369711+0.2049919755655764i,2.2101593127634618e-7+0.0i
rscan_3301687.out:harminv0:,0.33709353442565300,-3.28898730100629E-04,512.457944611882,0.016785968383024700,0.01675927022380183-9.463594039765344e-4i,1.0139239729764465e-6+0.0i
rscan_3301687.out:harminv0:,0.3517309119714820,-1.72742883073647E-04,1018.0764200326700,0.004153136183529840,-0.004121651640766968-5.104193482889818e-4i,2.1019808810973833e-6+0.0i
rscan_3301687.out:harminv0:, frequency, imag. freq., Q, |amp|, amplitude, error
rscan_3301687.out:harminv0:,0.3192786282214720,-5.81080383835831E-04,274.7284516075450,0.01643949182918450,-0.004183862729274604+0.01589818179114861i,1.1295819412549962e-5+0.0i
rscan_3301687.out:harminv0:,0.3221222945185650,-4.90383597325251E-04,328.43909979406800,0.42679827674680800,-0.3193744575096821+0.28311963005846325i,5.209426248082196e-7+0.0i
rscan_3301687.out:harminv0:,0.3365646530969340,-5.2165522666017E-04,322.5930038617130,0.38358637575249100,-0.3835429779599751-0.005769897791589908i,2.2722700972540223e-7+0.0i
rscan_3301687.out:harminv0:,0.3516907911735790,-2.13108176764506E-04,825.1461687512190,0.06220500699699180,-0.06212465617418796-0.0031606946601540503i,4.3559621497258667e-7+0.0i
rscan_3301687.out:harminv0:, frequency, imag. freq., Q, |amp|, amplitude, error
rscan_3301687.out:harminv0:,0.31841368523019300,-0.002209135083493190,72.06749999341430,0.8462295059112610,-0.7017395324593302-0.4729334046761521i,3.899201372051451e-5+0.0i
rscan_3301687.out:harminv0:,0.3220861674208010,-4.26854937278396E-04,377.27824993006400,0.28722606338220900,-0.19589521554369213+0.2100568399579776i,4.304550619502231e-7+0.0i
rscan_3301687.out:harminv0:,0.3338279848082820,-7.95139457491025E-04,209.91788400341700,0.005560516406140950,-0.0022775271432438154+0.005072692856338768i,1.081638155577689e-5+0.0i
rscan_3301687.out:harminv0:,0.33648901397770700,-4.78288882990253E-04,351.76336513822400,0.1789237771757610,-0.17669493730873342-0.028153457484013912i,4.120829351123348e-7+0.0i
rscan_3301687.out:harminv0:,0.35172993396215700,-2.57057843871723E-04,684.1454994419010,0.021589662447874600,-0.021268791206626864-0.0037083750109822822i,1.9203415182720167e-6+0.0i
rscan_3301688.out:harminv0:, frequency, imag. freq., Q, |amp|, amplitude, error
rscan_3301688.out:harminv0:,0.3208303871182710,-0.0010622662150619600,151.01223335976900,0.09538864601327750,-0.04912966821366981+0.081763497292258i,8.261473968122914e-7+0.0i
rscan_3301688.out:harminv0:,0.33500170433931200,-6.68897695923273E-04,250.41325929289700,0.12292663764766900,-0.11376312710157165-0.046571548776403196i,3.3535438191081766e-7+0.0i
rscan_3301688.out:harminv0:,0.35021431584093400,-1.45952150452838E-04,1199.7572997531800,0.03827309498402970,0.03034171551987874+0.023328311104049353i,2.6673544587682115e-7+0.0i
rscan_3301688.out:harminv0:, frequency, imag. freq., Q, |amp|, amplitude, error
rscan_3301688.out:harminv0:,0.3163458047335570,-0.0021105834284580500,74.9427386920859,0.37836504172264600,-0.34855897521594514-0.14719628254201927i,2.030388060151054e-4+0.0i
rscan_3301688.out:harminv0:,0.32098794373413100,-1.48256301468186E-04,1082.544015179730,0.06610547202034250,0.04915206825934997-0.04420415836615916i,4.3147927235328895e-5+0.0i
rscan_3301688.out:harminv0:,0.33485609768862800,-7.50726400757665E-04,223.02139457908800,0.17753452047549500,0.14760978812930745-0.0986400345138067i,4.87071720943514e-7+0.0i
rscan_3301688.out:harminv0:,0.35027196791404400,-1.44631540770653E-04,1210.9114168585200,0.025243045398735300,0.02161739443007027+0.01303455404136927i,1.1669668291319185e-5+0.0i
rscan_3301688.out:harminv0:, frequency, imag. freq., Q, |amp|, amplitude, error
rscan_3301688.out:harminv0:,0.30830171131874900,-0.0020422912553146600,75.47936919292350,0.009253604585067750,5.121290966783458e-4-0.009239422146710377i,1.5617850477206096e-4+0.0i
rscan_3301688.out:harminv0:,0.3239340256343740,-0.0019520879390141000,82.97116619602080,0.008467658825504020,0.001961626951888084+0.00823730937180111i,8.465131455258821e-6+0.0i
rscan_3301688.out:harminv0:,0.33493929787671400,-6.66824023732922E-04,251.1451942010900,0.3449749385750440,-0.2898426491341585-0.18708005502390834i,8.770605335172052e-7+0.0i
rscan_3301688.out:harminv0:,0.3502514917915880,-3.85353601313261E-04,454.45467565108100,0.008782376156435070,0.008569208650494759+0.0019232249107696629i,2.015807523338844e-5+0.0i
rscan_3301688.out:harminv0:, frequency, imag. freq., Q, |amp|, amplitude, error
rscan_3301688.out:harminv0:,0.3166950678306350,-7.57668662399161E-04,208.99311502987300,0.06896184106837890,0.023813015590882006+0.06471998000624511i,1.6782965972693855e-5+0.0i
rscan_3301688.out:harminv0:,0.32120018927525900,-5.55283207661231E-04,289.2219545302890,0.2674874624733280,-0.23765108963646486+0.12276604650725191i,3.428086135069669e-7+0.0i
rscan_3301688.out:harminv0:,0.3347051157393110,-0.0026667176131274400,62.75601025239030,0.15836770413528300,-8.153065912737312e-4-0.15836560544588846i,2.1338558981369196e-4+0.0i
rscan_3301688.out:harminv0:,0.34751136957583100,-0.0010582926615147600,164.18490943631300,0.0013639566414499500,-5.753025103380822e-5-0.0013627428187194441i,5.320673543710632e-5+0.0i
rscan_3301688.out:harminv0:,0.350357365912104,-4.6407812886502E-04,377.4767050205120,0.010738373092971200,-0.007318073033266512-0.00785865534068171i,3.8327636905042245e-6+0.0i
rscan_3301688.out:harminv0:, frequency, imag. freq., Q, |amp|, amplitude, error
rscan_3301688.out:harminv0:,0.2955697093851270,-0.0026523510235250300,55.71843748500320,0.007212400595020830,-0.007134690950828755-0.0010558917459754784i,0.0014613104578020586+0.0i
rscan_3301688.out:harminv0:,0.3212737181905040,-5.90347819893483E-04,272.1054498418160,0.4015964729072360,-0.3804207153122013+0.12868491136448626i,5.431218777457523e-7+0.0i
rscan_3301688.out:harminv0:,0.3349864246038740,-7.11087390209672E-04,235.5451870023310,0.38288650899030000,-0.340271496017616-0.17554881875054812i,5.911571956548934e-7+0.0i
rscan_3301688.out:harminv0:,0.35028266822962800,-1.53663739745149E-04,1139.7700876295600,0.06036567095529860,-0.048841709250931155-0.0354753670499811i,6.703404617746973e-7+0.0i
rscan_3301688.out:harminv0:, frequency, imag. freq., Q, |amp|, amplitude, error
rscan_3301688.out:harminv0:,0.3168669206823920,-9.29804957609926E-04,170.3942951094290,0.0570869302801173,-0.024845427622566262-0.05139671521662444i,3.1484286747634624e-6+0.0i
rscan_3301688.out:harminv0:,0.3203297273062650,-0.0024713148202837800,64.8095751858684,0.09280598397641690,0.09162982597717012+0.014728396152482556i,3.4972719412647405e-5+0.0i
rscan_3301688.out:harminv0:,0.3212500219763310,-5.45304987026279E-04,294.5599523380570,0.27492877642387500,-0.2564966214948164+0.0989712850662943i,8.187371859276283e-7+0.0i
rscan_3301688.out:harminv0:,0.3349129959781570,-6.52774616991579E-04,256.53034543657600,0.16322853381143000,-0.12159456608667227-0.10889589408431843i,8.864339558715723e-8+0.0i
rscan_3301688.out:harminv0:,0.35026856034239900,-1.52871127720674E-04,1145.633467761190,0.023569251303902400,-0.01890062802414712-0.014081046385809922i,1.0463934877528147e-7+0.0i
rscan_3300501.out:harminv0:, frequency, imag. freq., Q, |amp|, amplitude, error
rscan_3300501.out:harminv0:,0.31980265571338200,-0.0012570158776017500,127.20708680447700,0.09572289697152850,-0.07414115570623324+0.060547188499268365i,2.011731396242292e-6+0.0i
rscan_3300501.out:harminv0:,0.33362768866524400,-5.70426775456049E-04,292.43691129200000,0.10108258333867600,-0.0598659222883914-0.08144789747427895i,8.480101224133301e-7+0.0i
rscan_3300501.out:harminv0:,0.3493716728756840,-1.25468390594954E-04,1392.2696833003600,0.03259755544003380,0.017968555889447967+0.027198007646036568i,2.48890659144401e-7+0.0i
rscan_3300501.out:harminv0:, frequency, imag. freq., Q, |amp|, amplitude, error
rscan_3300501.out:harminv0:,0.3073857164257830,-0.002900339004656170,52.99134272447280,0.004030474180454030,-0.003323226586787733+0.002280545367269363i,1.3469799881076354e-4+0.0i
rscan_3300501.out:harminv0:,0.31592103991992600,-0.001564655949395100,100.95543369839900,0.08442301847627180,0.025212440498403457-0.08057033506669437i,9.15951396185792e-6+0.0i
rscan_3300501.out:harminv0:,0.3203310984125190,-6.34783043642486E-04,252.3154183312840,0.1041210859230210,0.10093715081762707+0.025551753728632543i,2.0971673297357895e-6+0.0i
rscan_3300501.out:harminv0:,0.3334848667292410,-5.75893379842458E-04,289.5369858396960,0.11480642250717200,0.04246290758064694+0.10666497142310945i,4.472082287942666e-7+0.0i
rscan_3300501.out:harminv0:,0.3494453238666810,-8.72332315987467E-05,2002.936939640450,0.02202854628521840,0.013165267462442535+0.017661613292175846i,3.503957724046922e-6+0.0i
rscan_3300501.out:harminv0:,0.3592547700491270,-6.60703915637961E-04,271.87274174259900,1.22148715516274E-04,-1.1832973331844718e-4+3.0304833196384486e-5i,1.487787132910479e-4+0.0i
rscan_3300501.out:harminv0:, frequency, imag. freq., Q, |amp|, amplitude, error
rscan_3300501.out:harminv0:,0.31702049285031700,-6.74878279255991E-05,2348.723485365480,0.003429042275642830,-0.0034269796323849284+1.1891815405835042e-4i,9.655072226918058e-6+0.0i
rscan_3300501.out:harminv0:,0.3335773189000370,-6.08456913296108E-04,274.117453192368,0.2891599803595740,-0.12494467525607204-0.26077254910496933i,4.293144956363637e-7+0.0i
rscan_3300501.out:harminv0:,0.34988371117563100,-2.10940681956155E-05,8293.41471571511,0.0017526553223809600,0.0012248807867950324+0.0012535819627015508i,9.548001200749653e-6+0.0i
rscan_3300501.out:harminv0:, frequency, imag. freq., Q, |amp|, amplitude, error
rscan_3300501.out:harminv0:,0.3176976087708510,-3.12538500831192E-04,508.2535558434220,0.025909192693690900,-0.011932481128762435-0.022997872948395393i,2.0447685283078555e-4+0.0i
rscan_3300501.out:harminv0:,0.3202421493402280,-7.66012845767216E-04,209.03184007278800,0.2870368632408350,-0.2857130989882405+0.02753517615112743i,1.2713696835516277e-7+0.0i
rscan_3300501.out:harminv0:,0.3260667344741460,-0.0025877842935570700,63.001142577062800,0.08137610443030890,-0.0053759081111558376-0.08119833732431313i,4.747944809209425e-4+0.0i
rscan_3300501.out:harminv0:,0.3482399388696150,4.40307974044739E-04,-395.45041130033000,3.39032095583467E-04,-2.4091405768777966e-4+2.38543871529172e-4i,1.6973656744975535e-4+0.0i
rscan_3300501.out:harminv0:,0.34970579719513100,-1.93143903574073E-04,905.2985642412850,0.006968618229618590,-9.593510869786428e-4-0.0069022666945059005i,5.101964810227009e-5+0.0i
rscan_3300501.out:harminv0:, frequency, imag. freq., Q, |amp|, amplitude, error
rscan_3300501.out:harminv0:,0.32022161384610000,-7.50964312280653E-04,213.20694513005400,0.39156593373523300,-0.3903499494935081-0.03083500271380347i,1.0085435764128789e-6+0.0i
rscan_3300501.out:harminv0:,0.3336226187297790,-6.28930655442582E-04,265.2300502787600,0.33732918027357700,-0.18110724465757838-0.28458942671255977i,8.559680793940031e-7+0.0i
rscan_3300501.out:harminv0:,0.34942870756714800,-1.4789161548147E-04,1181.3675387531700,0.05476377821756530,-0.031036875977620768-0.04511966017394703i,1.636087014624624e-6+0.0i
rscan_3300501.out:harminv0:, frequency, imag. freq., Q, |amp|, amplitude, error
rscan_3300501.out:harminv0:,0.3128563150648820,-0.0027357012569506700,57.18027768382950,0.006139092238591310,-0.002465468503723752+0.005622269877111756i,1.2824598297213536e-4+0.0i
rscan_3300501.out:harminv0:,0.31600632394303600,-6.4896034185217E-04,243.4712135422140,0.02653375426917700,0.009103388711856808+0.024923250782710994i,1.336794424936691e-6+0.0i
rscan_3300501.out:harminv0:,0.3201811492351390,-6.96035433584519E-04,230.00348386448900,0.26247210056879000,-0.26242354335789475+0.005048511511319355i,5.004945141292438e-6+0.0i
rscan_3300501.out:harminv0:,0.3211627260175770,-0.0014832306034828100,108.26459663906900,0.033039818463762100,0.03274773247978072+0.004383562655086802i,1.602140467522367e-4+0.0i
rscan_3300501.out:harminv0:,0.33352300799331600,-5.82579582239087E-04,286.2467362067970,0.13140683193820400,-0.037090731295783226-0.12606360748439396i,1.4002806180472463e-7+0.0i
rscan_3300501.out:harminv0:,0.34942953484169900,-1.41409072979655E-04,1235.5272808130600,0.022878041498215100,-0.013124147641909278-0.018739304455273182i,4.3319036591175646e-7+0.0i